SEQN,y_true,predicted_risk,y_pred,error_type,confidence_gap,age,sex,survey_cycle
62161,0,0.04013399849837837,0,true_negative,0.44676292601965484,22.0,Male,2011-2012
62172,0,0.0728861621114341,0,true_negative,0.41401076240659906,43.0,Female,2011-2012
62200,0,0.06610957021945162,0,true_negative,0.42078735429858155,42.0,Male,2011-2012
62218,0,0.0310516332715875,0,true_negative,0.4558452912464457,38.0,Female,2011-2012
62223,0,0.19349104533916628,0,true_negative,0.2934058791788669,54.0,Male,2011-2012
62233,0,0.8395734525697727,1,false_positive,0.3526765280517395,63.0,Female,2011-2012
62236,0,0.35185426158253824,0,true_negative,0.13504266293549494,61.0,Male,2011-2012
62256,1,0.9767180199748449,1,true_positive,0.4898210954568117,80.0,Male,2011-2012
62259,0,0.9263992289578389,1,false_positive,0.4395023044398057,61.0,Male,2011-2012
62261,0,0.248943524612719,0,true_negative,0.23795339990531417,47.0,Male,2011-2012
62265,0,0.33565751273194955,0,true_negative,0.15123941178608363,52.0,Male,2011-2012
62266,0,0.3817794930510655,0,true_negative,0.10511743146696767,64.0,Male,2011-2012
62267,0,0.06245647914982292,0,true_negative,0.42444044536821024,27.0,Female,2011-2012
62270,0,0.04939680121768364,0,true_negative,0.43750012330034954,33.0,Female,2011-2012
62275,0,0.04573306543929305,0,true_negative,0.4411638590787401,41.0,Female,2011-2012
62282,0,0.4253456181124369,0,true_negative,0.06155130640559631,57.0,Female,2011-2012
62286,0,0.05133650718928046,0,true_negative,0.4355604173287527,30.0,Male,2011-2012
62288,0,0.07015868188918314,0,true_negative,0.41673824262885006,29.0,Male,2011-2012
62289,0,0.7895949779255302,1,false_positive,0.30269805340749706,71.0,Male,2011-2012
62291,0,0.6389558151170326,1,false_positive,0.1520588905989994,56.0,Male,2011-2012
62297,0,0.06196929286717181,0,true_negative,0.4249276316508614,43.0,Male,2011-2012
62307,0,0.5451951402752983,1,false_positive,0.05829821575726507,61.0,Male,2011-2012
62325,0,0.043386051557417205,0,true_negative,0.443510872960616,43.0,Female,2011-2012
62330,0,0.042677795547052186,0,true_negative,0.444219128970981,33.0,Female,2011-2012
62332,0,0.02899520966839575,0,true_negative,0.45790171484963743,22.0,Male,2011-2012
62359,0,0.5514648165785994,1,false_positive,0.06456789206056618,54.0,Female,2011-2012
62365,0,0.047198031017743065,0,true_negative,0.4396988935002901,37.0,Female,2011-2012
62371,0,0.0709290301742093,0,true_negative,0.41596789434382386,32.0,Male,2011-2012
62384,0,0.37243943362754967,0,true_negative,0.11445749089048352,40.0,Male,2011-2012
62391,0,0.026338534587713285,0,true_negative,0.4605583899303199,40.0,Female,2011-2012
62411,0,0.16715116179725742,0,true_negative,0.31974576272077576,51.0,Female,2011-2012
62413,0,0.869859011250973,1,false_positive,0.3829620867329398,65.0,Male,2011-2012
62418,0,0.9498431727687621,1,false_positive,0.4629462482507289,80.0,Male,2011-2012
62422,0,0.5400995471574628,1,false_positive,0.0532026226394296,72.0,Female,2011-2012
62424,0,0.02454475854220553,0,true_negative,0.4623521659758276,20.0,Male,2011-2012
62434,0,0.1232537966520374,0,true_negative,0.3636431278659958,61.0,Female,2011-2012
62440,0,0.015915958623710248,0,true_negative,0.4709809658943229,22.0,Male,2011-2012
62454,0,0.7069725098849575,1,false_positive,0.22007558536692434,64.0,Female,2011-2012
62457,0,0.4296596721162455,0,true_negative,0.057237252401787675,69.0,Male,2011-2012
62461,0,0.024449238073420164,0,true_negative,0.46244768644461304,29.0,Female,2011-2012
62471,0,0.8769211614892554,1,false_positive,0.3900242369712222,76.0,Female,2011-2012
62472,0,0.021791459978039687,0,true_negative,0.4651054645399935,31.0,Male,2011-2012
62475,0,0.07325121497342384,0,true_negative,0.41364570954460933,22.0,Male,2011-2012
62480,0,0.05723915809637275,0,true_negative,0.4296577664216604,43.0,Male,2011-2012
62482,0,0.0537360191124978,0,true_negative,0.43316090540553537,32.0,Female,2011-2012
62491,0,0.19249982800190024,0,true_negative,0.29439709651613294,61.0,Female,2011-2012
62506,0,0.06824089511997143,0,true_negative,0.41865602939806174,46.0,Female,2011-2012
62523,0,0.04830644171139995,0,true_negative,0.4385904828066332,33.0,Male,2011-2012
62526,0,0.25435885315826634,0,true_negative,0.23253807135976684,62.0,Female,2011-2012
62528,0,0.10945003483562456,0,true_negative,0.37744688968240864,40.0,Male,2011-2012
62532,0,0.41733861846945836,0,true_negative,0.06955830604857483,64.0,Female,2011-2012
62536,0,0.14617084686734239,0,true_negative,0.3407260776506908,46.0,Male,2011-2012
62548,0,0.3910671738776449,0,true_negative,0.09582975064038829,57.0,Male,2011-2012
62552,0,0.03549568636014455,0,true_negative,0.45140123815788863,41.0,Female,2011-2012
62556,0,0.027073503285596393,0,true_negative,0.4598234212324368,31.0,Female,2011-2012
62563,0,0.4347116834648594,0,true_negative,0.05218524105317379,72.0,Female,2011-2012
62577,0,0.5880892897258507,1,false_positive,0.10119236520781755,71.0,Female,2011-2012
62579,0,0.6364657320038023,1,false_positive,0.14956880748576912,78.0,Male,2011-2012
62586,0,0.8881999991593484,1,false_positive,0.40130307464131526,70.0,Male,2011-2012
62587,0,0.7749494725556574,1,false_positive,0.2880525480376242,73.0,Male,2011-2012
62599,0,0.11859604454810498,0,true_negative,0.3683008799699282,50.0,Female,2011-2012
62602,0,0.4195067243692075,0,true_negative,0.06739020014882569,80.0,Female,2011-2012
62613,0,0.020222324941704225,0,true_negative,0.46667459957632895,29.0,Female,2011-2012
62616,0,0.049555224938282835,0,true_negative,0.43734169957975033,37.0,Female,2011-2012
62619,1,0.8542214310197407,1,true_positive,0.3673245065017075,80.0,Male,2011-2012
62633,0,0.2718520750099488,0,true_negative,0.2150448495080844,61.0,Female,2011-2012
62639,0,0.01444672008513406,0,true_negative,0.47245020443289915,26.0,Female,2011-2012
62640,0,0.08730382768946003,0,true_negative,0.39959309682857314,31.0,Female,2011-2012
62644,0,0.6906339147656372,1,false_positive,0.203736990247604,61.0,Male,2011-2012
62649,0,0.8169780549872657,1,false_positive,0.33008113046923254,76.0,Male,2011-2012
62661,0,0.03913223418847098,0,true_negative,0.44776469032956223,35.0,Male,2011-2012
62668,0,0.053918084785978176,0,true_negative,0.432978839732055,33.0,Male,2011-2012
62686,0,0.4525435863131888,0,true_negative,0.034353338204844375,80.0,Female,2011-2012
62690,0,0.04677228439343442,0,true_negative,0.44012464012459873,26.0,Female,2011-2012
62694,0,0.10332922221409487,0,true_negative,0.38356770230393833,37.0,Male,2011-2012
62695,1,0.09384608704889258,0,false_negative,0.3930508374691406,41.0,Female,2011-2012
62701,0,0.027480783056090457,0,true_negative,0.4594161414619427,29.0,Female,2011-2012
62705,0,0.039784128208793304,0,true_negative,0.4471127963092399,30.0,Female,2011-2012
62706,0,0.04792124085645615,0,true_negative,0.438975683661577,39.0,Female,2011-2012
62708,0,0.140035418576726,0,true_negative,0.34686150594130716,52.0,Male,2011-2012
62718,0,0.4252784025449122,0,true_negative,0.061618521973120954,63.0,Male,2011-2012
62720,0,0.3118348164112911,0,true_negative,0.17506210810674205,58.0,Male,2011-2012
62734,0,0.5236851249652926,1,false_positive,0.036788200447259445,52.0,Male,2011-2012
62739,0,0.8082627565897555,1,false_positive,0.32136583207172237,74.0,Male,2011-2012
62759,0,0.023957380485150084,0,true_negative,0.4629395440328831,22.0,Female,2011-2012
62761,0,0.7104439066461955,1,false_positive,0.22354698212816232,68.0,Male,2011-2012
62765,0,0.017745659382569254,0,true_negative,0.4691512651354639,29.0,Female,2011-2012
62768,0,0.02698638500463987,0,true_negative,0.45991053951339333,38.0,Female,2011-2012
62777,0,0.03466333807744153,0,true_negative,0.45223358644059164,28.0,Male,2011-2012
62779,0,0.07226332660578513,0,true_negative,0.4146335979122481,32.0,Male,2011-2012
62795,0,0.23519347095169515,0,true_negative,0.25170345356633805,20.0,Male,2011-2012
62804,0,0.7811523979171239,1,false_positive,0.2942554733990907,69.0,Male,2011-2012
62806,1,0.30842398756331946,0,false_negative,0.17847293695471372,53.0,Male,2011-2012
62809,0,0.10274592456915072,0,true_negative,0.38415099994888247,51.0,Female,2011-2012
62821,0,0.6916852178864045,1,false_positive,0.2047882933683713,56.0,Female,2011-2012
62828,0,0.042309478972857126,0,true_negative,0.44458744554517604,21.0,Female,2011-2012
62836,0,0.03989525771827315,0,true_negative,0.44700166679976006,25.0,Male,2011-2012
62859,0,0.17153528601636744,0,true_negative,0.31536163850166576,53.0,Female,2011-2012
62864,0,0.4401286866070011,0,true_negative,0.04676823791103207,57.0,Female,2011-2012
62868,0,0.09413170458407301,0,true_negative,0.3927652199339602,27.0,Male,2011-2012
62874,0,0.036445251182587055,0,true_negative,0.4504516733354461,33.0,Female,2011-2012
62875,0,0.06671386996055877,0,true_negative,0.4201830545574744,46.0,Female,2011-2012
62893,0,0.03963262743396271,0,true_negative,0.44726429708407045,21.0,Female,2011-2012
62895,0,0.0538744248986754,0,true_negative,0.4330224996193578,33.0,Male,2011-2012
62916,0,0.05408050862981758,0,true_negative,0.4328164158882156,22.0,Male,2011-2012
62927,0,0.7242728214440203,1,false_positive,0.2373758969259871,63.0,Male,2011-2012
62928,0,0.2964526842551385,0,true_negative,0.1904442402628947,43.0,Female,2011-2012
62929,0,0.6630049591388784,1,false_positive,0.17610803462084518,68.0,Male,2011-2012
62930,0,0.01781124417824145,0,true_negative,0.46908568033979176,23.0,Male,2011-2012
62934,0,0.9490873083407799,1,false_positive,0.46219038382274674,60.0,Female,2011-2012
62941,0,0.07953008229262007,0,true_negative,0.4073668422254131,55.0,Female,2011-2012
62952,0,0.04912971273341025,0,true_negative,0.4377672117846229,20.0,Male,2011-2012
62953,0,0.15123145079233388,0,true_negative,0.3356654737256993,44.0,Male,2011-2012
62955,0,0.0312745006008878,0,true_negative,0.45562242391714536,31.0,Female,2011-2012
62958,0,0.7804150673533149,1,false_positive,0.2935181428352817,72.0,Female,2011-2012
62966,0,0.01732431955786125,0,true_negative,0.46957260496017195,21.0,Female,2011-2012
62967,0,0.09353349716277874,0,true_negative,0.3933634273552544,36.0,Male,2011-2012
62974,0,0.1338729510304325,0,true_negative,0.3530239734876007,30.0,Male,2011-2012
62985,0,0.46773558085859246,0,true_negative,0.01916134365944072,68.0,Male,2011-2012
62990,1,0.7795680566499625,1,true_positive,0.29267113213192936,79.0,Male,2011-2012
62991,0,0.09240555519366725,0,true_negative,0.3944913693243659,24.0,Male,2011-2012
63003,0,0.2704207066061842,0,true_negative,0.21647621791184896,40.0,Male,2011-2012
63008,0,0.0446810976484245,0,true_negative,0.4422158268696087,38.0,Male,2011-2012
63013,0,0.6601588779199992,1,false_positive,0.17326195340196598,65.0,Male,2011-2012
63019,0,0.4108032663802929,0,true_negative,0.07609365813774027,65.0,Female,2011-2012
63023,0,0.08736954517833201,0,true_negative,0.39952737933970117,25.0,Male,2011-2012
63033,0,0.1792906879398092,0,true_negative,0.30760623657822395,45.0,Male,2011-2012
63050,0,0.03325950788275618,0,true_negative,0.453637416635277,24.0,Male,2011-2012
63069,0,0.0234114318717454,0,true_negative,0.4634854926462878,20.0,Male,2011-2012
63080,0,0.04217354057138817,0,true_negative,0.444723383946645,34.0,Female,2011-2012
63097,0,0.7279814592943956,1,false_positive,0.24108453477636244,70.0,Male,2011-2012
63107,0,0.21807236371754293,0,true_negative,0.2688245608004902,66.0,Female,2011-2012
63116,0,0.013703453702525997,0,true_negative,0.47319347081550717,34.0,Female,2011-2012
63117,0,0.03415249533464731,0,true_negative,0.45274442918338587,24.0,Male,2011-2012
63123,0,0.2641771745670553,0,true_negative,0.22271974995097787,55.0,Male,2011-2012
63161,0,0.06444733220116007,0,true_negative,0.4224495923168731,37.0,Female,2011-2012
63171,0,0.03930567261133863,0,true_negative,0.4475912519066946,20.0,Male,2011-2012
63172,0,0.6023421115582704,1,false_positive,0.11544518704023726,68.0,Female,2011-2012
63174,0,0.1402942691295669,0,true_negative,0.34660265538846624,47.0,Female,2011-2012
63203,1,0.9139431591902951,1,true_positive,0.42704623467226194,80.0,Female,2011-2012
63206,0,0.09326005999964582,0,true_negative,0.39363686451838736,38.0,Male,2011-2012
63209,0,0.09567112998053728,0,true_negative,0.3912257945374959,39.0,Male,2011-2012
63215,0,0.18397698001284274,0,true_negative,0.30291994450519044,62.0,Female,2011-2012
63216,0,0.17389637011079226,0,true_negative,0.31300055440724095,54.0,Male,2011-2012
63218,0,0.04113164291507065,0,true_negative,0.4457652816029625,35.0,Male,2011-2012
63222,0,0.1692967873894436,0,true_negative,0.3176001371285896,51.0,Female,2011-2012
63242,0,0.47008844794844745,0,true_negative,0.01680847656958573,59.0,Male,2011-2012
63245,0,0.08846265078719139,0,true_negative,0.3984342737308418,40.0,Female,2011-2012
63248,0,0.8612695196309288,1,false_positive,0.3743725951128956,75.0,Male,2011-2012
63251,0,0.7423120207914874,1,false_positive,0.2554150962734542,80.0,Female,2011-2012
63260,0,0.15467895020086467,0,true_negative,0.3322179743171685,42.0,Female,2011-2012
63261,0,0.027386176917664807,0,true_negative,0.45951074760036836,41.0,Female,2011-2012
63262,0,0.3887766310554985,0,true_negative,0.0981202934625347,76.0,Female,2011-2012
63263,0,0.39001817391683896,0,true_negative,0.09687875060119422,53.0,Male,2011-2012
63264,0,0.03058565753715985,0,true_negative,0.4563112669808733,32.0,Male,2011-2012
63296,0,0.04901067104950897,0,true_negative,0.4378862534685242,55.0,Female,2011-2012
63315,0,0.13069741638653534,0,true_negative,0.3561995081314978,54.0,Female,2011-2012
63329,0,0.24122925375526455,0,true_negative,0.24566767076276863,71.0,Female,2011-2012
63333,0,0.2867312473572319,0,true_negative,0.2001656771608013,66.0,Male,2011-2012
63338,0,0.13769036241074367,0,true_negative,0.3492065621072895,31.0,Male,2011-2012
63340,0,0.1945209297240277,0,true_negative,0.29237599479400544,26.0,Male,2011-2012
63341,0,0.19945243806249896,0,true_negative,0.2874444864555342,48.0,Male,2011-2012
63373,0,0.027942197878534993,0,true_negative,0.4589547266394982,29.0,Female,2011-2012
63374,0,0.4552311212877201,0,true_negative,0.031665803230313094,57.0,Male,2011-2012
63380,0,0.8280634156201647,1,false_positive,0.34116649110213154,47.0,Male,2011-2012
63383,0,0.5183846444089759,1,false_positive,0.031487719890942734,51.0,Male,2011-2012
63387,0,0.03610802231607134,0,true_negative,0.4507889022019618,20.0,Male,2011-2012
63388,0,0.04976259762545614,0,true_negative,0.43713432689257703,44.0,Female,2011-2012
63396,0,0.7850078172903978,1,false_positive,0.29811089277236463,80.0,Male,2011-2012
63409,0,0.5078877899320039,1,false_positive,0.020990865413970716,69.0,Female,2011-2012
63414,0,0.014962396776477139,0,true_negative,0.47193452774155603,27.0,Female,2011-2012
63431,0,0.08119209052033124,0,true_negative,0.40570483399770196,34.0,Male,2011-2012
63445,0,0.02989598957548409,0,true_negative,0.4570009349425491,21.0,Female,2011-2012
63449,0,0.0899155660609316,0,true_negative,0.3969813584571016,38.0,Male,2011-2012
63455,0,0.040091625401236404,0,true_negative,0.4468052991167968,30.0,Male,2011-2012
63466,0,0.08778199243716076,0,true_negative,0.39911493208087245,49.0,Male,2011-2012
63478,0,0.45282723915502227,0,true_negative,0.034069685363010915,62.0,Male,2011-2012
63485,0,0.1272788427896892,0,true_negative,0.359618081728344,42.0,Male,2011-2012
63491,0,0.33553023324156006,0,true_negative,0.15136669127647312,56.0,Male,2011-2012
63498,0,0.7970153306987284,1,false_positive,0.31011840618069525,70.0,Female,2011-2012
63507,0,0.14855872268008238,0,true_negative,0.3383382018379508,61.0,Female,2011-2012
63530,0,0.7431587288768202,1,false_positive,0.25626180435878704,80.0,Female,2011-2012
63533,0,0.13052768914703575,0,true_negative,0.3563692353709974,32.0,Female,2011-2012
63538,0,0.3078922719850554,0,true_negative,0.17900465253297776,62.0,Female,2011-2012
63541,0,0.6312753729827654,1,false_positive,0.1443784484647322,70.0,Male,2011-2012
63562,0,0.043319508111485376,0,true_negative,0.4435774164065478,22.0,Male,2011-2012
63576,0,0.0770489093097119,0,true_negative,0.40984801520832126,46.0,Male,2011-2012
63578,0,0.21838480330331425,0,true_negative,0.2685121212147189,41.0,Female,2011-2012
63582,0,0.383833872769847,0,true_negative,0.1030630517481862,57.0,Female,2011-2012
63583,0,0.7488091258261694,1,false_positive,0.26191220130813625,80.0,Male,2011-2012
63589,0,0.8510869071971906,1,false_positive,0.3641899826791574,80.0,Male,2011-2012
63593,0,0.9104100426891384,1,false_positive,0.4235131181711052,77.0,Male,2011-2012
63602,0,0.025760928513761147,0,true_negative,0.461135996004272,34.0,Male,2011-2012
63608,0,0.7102259426486794,1,false_positive,0.22332901813064626,71.0,Female,2011-2012
63617,0,0.059275993435408424,0,true_negative,0.4276209310826248,29.0,Male,2011-2012
63620,0,0.6318330042253213,1,false_positive,0.1449360797072881,61.0,Male,2011-2012
63626,0,0.043524319770431,0,true_negative,0.4433726047476022,39.0,Female,2011-2012
63631,0,0.04219028913328127,0,true_negative,0.4447066353847519,32.0,Female,2011-2012
63632,0,0.5268577676514729,1,false_positive,0.03996084313343967,80.0,Female,2011-2012
63639,0,0.12671079709870392,0,true_negative,0.36018612741932926,55.0,Male,2011-2012
63642,0,0.01582878475784835,0,true_negative,0.47106813976018486,25.0,Male,2011-2012
63650,0,0.16643969520466914,0,true_negative,0.32045722931336407,62.0,Female,2011-2012
63651,0,0.6538104681464842,1,false_positive,0.16691354362845107,76.0,Female,2011-2012
63657,0,0.06275935196027108,0,true_negative,0.4241375725577621,30.0,Male,2011-2012
63664,0,0.2821585899702817,0,true_negative,0.20473833454775148,58.0,Male,2011-2012
63685,0,0.22344833206807943,0,true_negative,0.2634485924499538,60.0,Female,2011-2012
63686,0,0.24831231348520186,0,true_negative,0.23858461103283132,60.0,Female,2011-2012
63698,0,0.47878092815269224,0,true_negative,0.008115996365340938,42.0,Male,2011-2012
63700,0,0.27224976403273093,0,true_negative,0.21464716048530225,40.0,Male,2011-2012
63718,0,0.07268657901679168,0,true_negative,0.4142103455012415,50.0,Female,2011-2012
63735,0,0.08802250051320029,0,true_negative,0.39887442400483286,29.0,Male,2011-2012
63739,0,0.8316294643347072,1,false_positive,0.344732539816674,71.0,Female,2011-2012
63749,0,0.04362763538120399,0,true_negative,0.44326928913682917,43.0,Female,2011-2012
63761,0,0.010113260998052445,0,true_negative,0.47678366351998075,21.0,Female,2011-2012
63765,1,0.993106649773364,1,true_positive,0.5062097252553308,80.0,Male,2011-2012
63772,0,0.5032848992306133,1,false_positive,0.016387974712580078,65.0,Male,2011-2012
63773,0,0.40021229440935113,0,true_negative,0.08668463010868205,56.0,Male,2011-2012
63777,0,0.10380035118760231,0,true_negative,0.3830965733304309,41.0,Female,2011-2012
63780,0,0.06806424239422701,0,true_negative,0.4188326821238062,44.0,Female,2011-2012
63793,0,0.03491773367400607,0,true_negative,0.4519791908440271,27.0,Female,2011-2012
63796,0,0.02658929959842479,0,true_negative,0.4603076249196084,36.0,Female,2011-2012
63802,0,0.08211232642135075,0,true_negative,0.40478459809668244,48.0,Female,2011-2012
63803,0,0.027205175593700136,0,true_negative,0.45969174892433307,36.0,Female,2011-2012
63805,1,0.5359485860157711,1,true_positive,0.04905166149773793,53.0,Female,2011-2012
63806,1,0.7796681820670052,1,true_positive,0.292771257548972,70.0,Male,2011-2012
63812,0,0.16582994569002077,0,true_negative,0.3210669788280124,47.0,Female,2011-2012
63813,0,0.4912645197758775,1,false_positive,0.004367595257844303,67.0,Male,2011-2012
63818,0,0.09486312200256644,0,true_negative,0.3920338025154667,40.0,Female,2011-2012
63837,0,0.6258349737949115,1,false_positive,0.1389380492768783,70.0,Female,2011-2012
63844,0,0.8792409068032055,1,false_positive,0.39234398228517237,80.0,Male,2011-2012
63847,0,0.5665783381717062,1,false_positive,0.07968141365367304,58.0,Male,2011-2012
63848,0,0.030033048218720416,0,true_negative,0.45686387629931274,31.0,Male,2011-2012
63852,0,0.28606114514753034,0,true_negative,0.20083577937050284,50.0,Male,2011-2012
63856,0,0.005278679907715544,0,true_negative,0.48161824461031766,20.0,Female,2011-2012
63861,0,0.2767070447467185,0,true_negative,0.2101898797713147,63.0,Male,2011-2012
63884,0,0.24712160862727495,0,true_negative,0.23977531589075823,51.0,Male,2011-2012
63887,0,0.4794706752698562,0,true_negative,0.007426249248176975,64.0,Female,2011-2012
63891,0,0.288855815786481,0,true_negative,0.19804110873155217,55.0,Female,2011-2012
63895,0,0.048606575551903,0,true_negative,0.43829034896613017,37.0,Male,2011-2012
63898,0,0.1116447455907218,0,true_negative,0.3752521789273114,51.0,Female,2011-2012
63905,0,0.09047505265403362,0,true_negative,0.3964218718639996,23.0,Male,2011-2012
63907,0,0.34533492229478063,0,true_negative,0.14156200222325255,60.0,Male,2011-2012
63922,0,0.04468545517231023,0,true_negative,0.442211469345723,38.0,Female,2011-2012
63926,0,0.07500460129987672,0,true_negative,0.41189232321815644,34.0,Male,2011-2012
63928,0,0.07591388028980234,0,true_negative,0.41098304422823084,42.0,Female,2011-2012
63941,0,0.07781667815423196,0,true_negative,0.40908024636380125,53.0,Female,2011-2012
63942,0,0.25999680337292563,0,true_negative,0.22690012114510755,42.0,Female,2011-2012
63945,0,0.06564836195643285,0,true_negative,0.4212485625616003,29.0,Female,2011-2012
63957,0,0.35919640562084143,0,true_negative,0.12770051889719175,59.0,Female,2011-2012
63958,0,0.4492068978148812,0,true_negative,0.03769002670315197,60.0,Female,2011-2012
63963,0,0.4790096384413464,0,true_negative,0.007887286076686761,72.0,Male,2011-2012
63964,0,0.5382506817792893,1,false_positive,0.05135375726125607,62.0,Male,2011-2012
63965,1,0.7545494917699491,1,true_positive,0.26765256725191594,72.0,Male,2011-2012
63967,0,0.012676551921394252,0,true_negative,0.4742203725966389,24.0,Female,2011-2012
63984,0,0.03215566583445936,0,true_negative,0.45474125868357385,24.0,Male,2011-2012
63989,0,0.35827979336161986,0,true_negative,0.12861713115641332,53.0,Female,2011-2012
63996,0,0.03218521282869662,0,true_negative,0.45471171168933655,35.0,Male,2011-2012
64009,0,0.05541695376093925,0,true_negative,0.43147997075709393,32.0,Male,2011-2012
64023,0,0.7943145129547006,1,false_positive,0.3074175884366674,80.0,Male,2011-2012
64026,0,0.05954288611610794,0,true_negative,0.42735403840192526,29.0,Female,2011-2012
64029,0,0.01963202312376503,0,true_negative,0.46726490139426813,22.0,Male,2011-2012
64033,0,0.24355366164235254,0,true_negative,0.24334326287568064,64.0,Female,2011-2012
64034,0,0.15322636305292747,0,true_negative,0.3336705614651057,62.0,Female,2011-2012
64037,0,0.06433896540386087,0,true_negative,0.4225579591141723,28.0,Male,2011-2012
64040,0,0.28558022758786694,0,true_negative,0.20131669693016624,31.0,Male,2011-2012
64047,0,0.02073169406996144,0,true_negative,0.46616523044807173,34.0,Female,2011-2012
64048,0,0.08439636770869396,0,true_negative,0.4025005568093392,54.0,Female,2011-2012
64050,0,0.05251217356542656,0,true_negative,0.43438475095260665,41.0,Female,2011-2012
64051,0,0.05650402458735905,0,true_negative,0.43039289993067414,21.0,Male,2011-2012
64055,0,0.311519140539704,0,true_negative,0.1753777839783292,59.0,Female,2011-2012
64059,0,0.1966995367048589,0,true_negative,0.2901973878131743,68.0,Female,2011-2012
64069,0,0.15095080039772768,0,true_negative,0.3359461241203055,39.0,Female,2011-2012
64079,0,0.053405852813729365,0,true_negative,0.4334910717043038,25.0,Female,2011-2012
64082,0,0.46678626780512794,0,true_negative,0.02011065671290524,64.0,Male,2011-2012
64084,0,0.929955899219738,1,false_positive,0.4430589747017048,80.0,Male,2011-2012
64102,0,0.6998521291171484,1,false_positive,0.21295520459911527,63.0,Female,2011-2012
64111,0,0.05546288144400736,0,true_negative,0.43143404307402583,33.0,Female,2011-2012
64121,0,0.16372768230732943,0,true_negative,0.32316924221070376,34.0,Female,2011-2012
64131,0,0.7376443028580411,1,false_positive,0.2507473783400079,79.0,Female,2011-2012
64135,0,0.016079434078344165,0,true_negative,0.470817490439689,23.0,Female,2011-2012
64139,0,0.04639700571696494,0,true_negative,0.44049991880106826,32.0,Female,2011-2012
64167,0,0.02260914072392548,0,true_negative,0.4642877837941077,21.0,Female,2011-2012
64173,0,0.034153539595678614,0,true_negative,0.45274338492235455,38.0,Female,2011-2012
64175,0,0.8661010795591124,1,false_positive,0.37920415504107924,80.0,Female,2011-2012
64176,0,0.4555941354615611,0,true_negative,0.0313027890564721,72.0,Male,2011-2012
64180,0,0.04194056598909624,0,true_negative,0.44495635852893695,31.0,Female,2011-2012
64194,0,0.1523350771104998,0,true_negative,0.33456184740753336,63.0,Female,2011-2012
64213,0,0.05513208269596488,0,true_negative,0.4317648418220683,37.0,Male,2011-2012
64219,0,0.6259420851285201,1,false_positive,0.13904516061048694,80.0,Female,2011-2012
64224,0,0.029421319604898105,0,true_negative,0.4574756049131351,22.0,Female,2011-2012
64227,0,0.3440780902773887,0,true_negative,0.14281883424064445,59.0,Female,2011-2012
64229,0,0.11442097377852388,0,true_negative,0.3724759507395093,50.0,Female,2011-2012
64248,0,0.034276532876879456,0,true_negative,0.45262039164115375,38.0,Female,2011-2012
64257,0,0.019675710577463427,0,true_negative,0.46722121394056976,23.0,Female,2011-2012
64259,0,0.05949068006489742,0,true_negative,0.42740624445313574,35.0,Female,2011-2012
64299,0,0.6436896197228359,1,false_positive,0.1567926952048027,65.0,Male,2011-2012
64324,0,0.02195230943192272,0,true_negative,0.46494461508611046,28.0,Female,2011-2012
64333,0,0.11358561635661382,0,true_negative,0.37331130816141933,46.0,Male,2011-2012
64360,0,0.12055163760553186,0,true_negative,0.36634528691250134,54.0,Female,2011-2012
64363,0,0.03478873313067398,0,true_negative,0.4521081913873592,22.0,Male,2011-2012
64368,0,0.791583435819367,1,false_positive,0.3046865113013338,70.0,Male,2011-2012
64371,0,0.10454495501127055,0,true_negative,0.38235196950676265,51.0,Female,2011-2012
64377,0,0.1965806304791993,0,true_negative,0.29031629403883386,54.0,Female,2011-2012
64381,0,0.19660571650019876,0,true_negative,0.2902912080178344,61.0,Female,2011-2012
64382,0,0.03099794615285266,0,true_negative,0.4558989783651805,24.0,Male,2011-2012
64396,0,0.08871545223972163,0,true_negative,0.3981814722783116,51.0,Female,2011-2012
64402,0,0.14462729077980496,0,true_negative,0.3422696337382282,48.0,Male,2011-2012
64413,0,0.1811602503337104,0,true_negative,0.3057366741843228,48.0,Female,2011-2012
64415,0,0.13576380129504664,0,true_negative,0.3511331232229865,55.0,Female,2011-2012
64420,0,0.0754278976457336,0,true_negative,0.4114690268722996,54.0,Female,2011-2012
64438,0,0.0534805567182707,0,true_negative,0.4334163677997625,44.0,Female,2011-2012
64440,0,0.10026293654232682,0,true_negative,0.38663398797570636,40.0,Male,2011-2012
64446,0,0.2157640272833557,0,true_negative,0.2711328972346775,47.0,Male,2011-2012
64461,0,0.1347866823787972,0,true_negative,0.352110242139236,34.0,Female,2011-2012
64488,0,0.03284731489726853,0,true_negative,0.4540496096207646,39.0,Female,2011-2012
64489,0,0.2724933752802912,0,true_negative,0.21440354923774196,65.0,Female,2011-2012
64498,0,0.051857727422423526,0,true_negative,0.4350391970956097,47.0,Female,2011-2012
64526,0,0.11686431322647328,0,true_negative,0.3700326112915599,49.0,Female,2011-2012
64536,0,0.4301791839070444,0,true_negative,0.056717740610988776,75.0,Female,2011-2012
64562,0,0.05391009117777875,0,true_negative,0.43298683334025445,20.0,Male,2011-2012
64571,0,0.04689900725150844,0,true_negative,0.43999791726652476,26.0,Male,2011-2012
64581,0,0.016807553690106003,0,true_negative,0.4700893708279272,31.0,Female,2011-2012
64592,0,0.028604912829303036,0,true_negative,0.4582920116887301,29.0,Female,2011-2012
64594,0,0.025940339750320913,0,true_negative,0.4609565847677123,24.0,Male,2011-2012
64606,0,0.3466439659672588,0,true_negative,0.14025295855077435,59.0,Female,2011-2012
64608,0,0.04759496751554714,0,true_negative,0.43930195700248603,22.0,Male,2011-2012
64617,0,0.3805087069716987,0,true_negative,0.10638821754633448,60.0,Male,2011-2012
64620,0,0.0074964239638029215,0,true_negative,0.4794005005542303,36.0,Male,2011-2012
64621,0,0.05244834393436392,0,true_negative,0.43444858058366925,38.0,Male,2011-2012
64634,0,0.6841965533078739,1,false_positive,0.1972996287898407,74.0,Female,2011-2012
64644,0,0.09919356322029022,0,true_negative,0.38770336129774297,35.0,Female,2011-2012
64646,0,0.9164734794789672,1,false_positive,0.429576554960934,80.0,Male,2011-2012
64648,0,0.02827587558740539,0,true_negative,0.4586210489306278,36.0,Male,2011-2012
64651,0,0.7433749294058993,1,false_positive,0.25647800488786615,58.0,Male,2011-2012
64654,0,0.26992495231904773,0,true_negative,0.21697197219898545,44.0,Male,2011-2012
64703,0,0.09890428610089344,0,true_negative,0.3879926384171397,22.0,Female,2011-2012
64706,0,0.020563100633013413,0,true_negative,0.46633382388501976,20.0,Female,2011-2012
64720,0,0.04898209086104465,0,true_negative,0.4379148336569885,29.0,Male,2011-2012
64740,0,0.2461609334206584,0,true_negative,0.24073599109737479,45.0,Male,2011-2012
64753,0,0.6644681959149005,1,false_positive,0.1775712713968673,68.0,Female,2011-2012
64756,1,0.7189706683995266,1,true_positive,0.23207374388149343,72.0,Male,2011-2012
64764,0,0.06397177646997451,0,true_negative,0.4229251480480587,36.0,Male,2011-2012
64771,1,0.78079205654245,1,true_positive,0.2938951320244168,64.0,Male,2011-2012
64772,0,0.16375122008094004,0,true_negative,0.3231457044370931,50.0,Male,2011-2012
64785,0,0.7569455084487412,1,false_positive,0.270048583930708,76.0,Male,2011-2012
64789,0,0.2498509971956682,0,true_negative,0.23704592732236499,67.0,Male,2011-2012
64791,0,0.03818537026937442,0,true_negative,0.4487115542486588,26.0,Female,2011-2012
64795,0,0.75539364402821,1,false_positive,0.2684967195101768,80.0,Male,2011-2012
64799,0,0.05631752261729327,0,true_negative,0.4305794019007399,28.0,Male,2011-2012
64802,0,0.042381781747660684,0,true_negative,0.4445151427703725,42.0,Male,2011-2012
64808,0,0.09378624444174638,0,true_negative,0.3931106800762868,44.0,Male,2011-2012
64809,0,0.010916386682202852,0,true_negative,0.47598053783583033,26.0,Female,2011-2012
64816,0,0.11200602554902957,0,true_negative,0.3748908989690036,21.0,Male,2011-2012
64824,0,0.9102135041249209,1,false_positive,0.4233165796068877,62.0,Male,2011-2012
64825,0,0.3078677101541021,0,true_negative,0.1790292143639311,52.0,Female,2011-2012
64839,0,0.053481847759187275,0,true_negative,0.4334150767588459,37.0,Male,2011-2012
64881,1,0.06914999385072536,0,false_negative,0.41774693066730784,33.0,Male,2011-2012
64882,0,0.38107595333971517,0,true_negative,0.10582097117831801,65.0,Male,2011-2012
64886,0,0.7688731195137172,1,false_positive,0.281976194995684,59.0,Female,2011-2012
64889,0,0.31146636834671354,0,true_negative,0.17543055617131964,51.0,Female,2011-2012
64892,0,0.054062937605448017,0,true_negative,0.4328339869125852,21.0,Male,2011-2012
64895,0,0.7999537982067544,1,false_positive,0.3130568736887212,67.0,Male,2011-2012
64904,0,0.16539916540230037,0,true_negative,0.3214977591157328,52.0,Female,2011-2012
64908,0,0.24408295257671483,0,true_negative,0.24281397194131835,60.0,Female,2011-2012
64916,0,0.09356182043415034,0,true_negative,0.39333510408388284,31.0,Male,2011-2012
64937,0,0.8202423772040884,1,false_positive,0.33334545268605525,80.0,Female,2011-2012
64938,0,0.06249744221464114,0,true_negative,0.42439948230339203,40.0,Male,2011-2012
64942,1,0.6152600926354934,1,true_positive,0.12836316811746024,69.0,Male,2011-2012
64961,0,0.5199936554696528,1,false_positive,0.033096730951619635,56.0,Male,2011-2012
65004,0,0.048104715958526806,0,true_negative,0.4387922085595064,25.0,Female,2011-2012
65012,0,0.7691827935714459,1,false_positive,0.28228586905341274,68.0,Female,2011-2012
65046,1,0.7590612857640299,1,true_positive,0.2721643612459967,74.0,Male,2011-2012
65067,0,0.06589204076722764,0,true_negative,0.4210048837508055,42.0,Female,2011-2012
65079,0,0.13586847492890472,0,true_negative,0.3510284495891285,35.0,Female,2011-2012
65080,0,0.6140752597109657,1,false_positive,0.12717833519293248,74.0,Male,2011-2012
65084,0,0.03177689853449227,0,true_negative,0.4551200259835409,26.0,Female,2011-2012
65097,0,0.8442265172677023,1,false_positive,0.3573295927496691,80.0,Male,2011-2012
65106,0,0.035910599796172414,0,true_negative,0.4509863247218608,32.0,Male,2011-2012
65124,0,0.03306567267332827,0,true_negative,0.4538312518447049,28.0,Female,2011-2012
65129,0,0.026758757488602056,0,true_negative,0.4601381670294311,45.0,Female,2011-2012
65131,0,0.4199672145904539,0,true_negative,0.0669297099275793,24.0,Male,2011-2012
65139,0,0.44916947224555687,0,true_negative,0.037727452272476314,61.0,Male,2011-2012
65141,0,0.04188861277447566,0,true_negative,0.44500831174355754,21.0,Male,2011-2012
65150,0,0.25684055995131744,0,true_negative,0.23005636456671574,53.0,Female,2011-2012
65161,0,0.49175342017486917,1,false_positive,0.004856495656835991,80.0,Female,2011-2012
65164,0,0.39286463304362784,0,true_negative,0.09403229147440534,42.0,Male,2011-2012
65165,0,0.14787028457429674,0,true_negative,0.33902663994373644,63.0,Female,2011-2012
65172,0,0.04574578401388571,0,true_negative,0.4411511405041475,34.0,Female,2011-2012
65177,0,0.026385161568510864,0,true_negative,0.46051176294952234,22.0,Male,2011-2012
65192,0,0.23180949087521832,0,true_negative,0.25508743364281483,52.0,Female,2011-2012
65209,0,0.47487366518530855,0,true_negative,0.012023259332724634,71.0,Female,2011-2012
65218,0,0.8307300124207894,1,false_positive,0.3438330879027562,74.0,Male,2011-2012
65225,0,0.03007173026664491,0,true_negative,0.4568251942513883,34.0,Female,2011-2012
65229,0,0.12796815268776782,0,true_negative,0.3589287718302654,31.0,Male,2011-2012
65236,0,0.8204345638386806,1,false_positive,0.33353763932064745,73.0,Female,2011-2012
65244,0,0.4861955728492038,0,true_negative,0.0007013516688293975,49.0,Female,2011-2012
65260,0,0.24861208254343412,0,true_negative,0.23828484197459907,58.0,Female,2011-2012
65266,0,0.09639711009914183,0,true_negative,0.39049981441889137,55.0,Female,2011-2012
65299,0,0.10332068218385905,0,true_negative,0.38357624233417414,29.0,Male,2011-2012
65301,0,0.26878791656377643,0,true_negative,0.21810900795425675,62.0,Female,2011-2012
65310,0,0.36168880394882486,0,true_negative,0.12520812056920833,40.0,Male,2011-2012
65316,0,0.2838457764985428,0,true_negative,0.20305114801949037,54.0,Male,2011-2012
65326,0,0.10106623465086842,0,true_negative,0.38583068986716473,44.0,Female,2011-2012
65327,0,0.0664781591996652,0,true_negative,0.42041876531836797,38.0,Male,2011-2012
65331,0,0.07837366071941414,0,true_negative,0.40852326379861903,54.0,Female,2011-2012
65336,0,0.01747150891912207,0,true_negative,0.4694254155989111,20.0,Female,2011-2012
65340,0,0.01163785292674139,0,true_negative,0.47525907159129177,25.0,Female,2011-2012
65346,0,0.0647303238971012,0,true_negative,0.422166600620932,49.0,Female,2011-2012
65347,0,0.04843620367659865,0,true_negative,0.4384607208414345,30.0,Female,2011-2012
65353,0,0.09970099658039235,0,true_negative,0.38719592793764085,42.0,Female,2011-2012
65375,0,0.019745827182105588,0,true_negative,0.4671510973359276,52.0,Female,2011-2012
65388,0,0.03731353483818253,0,true_negative,0.4495833896798507,33.0,Male,2011-2012
65389,0,0.051581826868105224,0,true_negative,0.43531509764992793,32.0,Male,2011-2012
65395,0,0.898348886764557,1,false_positive,0.41145196224652386,77.0,Male,2011-2012
65396,0,0.2579637189131147,0,true_negative,0.22893320560491848,54.0,Male,2011-2012
65399,0,0.2694029487468957,0,true_negative,0.2174939757711375,59.0,Male,2011-2012
65402,0,0.06832854463672076,0,true_negative,0.4185683798813124,33.0,Male,2011-2012
65412,0,0.17000885281661662,0,true_negative,0.31688807170141653,41.0,Male,2011-2012
65420,0,0.03487998745362864,0,true_negative,0.45201693706440454,24.0,Female,2011-2012
65421,0,0.5992605131641113,1,false_positive,0.11236358864607815,70.0,Female,2011-2012
65433,0,0.5895359254764936,1,false_positive,0.1026390009584604,60.0,Female,2011-2012
65440,0,0.848345714972743,1,false_positive,0.36144879045470985,61.0,Male,2011-2012
65443,0,0.05302033538370199,0,true_negative,0.4338765891343312,37.0,Female,2011-2012
65446,0,0.23305167182729322,0,true_negative,0.25384525269074,65.0,Male,2011-2012
65447,0,0.20265976565754265,0,true_negative,0.2842371588604905,44.0,Male,2011-2012
65460,0,0.33732874858908,0,true_negative,0.14956817592895316,64.0,Female,2011-2012
65479,0,0.1704600520447848,0,true_negative,0.31643687247324837,51.0,Male,2011-2012
65486,0,0.5800248152033344,1,false_positive,0.0931278906853012,66.0,Female,2011-2012
65488,0,0.11061041375676871,0,true_negative,0.37628651076126446,38.0,Male,2011-2012
65498,0,0.3748972454298372,0,true_negative,0.11199967908819597,39.0,Female,2011-2012
65501,0,0.13793248244680756,0,true_negative,0.3489644420712256,24.0,Female,2011-2012
65506,0,0.2257236081149456,0,true_negative,0.2611733164030876,50.0,Male,2011-2012
65510,0,0.5851600376519217,1,false_positive,0.09826311313388852,65.0,Female,2011-2012
65514,0,0.5737526913006944,1,false_positive,0.08685576678266121,80.0,Female,2011-2012
65536,0,0.32115605634377836,0,true_negative,0.16574086817425482,61.0,Female,2011-2012
65537,0,0.03759552844190678,0,true_negative,0.4493013960761264,21.0,Male,2011-2012
65547,1,0.6526816040453908,1,true_positive,0.1657846795273576,63.0,Female,2011-2012
65549,1,0.9016396333221338,1,true_positive,0.41474270880410063,80.0,Male,2011-2012
65555,0,0.02274964758848175,0,true_negative,0.46414727692955143,20.0,Female,2011-2012
65577,0,0.1716264798145806,0,true_negative,0.31527044470345256,54.0,Male,2011-2012
65586,0,0.06922240254339923,0,true_negative,0.41767452197463395,35.0,Female,2011-2012
65594,0,0.3281379047220363,0,true_negative,0.15875901979599688,60.0,Female,2011-2012
65596,0,0.21509152375159699,0,true_negative,0.2718054007664362,60.0,Female,2011-2012
65604,0,0.01951019881352269,0,true_negative,0.4673867257045105,29.0,Male,2011-2012
65605,0,0.6980629437216376,1,false_positive,0.2111660192036044,68.0,Male,2011-2012
65613,0,0.12366896580745342,0,true_negative,0.3632279587105798,53.0,Female,2011-2012
65620,0,0.041228106491386855,0,true_negative,0.4456688180266463,25.0,Female,2011-2012
65621,0,0.7074620571966749,1,false_positive,0.2205651326786417,63.0,Male,2011-2012
65623,0,0.035341260001528346,0,true_negative,0.45155566451650486,25.0,Female,2011-2012
65628,0,0.6319698680532241,1,false_positive,0.1450729435351909,56.0,Male,2011-2012
65629,0,0.11004280887063064,0,true_negative,0.37685411564740257,51.0,Female,2011-2012
65647,0,0.2953999283190461,0,true_negative,0.19149699619898708,29.0,Female,2011-2012
65655,0,0.023396038331722397,0,true_negative,0.4635008861863108,54.0,Female,2011-2012
65660,0,0.4289367174792485,0,true_negative,0.057960207038784683,73.0,Female,2011-2012
65676,0,0.033240580534731834,0,true_negative,0.45365634398330135,35.0,Female,2011-2012
65679,0,0.7452464751731597,1,false_positive,0.2583495506551265,69.0,Male,2011-2012
65699,0,0.24307107092547944,0,true_negative,0.24382585359255374,50.0,Male,2011-2012
65703,0,0.013784842224476814,0,true_negative,0.4731120822935564,29.0,Female,2011-2012
65705,0,0.657767102699087,1,false_positive,0.17087017818105382,63.0,Female,2011-2012
65713,0,0.7872223149476103,1,false_positive,0.3003253904295771,72.0,Male,2011-2012
65714,0,0.7645482391002464,1,false_positive,0.2776513145822132,72.0,Male,2011-2012
65735,0,0.3603192721606034,0,true_negative,0.1265776523574298,69.0,Female,2011-2012
65745,0,0.08889944460481587,0,true_negative,0.3979974799132173,27.0,Male,2011-2012
65752,0,0.03560466637663823,0,true_negative,0.45129225814139495,21.0,Male,2011-2012
65764,0,0.7413358556572142,1,false_positive,0.254438931139181,73.0,Female,2011-2012
65768,0,0.10068531202830587,0,true_negative,0.3862116124897273,50.0,Female,2011-2012
65769,0,0.059552601167341505,0,true_negative,0.42734432335069167,31.0,Male,2011-2012
65781,0,0.04203604309406998,0,true_negative,0.4448608814239632,41.0,Female,2011-2012
65791,0,0.059626896707012184,0,true_negative,0.42727002781102097,24.0,Male,2011-2012
65804,0,0.3883648534732765,0,true_negative,0.0985320710447567,59.0,Male,2011-2012
65807,0,0.10197719407968954,0,true_negative,0.38491973043834365,49.0,Male,2011-2012
65832,1,0.8076124584732863,1,true_positive,0.32071553395525315,80.0,Female,2011-2012
65837,0,0.8783262300644723,1,false_positive,0.3914293055464391,66.0,Male,2011-2012
65840,0,0.061086827032226454,0,true_negative,0.4258100974858067,21.0,Male,2011-2012
65852,0,0.009667498113106883,0,true_negative,0.47722942640492627,29.0,Female,2011-2012
65865,0,0.015184770865530751,0,true_negative,0.4717121536525024,34.0,Female,2011-2012
65867,0,0.32349568307013804,0,true_negative,0.16340124144789514,60.0,Female,2011-2012
65880,0,0.016960230454035552,0,true_negative,0.46993669406399763,26.0,Female,2011-2012
65883,0,0.8632591853946191,1,false_positive,0.3763622608765859,79.0,Male,2011-2012
65892,0,0.9013030546708186,1,false_positive,0.41440613015278543,80.0,Female,2011-2012
65898,0,0.49916880750041087,1,false_positive,0.012271882982377691,66.0,Male,2011-2012
65910,0,0.26470716452615006,0,true_negative,0.22218975999188312,36.0,Male,2011-2012
65929,0,0.516249080848638,1,false_positive,0.029352156330604784,64.0,Male,2011-2012
65939,0,0.11445284691061314,0,true_negative,0.37244407760742004,20.0,Female,2011-2012
65944,0,0.16358053755144447,0,true_negative,0.3233163869665887,64.0,Female,2011-2012
65955,0,0.6421818585798755,1,false_positive,0.15528493406184235,80.0,Female,2011-2012
65967,0,0.07567213385036417,0,true_negative,0.41122479066766904,36.0,Female,2011-2012
65974,0,0.12262606131604778,0,true_negative,0.36427086320198543,63.0,Female,2011-2012
65975,0,0.03557045086088867,0,true_negative,0.4513264736571445,30.0,Female,2011-2012
65992,0,0.28023932707827126,0,true_negative,0.20665759743976192,61.0,Female,2011-2012
65994,0,0.3564378886421184,0,true_negative,0.13045903587591479,62.0,Male,2011-2012
66026,0,0.6077310087802376,1,false_positive,0.12083408426220438,65.0,Male,2011-2012
66027,0,0.09216494132010004,0,true_negative,0.3947319831979331,40.0,Female,2011-2012
66028,0,0.06680573867462855,0,true_negative,0.42009118584340466,30.0,Female,2011-2012
66034,0,0.14796648385578637,0,true_negative,0.3389304406622468,29.0,Male,2011-2012
66043,0,0.31217123263907354,0,true_negative,0.17472569187895964,64.0,Female,2011-2012
66049,0,0.66198132373278,1,false_positive,0.17508439921474678,73.0,Male,2011-2012
66054,0,0.056211342633457506,0,true_negative,0.4306855818845757,33.0,Female,2011-2012
66058,0,0.7739898965653539,1,false_positive,0.2870929720473207,74.0,Female,2011-2012
66077,0,0.5311259202735426,1,false_positive,0.04422899575550937,63.0,Male,2011-2012
66096,0,0.022999503350953975,0,true_negative,0.4638974211670792,26.0,Female,2011-2012
66103,0,0.18001647215810868,0,true_negative,0.3068804523599245,25.0,Male,2011-2012
66108,0,0.7007622501838422,1,false_positive,0.21386532566580901,53.0,Male,2011-2012
66111,0,0.020763028113026365,0,true_negative,0.4661338964050068,26.0,Female,2011-2012
66113,0,0.07276026146948027,0,true_negative,0.4141366630485529,40.0,Male,2011-2012
66116,0,0.26707772935837376,0,true_negative,0.21981919515965942,47.0,Male,2011-2012
66124,0,0.027248830553775673,0,true_negative,0.4596480939642575,37.0,Female,2011-2012
66139,0,0.11414681910356064,0,true_negative,0.3727501054144725,47.0,Male,2011-2012
66140,0,0.1472470607816791,0,true_negative,0.3396498637363541,63.0,Female,2011-2012
66147,0,0.30757911316533054,0,true_negative,0.17931781135270264,57.0,Female,2011-2012
66165,0,0.09801013292729123,0,true_negative,0.38888679159074196,24.0,Male,2011-2012
66167,0,0.024118956807946717,0,true_negative,0.46277796771008645,23.0,Female,2011-2012
66169,0,0.7175749282442541,1,false_positive,0.23067800372622088,63.0,Male,2011-2012
66179,0,0.018105014740477512,0,true_negative,0.4687919097775557,23.0,Female,2011-2012
66186,0,0.1146431472602118,0,true_negative,0.3722537772578214,45.0,Female,2011-2012
66187,0,0.03283283221350471,0,true_negative,0.4540640923045285,24.0,Male,2011-2012
66193,0,0.014605790409720237,0,true_negative,0.4722911341083129,25.0,Female,2011-2012
66194,0,0.17018261978866756,0,true_negative,0.3167143047293656,63.0,Female,2011-2012
66197,0,0.2675396897466072,0,true_negative,0.219357234771426,60.0,Female,2011-2012
66207,0,0.8202746317640625,1,false_positive,0.3333777072460293,80.0,Male,2011-2012
66214,0,0.3790083974569778,0,true_negative,0.1078885270610554,70.0,Female,2011-2012
66215,0,0.6021871860885691,1,false_positive,0.11529026157053596,47.0,Male,2011-2012
66224,0,0.5078265842000198,1,false_positive,0.020929659681986623,80.0,Female,2011-2012
66227,0,0.4449554053281999,0,true_negative,0.0419415191898333,66.0,Male,2011-2012
66230,0,0.23254750971114097,0,true_negative,0.2543494148068922,64.0,Female,2011-2012
66237,0,0.17117373881897308,0,true_negative,0.3157231856990601,52.0,Male,2011-2012
66240,0,0.16410998195459872,0,true_negative,0.32278694256343443,47.0,Male,2011-2012
66241,0,0.1520223756182211,0,true_negative,0.33487454889981205,50.0,Female,2011-2012
66245,0,0.22769615342097468,0,true_negative,0.2592007710970585,47.0,Male,2011-2012
66246,0,0.2372856457738915,0,true_negative,0.24961127874414168,40.0,Male,2011-2012
66249,0,0.01574522361864937,0,true_negative,0.4711517008993838,27.0,Female,2011-2012
66256,0,0.310935557782634,0,true_negative,0.1759613667353992,49.0,Female,2011-2012
66261,0,0.04297198981274143,0,true_negative,0.44392493470529176,52.0,Male,2011-2012
66263,0,0.6395844182139478,1,false_positive,0.15268749369591467,65.0,Male,2011-2012
66270,0,0.8754522952734614,1,false_positive,0.3885553707554282,76.0,Male,2011-2012
66279,0,0.35510357519526825,0,true_negative,0.13179334932276493,62.0,Male,2011-2012
66287,0,0.20884687953622533,0,true_negative,0.27805004498180785,47.0,Male,2011-2012
66289,0,0.21273290031380748,0,true_negative,0.2741640242042257,41.0,Male,2011-2012
66302,0,0.19955990330437853,0,true_negative,0.2873370212136547,45.0,Female,2011-2012
66303,0,0.03341768305637789,0,true_negative,0.4534792414616553,24.0,Female,2011-2012
66306,0,0.07927840841058394,0,true_negative,0.40761851610744926,56.0,Female,2011-2012
66310,0,0.11974633374292824,0,true_negative,0.3671505907751049,53.0,Female,2011-2012
66312,0,0.8535667403639124,1,false_positive,0.36666981584587927,80.0,Male,2011-2012
66320,0,0.039580713792354914,0,true_negative,0.4473162107256783,21.0,Male,2011-2012
66355,0,0.43901669168321855,0,true_negative,0.04788023283481463,62.0,Male,2011-2012
66366,0,0.055470257177798736,0,true_negative,0.43142666734023444,26.0,Female,2011-2012
66375,0,0.041966487593071075,0,true_negative,0.4449304369249621,31.0,Male,2011-2012
66377,0,0.270428034852126,0,true_negative,0.21646888966590716,43.0,Male,2011-2012
66391,0,0.018602630855966803,0,true_negative,0.4682942936620664,28.0,Female,2011-2012
66404,0,0.014037044659801526,0,true_negative,0.47285987985823164,35.0,Female,2011-2012
66405,0,0.590182541741717,1,false_positive,0.10328561722368385,58.0,Male,2011-2012
66409,0,0.028388941916348186,0,true_negative,0.458507982601685,36.0,Female,2011-2012
66421,1,0.7888463602978961,1,true_positive,0.30194943577986294,73.0,Male,2011-2012
66422,0,0.13855652371827182,0,true_negative,0.34834040079976136,33.0,Female,2011-2012
66436,0,0.6037580972116962,1,false_positive,0.11686117269366297,74.0,Female,2011-2012
66439,0,0.06282589710743944,0,true_negative,0.42407102741059377,48.0,Female,2011-2012
66442,0,0.07878675928251436,0,true_negative,0.4081101652355188,48.0,Male,2011-2012
66444,0,0.06640820347246255,0,true_negative,0.4204887210455706,43.0,Female,2011-2012
66453,0,0.03555700529304775,0,true_negative,0.45133991922498545,22.0,Female,2011-2012
66457,0,0.7262145343101073,1,false_positive,0.23931760979207412,70.0,Male,2011-2012
66460,0,0.03681638448197843,0,true_negative,0.45008054003605474,37.0,Male,2011-2012
66462,0,0.11885588809258667,0,true_negative,0.3680410364254465,57.0,Male,2011-2012
66465,0,0.027180765798966555,0,true_negative,0.4597161587190666,38.0,Female,2011-2012
66467,0,0.4315875414591101,0,true_negative,0.05530938305892308,48.0,Female,2011-2012
66473,0,0.26653244348256167,0,true_negative,0.22036448103547152,56.0,Male,2011-2012
66474,0,0.4961794301989622,1,false_positive,0.009282505680929032,43.0,Female,2011-2012
66476,0,0.3413632525697713,0,true_negative,0.1455336719482619,60.0,Male,2011-2012
66513,0,0.8554596996152007,1,false_positive,0.36856277509716756,69.0,Male,2011-2012
66515,0,0.1675878374375305,0,true_negative,0.31930908708050265,70.0,Female,2011-2012
66525,0,0.2270378659040823,0,true_negative,0.25985905861395087,47.0,Male,2011-2012
66531,0,0.2824531822588368,0,true_negative,0.20444374225919637,57.0,Female,2011-2012
66535,0,0.027724967668046677,0,true_negative,0.4591719568499865,23.0,Male,2011-2012
66536,0,0.19834399421951487,0,true_negative,0.2885529302985183,52.0,Female,2011-2012
66541,0,0.3111826466950618,0,true_negative,0.1757142778229714,70.0,Female,2011-2012
66547,0,0.30376199357350125,0,true_negative,0.18313493094453193,65.0,Male,2011-2012
66553,0,0.3331895967549931,0,true_negative,0.15370732776304008,61.0,Male,2011-2012
66569,0,0.34937079352596806,0,true_negative,0.13752613099206512,62.0,Female,2011-2012
66573,0,0.4547634726791235,0,true_negative,0.0321334518389097,63.0,Male,2011-2012
66609,0,0.27009220597963374,0,true_negative,0.21680471853839944,49.0,Male,2011-2012
66612,0,0.5107959069783877,1,false_positive,0.023898982460354545,64.0,Male,2011-2012
66620,0,0.23629052210991894,0,true_negative,0.25060640240811427,64.0,Male,2011-2012
66631,0,0.4757623038276662,0,true_negative,0.01113462069036697,69.0,Female,2011-2012
66633,0,0.06954627747939926,0,true_negative,0.4173506470386339,41.0,Male,2011-2012
66641,0,0.1653483079843383,0,true_negative,0.3215486165336949,46.0,Female,2011-2012
66668,0,0.11162740231829632,0,true_negative,0.37526952219973686,64.0,Female,2011-2012
66672,0,0.13342704283132575,0,true_negative,0.35346988168670745,60.0,Male,2011-2012
66681,0,0.022618762483600903,0,true_negative,0.4642781620344323,23.0,Female,2011-2012
66695,0,0.8535500768178672,1,false_positive,0.36665315229983403,60.0,Male,2011-2012
66698,0,0.042386044005602794,0,true_negative,0.4445108805124304,21.0,Male,2011-2012
66702,0,0.0777529338845208,0,true_negative,0.40914399063351237,47.0,Male,2011-2012
66718,0,0.2577926478930499,0,true_negative,0.22910427662498328,56.0,Female,2011-2012
66725,0,0.26376580660057686,0,true_negative,0.22313111791745632,57.0,Male,2011-2012
66728,0,0.5664939672958801,1,false_positive,0.0795970427778469,71.0,Female,2011-2012
66743,0,0.487635915337307,1,false_positive,0.0007389908192738104,68.0,Female,2011-2012
66750,0,0.32661842059398233,0,true_negative,0.16027850392405085,73.0,Female,2011-2012
66752,0,0.14025531536442,0,true_negative,0.3466416091536132,51.0,Female,2011-2012
66755,0,0.08653475219032167,0,true_negative,0.40036217232771154,33.0,Female,2011-2012
66766,0,0.12378762231404787,0,true_negative,0.3631093022039853,39.0,Male,2011-2012
66781,0,0.6214009983095858,1,false_positive,0.13450407379155266,68.0,Male,2011-2012
66789,0,0.0297383948875044,0,true_negative,0.4571585296305288,38.0,Female,2011-2012
66808,0,0.42184256789646957,0,true_negative,0.06505435662156361,63.0,Male,2011-2012
66817,0,0.8223286379272766,1,false_positive,0.33543171340924344,72.0,Female,2011-2012
66821,0,0.041568483229358605,0,true_negative,0.44532844128867455,30.0,Female,2011-2012
66834,0,0.01825414179370535,0,true_negative,0.46864278272432786,31.0,Male,2011-2012
66837,0,0.053103682654355416,0,true_negative,0.43379324186367774,24.0,Male,2011-2012
66848,0,0.09375911919914523,0,true_negative,0.393137805318888,52.0,Female,2011-2012
66850,0,0.3694072552374568,0,true_negative,0.11748966928057636,71.0,Female,2011-2012
66854,0,0.04388730460179265,0,true_negative,0.44300961991624055,34.0,Female,2011-2012
66863,0,0.8024162270684547,1,false_positive,0.31551930255042154,77.0,Male,2011-2012
66872,0,0.09606290273228162,0,true_negative,0.39083402178575155,37.0,Male,2011-2012
66875,1,0.39620167645613474,0,false_negative,0.09069524806189844,69.0,Female,2011-2012
66883,0,0.22558979394244105,0,true_negative,0.26130713057559213,35.0,Male,2011-2012
66902,0,0.04471677327044546,0,true_negative,0.4421801512475877,32.0,Female,2011-2012
66915,0,0.4251659824796899,0,true_negative,0.061730942038343284,51.0,Male,2011-2012
66930,0,0.05451284819518274,0,true_negative,0.4323840763228504,41.0,Male,2011-2012
66974,0,0.7255649058741198,1,false_positive,0.23866798135608663,72.0,Male,2011-2012
66982,0,0.8165003562406693,1,false_positive,0.3296034317226361,73.0,Female,2011-2012
66988,0,0.11225447469017474,0,true_negative,0.37464244982785844,40.0,Female,2011-2012
67001,0,0.5661852947370514,1,false_positive,0.07928837021901819,76.0,Male,2011-2012
67002,0,0.10315519805972362,0,true_negative,0.38374172645830956,39.0,Male,2011-2012
67003,0,0.4177697875265114,0,true_negative,0.06912713699152179,68.0,Male,2011-2012
67007,0,0.05214351936984289,0,true_negative,0.4347534051481903,40.0,Female,2011-2012
67025,0,0.828661690522276,1,false_positive,0.3417647660042428,78.0,Female,2011-2012
67041,0,0.03239861769055971,0,true_negative,0.4544983068274735,36.0,Female,2011-2012
67046,0,0.6244145857336766,1,false_positive,0.1375176612156434,66.0,Male,2011-2012
67065,0,0.07377239376907374,0,true_negative,0.41312453074895944,36.0,Male,2011-2012
67066,1,0.7041406796892191,1,true_positive,0.21724375517118594,65.0,Male,2011-2012
67073,0,0.05482813267962334,0,true_negative,0.43206879183840985,24.0,Male,2011-2012
67107,0,0.9727352505198709,1,false_positive,0.4858383260018377,77.0,Male,2011-2012
67109,0,0.02477570941021988,0,true_negative,0.4621212151078133,29.0,Female,2011-2012
67113,0,0.09798163166876707,0,true_negative,0.3889152928492661,55.0,Female,2011-2012
67116,0,0.03938293096065129,0,true_negative,0.44751399355738186,31.0,Female,2011-2012
67118,0,0.07702215803594195,0,true_negative,0.4098747664820912,33.0,Female,2011-2012
67121,0,0.12003327445643062,0,true_negative,0.36686365006160254,39.0,Male,2011-2012
67126,0,0.03591618884064815,0,true_negative,0.45098073567738506,22.0,Female,2011-2012
67128,0,0.09889454557684163,0,true_negative,0.38800237894119155,47.0,Female,2011-2012
67133,0,0.031971098096103934,0,true_negative,0.45492582642192925,33.0,Male,2011-2012
67144,0,0.1750509196379757,0,true_negative,0.3118460048800575,54.0,Male,2011-2012
67165,0,0.2628420668226461,0,true_negative,0.22405485769538708,46.0,Female,2011-2012
67180,0,0.6660088041013538,1,false_positive,0.1791118795833206,78.0,Female,2011-2012
67183,0,0.08467801691312359,0,true_negative,0.4022189076049096,52.0,Female,2011-2012
67185,0,0.3166712506008983,0,true_negative,0.1702256739171349,51.0,Female,2011-2012
67197,0,0.21433463330141458,0,true_negative,0.27256229121661857,73.0,Female,2011-2012
67199,0,0.09474043398081707,0,true_negative,0.39215649053721613,41.0,Male,2011-2012
67203,0,0.051848611267575014,0,true_negative,0.4350483132504582,33.0,Male,2011-2012
67204,0,0.05967229697402172,0,true_negative,0.42722462754401147,22.0,Male,2011-2012
67217,0,0.10823555686443759,0,true_negative,0.3786613676535956,41.0,Male,2011-2012
67228,0,0.17588198981390954,0,true_negative,0.31101493470412367,41.0,Male,2011-2012
67230,0,0.1408856639046392,0,true_negative,0.346011260613394,59.0,Male,2011-2012
67237,0,0.1539617974603516,0,true_negative,0.3329351270576816,51.0,Female,2011-2012
67249,0,0.36412097332542814,0,true_negative,0.12277595119260504,58.0,Female,2011-2012
67266,0,0.07033048969013299,0,true_negative,0.4165664348279002,36.0,Male,2011-2012
67274,0,0.03213064767981213,0,true_negative,0.4547662768382211,46.0,Female,2011-2012
67279,0,0.11027666022190132,0,true_negative,0.3766202642961319,32.0,Female,2011-2012
67306,0,0.48979492090065607,1,false_positive,0.0028979963826228916,51.0,Male,2011-2012
67308,0,0.03507138990445439,0,true_negative,0.45182553461357877,21.0,Male,2011-2012
67311,0,0.02655280960222556,0,true_negative,0.4603441149158076,27.0,Female,2011-2012
67312,0,0.1797847595926667,0,true_negative,0.30711216492536647,45.0,Male,2011-2012
67315,0,0.12978413617459778,0,true_negative,0.3571127883434354,51.0,Female,2011-2012
67332,0,0.04151580285280174,0,true_negative,0.4453811216652314,45.0,Female,2011-2012
67338,0,0.0397405093659854,0,true_negative,0.4471564151520478,24.0,Male,2011-2012
67339,1,0.7968501942793894,1,true_positive,0.30995326976135623,70.0,Male,2011-2012
67341,0,0.932419081080315,1,false_positive,0.44552215656228183,74.0,Male,2011-2012
67355,0,0.028146323602179196,0,true_negative,0.45875060091585396,22.0,Female,2011-2012
67359,0,0.7885353326977391,1,false_positive,0.30163840817970594,74.0,Male,2011-2012
67363,0,0.7436928870563031,1,false_positive,0.2567959625382699,61.0,Male,2011-2012
67375,0,0.21974089006292064,0,true_negative,0.26715603445511255,45.0,Female,2011-2012
67386,0,0.08187197396168462,0,true_negative,0.4050249505563486,46.0,Female,2011-2012
67389,0,0.6209653277060023,1,false_positive,0.13406840318796914,62.0,Male,2011-2012
67391,0,0.016654421935882013,0,true_negative,0.47024250258215117,30.0,Female,2011-2012
67400,0,0.44884400115476164,0,true_negative,0.03805292336327154,61.0,Male,2011-2012
67402,0,0.4326011261008094,0,true_negative,0.05429579841722376,59.0,Female,2011-2012
67408,0,0.10459633946127715,0,true_negative,0.382300585056756,52.0,Female,2011-2012
67412,1,0.8849544014454965,1,true_positive,0.39805747692746335,77.0,Male,2011-2012
67418,0,0.41940907756134405,0,true_negative,0.06748784695668913,80.0,Female,2011-2012
67420,0,0.019236516650119117,0,true_negative,0.4676604078679141,22.0,Male,2011-2012
67424,0,0.10727744164153018,0,true_negative,0.379619482876503,32.0,Female,2011-2012
67427,0,0.03050183337960412,0,true_negative,0.4563950911384291,24.0,Male,2011-2012
67445,0,0.032661888239460354,0,true_negative,0.4542350362785728,38.0,Female,2011-2012
67459,0,0.039180069119981085,0,true_negative,0.4477168553980521,24.0,Female,2011-2012
67463,0,0.08846180518701412,0,true_negative,0.39843511933101905,28.0,Male,2011-2012
67470,0,0.0922296725604967,0,true_negative,0.3946672519575365,37.0,Female,2011-2012
67475,0,0.2789682188333985,0,true_negative,0.20792870568463467,52.0,Male,2011-2012
67480,0,0.12508002348235886,0,true_negative,0.3618169010356743,62.0,Female,2011-2012
67483,0,0.45489350978225335,0,true_negative,0.032003414735779834,64.0,Female,2011-2012
67488,0,0.03050997482095504,0,true_negative,0.45638694969707816,29.0,Male,2011-2012
67493,0,0.5566032233123102,1,false_positive,0.06970629879427698,76.0,Male,2011-2012
67509,0,0.7904909935452789,1,false_positive,0.30359406902724567,79.0,Male,2011-2012
67516,0,0.08701039685494082,0,true_negative,0.39988652766309235,47.0,Female,2011-2012
67520,1,0.9793338402091484,1,true_positive,0.4924369156911152,79.0,Male,2011-2012
67522,0,0.018072025340442385,0,true_negative,0.4688248991775908,26.0,Female,2011-2012
67525,0,0.5036400991381388,1,false_positive,0.016743174620105605,67.0,Male,2011-2012
67527,0,0.015184002699126176,0,true_negative,0.471712921818907,29.0,Female,2011-2012
67534,0,0.2276761964689437,0,true_negative,0.25922072804908947,56.0,Female,2011-2012
67537,0,0.04667136870046731,0,true_negative,0.4402255558175659,33.0,Male,2011-2012
67538,0,0.039108437081061584,0,true_negative,0.4477884874369716,25.0,Male,2011-2012
67546,0,0.034916494218946166,0,true_negative,0.451980430299087,30.0,Female,2011-2012
67549,0,0.028740471220901044,0,true_negative,0.4581564532971321,25.0,Male,2011-2012
67560,0,0.6513275250679823,1,false_positive,0.16443060054994912,68.0,Male,2011-2012
67589,0,0.6867602114335365,1,false_positive,0.1998632869155033,79.0,Male,2011-2012
67596,0,0.2517676842967738,0,true_negative,0.23512924022125936,63.0,Male,2011-2012
67603,0,0.3280339627243447,0,true_negative,0.15886296179368847,62.0,Female,2011-2012
67620,0,0.3638126073934507,0,true_negative,0.12308431712458245,54.0,Male,2011-2012
67624,0,0.09842217307111273,0,true_negative,0.38847475144692045,30.0,Male,2011-2012
67635,0,0.8072695086869908,1,false_positive,0.3203725841689576,65.0,Male,2011-2012
67640,0,0.3497329874133683,0,true_negative,0.1371639371046649,58.0,Male,2011-2012
67646,0,0.16785996097376157,0,true_negative,0.3190369635442716,48.0,Male,2011-2012
67649,0,0.0703751334378866,0,true_negative,0.4165217910801466,41.0,Female,2011-2012
67653,0,0.1357870678775249,0,true_negative,0.3511098566405083,39.0,Female,2011-2012
67656,0,0.4389996326864897,0,true_negative,0.047897291831543454,53.0,Male,2011-2012
67658,0,0.9646416971200124,1,false_positive,0.4777447726019792,77.0,Male,2011-2012
67675,0,0.25203123953599216,0,true_negative,0.23486568498204102,66.0,Male,2011-2012
67690,0,0.013543735409968033,0,true_negative,0.4733531891080651,40.0,Female,2011-2012
67696,0,0.2995382265037166,0,true_negative,0.1873586980143166,67.0,Female,2011-2012
67698,0,0.24410567735381428,0,true_negative,0.2427912471642189,63.0,Female,2011-2012
67703,0,0.7549803436978172,1,false_positive,0.268083419179784,72.0,Male,2011-2012
67707,1,0.21124874253384845,0,false_negative,0.2756481819841847,46.0,Male,2011-2012
67718,0,0.12204915521104143,0,true_negative,0.36484776930699175,49.0,Female,2011-2012
67719,0,0.038450757607543885,0,true_negative,0.4484461669104893,35.0,Male,2011-2012
67728,0,0.3505006916004332,0,true_negative,0.1363962329176,66.0,Male,2011-2012
67761,0,0.03782652404155038,0,true_negative,0.4490704004764828,20.0,Male,2011-2012
67764,0,0.9336514292559107,1,false_positive,0.44675450473787753,76.0,Male,2011-2012
67773,0,0.1427912569903757,0,true_negative,0.3441056675276575,60.0,Female,2011-2012
67775,0,0.013684393141437792,0,true_negative,0.4732125313765954,29.0,Female,2011-2012
67776,0,0.5780609038172627,1,false_positive,0.09116397929922954,54.0,Male,2011-2012
67788,0,0.22584607167245824,0,true_negative,0.26105085284557494,62.0,Male,2011-2012
67791,0,0.4084875439379338,0,true_negative,0.07840938058009939,80.0,Female,2011-2012
67794,0,0.20566041061866178,0,true_negative,0.28123651389937143,51.0,Male,2011-2012
67795,0,0.18799274256238976,0,true_negative,0.2989041819556434,41.0,Male,2011-2012
67797,0,0.29103298087001667,0,true_negative,0.19586394364801651,45.0,Male,2011-2012
67812,0,0.772305383971782,1,false_positive,0.28540845945374876,66.0,Male,2011-2012
67817,0,0.49043742377377547,1,false_positive,0.003540499255742291,55.0,Male,2011-2012
67822,0,0.8864771699998067,1,false_positive,0.39958024548177357,80.0,Female,2011-2012
67833,1,0.962594932314418,1,true_positive,0.47569800779638477,80.0,Male,2011-2012
67834,0,0.03503876980945314,0,true_negative,0.45185815470858004,33.0,Female,2011-2012
67838,0,0.21866931662536815,0,true_negative,0.26822760789266503,52.0,Male,2011-2012
67844,0,0.19196190480483594,0,true_negative,0.29493501971319724,23.0,Male,2011-2012
67847,0,0.10778145681820449,0,true_negative,0.3791154676998287,43.0,Female,2011-2012
67848,0,0.5862463121538871,1,false_positive,0.09934938763585394,66.0,Male,2011-2012
67855,0,0.32750044788505317,0,true_negative,0.15939647663298,58.0,Male,2011-2012
67857,0,0.04679848299204493,0,true_negative,0.44009844152598826,25.0,Female,2011-2012
67858,0,0.19458262820306713,0,true_negative,0.2923142963149661,68.0,Female,2011-2012
67864,0,0.031000560871767002,0,true_negative,0.4558963636462662,22.0,Female,2011-2012
67872,0,0.7564863705499342,1,false_positive,0.269589446031901,78.0,Female,2011-2012
67874,0,0.5156289125060824,1,false_positive,0.028731987988049268,69.0,Male,2011-2012
67877,0,0.4694604601231833,0,true_negative,0.01743646439484986,79.0,Female,2011-2012
67898,0,0.3609960491112578,0,true_negative,0.12590087540677536,60.0,Female,2011-2012
67899,0,0.8104156999791694,1,false_positive,0.3235187754611362,80.0,Male,2011-2012
67902,0,0.039796912651250516,0,true_negative,0.44710001186678267,21.0,Male,2011-2012
67908,0,0.10688850680680138,0,true_negative,0.3800084177112318,28.0,Male,2011-2012
67924,0,0.17409609116259595,0,true_negative,0.31280083335543724,45.0,Female,2011-2012
67927,0,0.16319920593719997,0,true_negative,0.3236977185808332,32.0,Male,2011-2012
67940,0,0.7332694996969656,1,false_positive,0.24637257517893246,66.0,Male,2011-2012
67948,0,0.04680123948601171,0,true_negative,0.44009568503202146,27.0,Male,2011-2012
67965,0,0.6007530568316848,1,false_positive,0.1138561323136516,74.0,Male,2011-2012
67970,0,0.8260572079762386,1,false_positive,0.3391602834582054,72.0,Male,2011-2012
67983,0,0.10243308712689474,0,true_negative,0.38446383739113843,47.0,Female,2011-2012
67993,0,0.7923080269199231,1,false_positive,0.3054111024018899,60.0,Male,2011-2012
67999,0,0.11145362781718439,0,true_negative,0.3754432967008488,52.0,Female,2011-2012
68003,0,0.7413801655343724,1,false_positive,0.2544832410163392,72.0,Male,2011-2012
68004,0,0.016230257336067682,0,true_negative,0.4706666671819655,33.0,Female,2011-2012
68008,0,0.7168002202561392,1,false_positive,0.22990329573810603,80.0,Male,2011-2012
68013,0,0.09255022846076423,0,true_negative,0.39434669605726896,60.0,Female,2011-2012
68021,0,0.07717688312033727,0,true_negative,0.4097200413976959,34.0,Male,2011-2012
68022,0,0.7700113048541104,1,false_positive,0.2831143803360772,58.0,Male,2011-2012
68024,0,0.13080439115883147,0,true_negative,0.3560925333592017,26.0,Female,2011-2012
68029,1,0.3094033617840265,0,false_negative,0.17749356273400668,60.0,Male,2011-2012
68042,0,0.06673051781433016,0,true_negative,0.42016640670370303,23.0,Male,2011-2012
68043,0,0.022794507308499547,0,true_negative,0.46410241720953366,32.0,Female,2011-2012
68044,0,0.11877692572907546,0,true_negative,0.36811999878895774,58.0,Female,2011-2012
68063,0,0.22719947585068234,0,true_negative,0.25969744866735084,51.0,Male,2011-2012
68064,1,0.8316668421255945,1,true_positive,0.3447699176075613,80.0,Female,2011-2012
68070,0,0.3664765773309681,0,true_negative,0.12042034718706507,47.0,Male,2011-2012
68075,0,0.3180513207154689,0,true_negative,0.1688456038025643,59.0,Male,2011-2012
68076,0,0.047792725747637405,0,true_negative,0.43910419877039575,30.0,Male,2011-2012
68077,0,0.3969060858079644,0,true_negative,0.0899908387100688,72.0,Female,2011-2012
68079,0,0.17198613536644927,0,true_negative,0.3149107891515839,49.0,Female,2011-2012
68093,0,0.1225175705383394,0,true_negative,0.3643793539796938,47.0,Male,2011-2012
68101,1,0.7771210200028947,1,true_positive,0.29022409548486156,80.0,Male,2011-2012
68106,0,0.33919565543702007,0,true_negative,0.1477012690810131,72.0,Female,2011-2012
68119,0,0.025269804318564223,0,true_negative,0.46162712019946894,30.0,Male,2011-2012
68120,0,0.02965720374730071,0,true_negative,0.4572397207707325,25.0,Female,2011-2012
68139,0,0.17995209129035636,0,true_negative,0.30694483322767685,52.0,Female,2011-2012
68145,0,0.6315470911647136,1,false_positive,0.14465016664668046,62.0,Male,2011-2012
68147,0,0.6723526894666659,1,false_positive,0.18545576494863275,75.0,Male,2011-2012
68152,0,0.34663673901052783,0,true_negative,0.14026018550750535,56.0,Male,2011-2012
68169,0,0.04100242136364098,0,true_negative,0.4458945031543922,23.0,Female,2011-2012
68170,0,0.10424069575808634,0,true_negative,0.38265622875994687,37.0,Male,2011-2012
68171,0,0.5266756564327898,1,false_positive,0.039778731914756615,58.0,Female,2011-2012
68173,0,0.2736534218447275,0,true_negative,0.21324350267330566,38.0,Male,2011-2012
68176,0,0.122508214248464,0,true_negative,0.3643887102695692,58.0,Female,2011-2012
68183,0,0.030289610149478438,0,true_negative,0.45660731436855473,28.0,Female,2011-2012
68188,0,0.8518243435553099,1,false_positive,0.3649274190372767,70.0,Female,2011-2012
68191,0,0.37119685286843096,0,true_negative,0.11570007164960222,56.0,Female,2011-2012
68195,0,0.8301472740764994,1,false_positive,0.3432503495584662,74.0,Male,2011-2012
68196,0,0.07867683715871146,0,true_negative,0.4082200873593217,45.0,Female,2011-2012
68197,0,0.21374935770175338,0,true_negative,0.27314756681627983,59.0,Male,2011-2012
68203,0,0.8781073545851922,1,false_positive,0.391210430067159,78.0,Female,2011-2012
68206,0,0.1269735201762516,0,true_negative,0.3599234043417816,35.0,Female,2011-2012
68207,0,0.22879119631896577,0,true_negative,0.2581057281990674,36.0,Male,2011-2012
68212,0,0.8545156287262001,1,false_positive,0.36761870420816695,80.0,Female,2011-2012
68222,0,0.13387174505844657,0,true_negative,0.3530251794595866,36.0,Male,2011-2012
68226,0,0.032616501927284824,0,true_negative,0.45428042259074836,38.0,Female,2011-2012
68227,0,0.10749763827582352,0,true_negative,0.37939928624220964,56.0,Female,2011-2012
68235,0,0.8727554719624646,1,false_positive,0.38585854744443143,79.0,Male,2011-2012
68245,0,0.03454546337179524,0,true_negative,0.4523514611462379,24.0,Female,2011-2012
68249,0,0.371780077216033,0,true_negative,0.11511684730200017,60.0,Male,2011-2012
68255,0,0.2090023821803291,0,true_negative,0.27789454233770405,60.0,Male,2011-2012
68277,0,0.2958534364300033,0,true_negative,0.1910434880880299,61.0,Male,2011-2012
68283,0,0.17568009525784548,0,true_negative,0.3112168292601877,54.0,Female,2011-2012
68290,1,0.8143306978158792,1,true_positive,0.327433773297846,74.0,Female,2011-2012
68309,0,0.35909556488199906,0,true_negative,0.12780135963603412,57.0,Male,2011-2012
68318,0,0.7403996088520519,1,false_positive,0.25350268433401874,80.0,Female,2011-2012
68322,0,0.07995892795253169,0,true_negative,0.4069379965655015,32.0,Male,2011-2012
68324,0,0.011882166207788192,0,true_negative,0.475014758310245,27.0,Female,2011-2012
68330,0,0.8004053473179293,1,false_positive,0.31350842279989616,69.0,Female,2011-2012
68331,0,0.46611184697793206,0,true_negative,0.020785077540101116,66.0,Male,2011-2012
68364,0,0.23354315184440458,0,true_negative,0.2533537726736286,63.0,Male,2011-2012
68375,0,0.7224010062872963,1,false_positive,0.23550408176926313,52.0,Female,2011-2012
68387,0,0.6232934958189934,1,false_positive,0.13639657130096022,70.0,Female,2011-2012
68401,0,0.21714716797997557,0,true_negative,0.2697497565380576,43.0,Male,2011-2012
68407,1,0.977239593909774,1,true_positive,0.4903426693917408,80.0,Female,2011-2012
68418,0,0.18303524158650059,0,true_negative,0.3038616829315326,70.0,Female,2011-2012
68419,0,0.4408140300400698,0,true_negative,0.046082894477963376,70.0,Female,2011-2012
68422,1,0.834517583578076,1,true_positive,0.34762065906004286,60.0,Female,2011-2012
68428,0,0.2648472688889574,0,true_negative,0.2220496556290758,44.0,Female,2011-2012
68432,0,0.8059519927105527,1,false_positive,0.31905506819251955,80.0,Male,2011-2012
68438,0,0.12766030155503635,0,true_negative,0.35923662296299685,43.0,Male,2011-2012
68444,0,0.044612247048101246,0,true_negative,0.44228467746993194,23.0,Male,2011-2012
68448,0,0.04206078439323001,0,true_negative,0.44483614012480316,28.0,Female,2011-2012
68458,0,0.1615911838275001,0,true_negative,0.3253057406905331,44.0,Male,2011-2012
68468,0,0.574781307139601,1,false_positive,0.08788438262156778,61.0,Male,2011-2012
68470,0,0.18236932100802022,0,true_negative,0.30452760351001296,56.0,Male,2011-2012
68473,0,0.11216870022338228,0,true_negative,0.3747282242946509,28.0,Male,2011-2012
68477,0,0.02865453259013567,0,true_negative,0.4582423919278975,21.0,Male,2011-2012
68491,1,0.8978541353546821,1,true_positive,0.4109572108366489,80.0,Male,2011-2012
68493,0,0.11249977771358223,0,true_negative,0.37439714680445096,29.0,Male,2011-2012
68494,0,0.05260462621964657,0,true_negative,0.4342922982983866,38.0,Female,2011-2012
68497,0,0.05949003344153224,0,true_negative,0.4274068910765009,34.0,Female,2011-2012
68498,0,0.296970801313686,0,true_negative,0.1899261232043472,63.0,Female,2011-2012
68499,0,0.3527427047290544,0,true_negative,0.1341542197889788,58.0,Male,2011-2012
68506,0,0.7157901852300936,1,false_positive,0.22889326071206045,77.0,Female,2011-2012
68507,0,0.10221720445340354,0,true_negative,0.38467972006462964,49.0,Female,2011-2012
68516,0,0.044814890940707085,0,true_negative,0.4420820335773261,30.0,Male,2011-2012
68518,0,0.028316270222814778,0,true_negative,0.4585806542952184,25.0,Female,2011-2012
68525,0,0.042583503556762305,0,true_negative,0.44431342096127086,39.0,Female,2011-2012
68529,0,0.5495948682687922,1,false_positive,0.06269794375075904,80.0,Female,2011-2012
68549,0,0.4896606900754076,1,false_positive,0.002763765557374398,67.0,Male,2011-2012
68551,0,0.46239748530187413,0,true_negative,0.024499439216159047,80.0,Female,2011-2012
68556,0,0.038260425742008414,0,true_negative,0.44863649877602474,50.0,Female,2011-2012
68557,0,0.7397065405295641,1,false_positive,0.2528096160115309,71.0,Male,2011-2012
68564,0,0.04611458532950413,0,true_negative,0.44078233918852905,35.0,Female,2011-2012
68567,0,0.35768540360970974,0,true_negative,0.12921152090832344,54.0,Female,2011-2012
68572,0,0.14722595714014922,0,true_negative,0.33967096737788394,42.0,Male,2011-2012
68575,0,0.08046994893764788,0,true_negative,0.4064269755803853,42.0,Female,2011-2012
68581,0,0.1700052745177398,0,true_negative,0.3168916500002934,43.0,Male,2011-2012
68592,0,0.03351879504621054,0,true_negative,0.45337812947182266,34.0,Male,2011-2012
68602,0,0.051722643475629326,0,true_negative,0.43517428104240385,36.0,Male,2011-2012
68612,0,0.11445485842507055,0,true_negative,0.3724420660929626,55.0,Female,2011-2012
68625,0,0.07020080678087388,0,true_negative,0.4166961177371593,24.0,Male,2011-2012
68626,1,0.9437598885898913,1,true_positive,0.45686296407185817,70.0,Female,2011-2012
68630,0,0.15011221882922907,0,true_negative,0.33678470568880414,32.0,Male,2011-2012
68663,0,0.13461313661053967,0,true_negative,0.3522837879074935,48.0,Female,2011-2012
68675,0,0.2574265692241437,0,true_negative,0.22947035529388948,73.0,Female,2011-2012
68679,0,0.4855780396610536,0,true_negative,0.001318884856979563,43.0,Male,2011-2012
68694,1,0.12778416987361751,0,false_negative,0.35911275464441567,57.0,Male,2011-2012
68695,0,0.03307323225601669,0,true_negative,0.45382369226201646,20.0,Male,2011-2012
68703,0,0.14075089931000395,0,true_negative,0.34614602520802923,63.0,Male,2011-2012
68707,0,0.7120821487690445,1,false_positive,0.22518522425101134,54.0,Male,2011-2012
68708,1,0.25199081708797294,0,false_negative,0.23490610743006024,61.0,Female,2011-2012
68709,0,0.03742680776528937,0,true_negative,0.4494701167527438,30.0,Female,2011-2012
68710,0,0.10410114053182967,0,true_negative,0.3827957839862035,40.0,Male,2011-2012
68722,0,0.13216443630891958,0,true_negative,0.35473248820911363,40.0,Male,2011-2012
68744,0,0.22472505494347025,0,true_negative,0.26217186957456295,33.0,Male,2011-2012
68746,0,0.23976841876659258,0,true_negative,0.2471285057514406,60.0,Female,2011-2012
68748,0,0.5352509287766053,1,false_positive,0.048354004258572114,70.0,Male,2011-2012
68749,0,0.05088380058898296,0,true_negative,0.43601312392905023,21.0,Female,2011-2012
68752,0,0.25712115911189753,0,true_negative,0.22977576540613565,45.0,Male,2011-2012
68754,0,0.30476065349985326,0,true_negative,0.18213627101817992,57.0,Male,2011-2012
68760,0,0.12251843404536279,0,true_negative,0.3643784904726704,24.0,Male,2011-2012
68762,0,0.014000389007775197,0,true_negative,0.472896535510258,34.0,Female,2011-2012
68767,0,0.23568637963371775,0,true_negative,0.25121054488431543,68.0,Female,2011-2012
68768,0,0.6828322867869343,1,false_positive,0.19593536226890113,77.0,Female,2011-2012
68787,0,0.9394641318510093,1,false_positive,0.4525672073329761,65.0,Male,2011-2012
68793,0,0.7715883118452649,1,false_positive,0.2846913873272317,73.0,Male,2011-2012
68803,0,0.013132715469919811,0,true_negative,0.4737642090481134,21.0,Female,2011-2012
68813,0,0.02777366607496157,0,true_negative,0.4591232584430716,24.0,Female,2011-2012
68819,0,0.16592404666184796,0,true_negative,0.3209728778561852,47.0,Male,2011-2012
68823,0,0.9306959663741778,1,false_positive,0.44379904185614466,64.0,Male,2011-2012
68831,0,0.41178814236100275,0,true_negative,0.07510878215703043,79.0,Female,2011-2012
68833,0,0.3312125423723673,0,true_negative,0.15568438214566588,41.0,Male,2011-2012
68837,0,0.07280201389601586,0,true_negative,0.4140949106220173,35.0,Female,2011-2012
68842,0,0.053001435697278304,0,true_negative,0.4338954888207549,43.0,Female,2011-2012
68843,0,0.5196058402873613,1,false_positive,0.03270891576932816,52.0,Male,2011-2012
68865,0,0.42393586236620384,0,true_negative,0.06296106215182934,62.0,Male,2011-2012
68866,0,0.03965961980534868,0,true_negative,0.4472373047126845,22.0,Male,2011-2012
68881,0,0.05732183628857287,0,true_negative,0.42957508822946033,35.0,Female,2011-2012
68894,0,0.10191538064717587,0,true_negative,0.3849815438708573,36.0,Male,2011-2012
68895,1,0.5098103046287049,1,true_positive,0.022913380110671733,74.0,Female,2011-2012
68919,0,0.03932253636352903,0,true_negative,0.4475743881545041,37.0,Female,2011-2012
68924,0,0.08930543263707352,0,true_negative,0.39759149188095966,20.0,Male,2011-2012
68933,0,0.8532757446445786,1,false_positive,0.3663788201265454,72.0,Male,2011-2012
68955,0,0.36136350893155555,0,true_negative,0.12553341558647763,59.0,Male,2011-2012
68971,0,0.075005613030724,0,true_negative,0.4118913114873092,21.0,Female,2011-2012
68976,0,0.1464391137024918,0,true_negative,0.3404578108155414,44.0,Male,2011-2012
68980,0,0.01683338808717285,0,true_negative,0.47006353643086035,20.0,Male,2011-2012
68981,0,0.5476327977048945,1,false_positive,0.0607358731868613,80.0,Female,2011-2012
68990,0,0.26370198654852217,0,true_negative,0.223194937969511,53.0,Male,2011-2012
68998,0,0.03101630240180443,0,true_negative,0.45588062211622876,43.0,Female,2011-2012
69005,0,0.5478136926994298,1,false_positive,0.06091676818139663,77.0,Female,2011-2012
69013,0,0.32109790211203476,0,true_negative,0.16579902240599842,35.0,Male,2011-2012
69017,0,0.1784962395021853,0,true_negative,0.3084006850158479,58.0,Male,2011-2012
69020,0,0.07949961389432482,0,true_negative,0.4073973106237084,42.0,Male,2011-2012
69038,0,0.020774939216981737,0,true_negative,0.4661219853010514,29.0,Female,2011-2012
69047,0,0.40887348702442733,0,true_negative,0.07802343749360585,61.0,Female,2011-2012
69055,0,0.02662641523714246,0,true_negative,0.46027050928089075,28.0,Female,2011-2012
69056,0,0.06588288801930113,0,true_negative,0.42101403649873204,39.0,Male,2011-2012
69062,0,0.6241581231695611,1,false_positive,0.13726119865152792,70.0,Female,2011-2012
69065,0,0.02775767443938833,0,true_negative,0.45913925007864487,28.0,Male,2011-2012
69081,0,0.008169754644641881,0,true_negative,0.4787271698733913,23.0,Female,2011-2012
69088,0,0.5816069511814644,1,false_positive,0.09471002666343126,67.0,Female,2011-2012
69091,0,0.2520615708251219,0,true_negative,0.2348353536929113,52.0,Male,2011-2012
69097,0,0.03517447324885299,0,true_negative,0.4517224512691802,31.0,Male,2011-2012
69101,0,0.4479263005774134,0,true_negative,0.038970623940619786,58.0,Male,2011-2012
69108,0,0.13254242062662988,0,true_negative,0.3543545038914033,30.0,Male,2011-2012
69110,0,0.2241869720769295,0,true_negative,0.2627099524411037,56.0,Female,2011-2012
69112,0,0.038241600876240525,0,true_negative,0.44865532364179267,23.0,Female,2011-2012
69136,0,0.02899304203452649,0,true_negative,0.45790388248350666,36.0,Female,2011-2012
69137,0,0.13258411155642716,0,true_negative,0.354312812961606,56.0,Male,2011-2012
69142,0,0.8826150324751623,1,false_positive,0.3957181079571291,72.0,Male,2011-2012
69157,0,0.03531107513458007,0,true_negative,0.45158584938345314,21.0,Female,2011-2012
69159,0,0.019188399821952012,0,true_negative,0.46770852469608115,22.0,Female,2011-2012
69165,0,0.5566614248265703,1,false_positive,0.06976450030853715,72.0,Male,2011-2012
69166,0,0.8104510973040212,1,false_positive,0.323554172785988,60.0,Male,2011-2012
69167,1,0.8837302645153043,1,true_positive,0.39683333999727116,80.0,Female,2011-2012
69172,0,0.19407467330147965,0,true_negative,0.29282225121655353,65.0,Female,2011-2012
69205,0,0.04907505648513313,0,true_negative,0.4378218680329001,47.0,Female,2011-2012
69210,0,0.071602235506019,0,true_negative,0.41529468901201416,23.0,Male,2011-2012
69213,0,0.05380956597672125,0,true_negative,0.4330873585413119,47.0,Female,2011-2012
69223,0,0.04586692098314279,0,true_negative,0.4410300035348904,24.0,Male,2011-2012
69241,0,0.1420998434442027,0,true_negative,0.34479708107383045,36.0,Male,2011-2012
69249,0,0.12504154539220871,0,true_negative,0.36185537912582444,34.0,Male,2011-2012
69255,0,0.8225081966641773,1,false_positive,0.3356112721461441,80.0,Male,2011-2012
69274,0,0.004697430500180242,0,true_negative,0.48219949401785295,21.0,Female,2011-2012
69280,0,0.6008281782958701,1,false_positive,0.11393125377783692,80.0,Female,2011-2012
69287,0,0.1598575996624827,0,true_negative,0.3270393248555505,54.0,Male,2011-2012
69295,0,0.255484038500997,0,true_negative,0.2314128860170362,49.0,Male,2011-2012
69301,0,0.207537463589793,0,true_negative,0.27935946092824016,64.0,Female,2011-2012
69307,0,0.2762475953934881,0,true_negative,0.2106493291245451,58.0,Male,2011-2012
69319,0,0.0884695119795828,0,true_negative,0.3984274125384504,42.0,Male,2011-2012
69321,0,0.4011328159797104,0,true_negative,0.08576410853832278,55.0,Male,2011-2012
69323,0,0.33096661650833265,0,true_negative,0.15593030800970054,63.0,Male,2011-2012
69324,0,0.019041462075527326,0,true_negative,0.46785546244250587,42.0,Male,2011-2012
69325,0,0.02147453564100678,0,true_negative,0.4654223888770264,36.0,Female,2011-2012
69329,0,0.14988966276321897,0,true_negative,0.3370072617548142,50.0,Female,2011-2012
69333,0,0.729574383348032,1,false_positive,0.24267745882999886,76.0,Female,2011-2012
69337,0,0.01898803998385335,0,true_negative,0.46790888453417984,23.0,Female,2011-2012
69342,0,0.027300900430759147,0,true_negative,0.459596024087274,23.0,Male,2011-2012
69356,0,0.39412628569790736,0,true_negative,0.09277063882012582,62.0,Female,2011-2012
69361,0,0.45681610836099,0,true_negative,0.030080816157043166,66.0,Male,2011-2012
69365,0,0.44006503917569284,0,true_negative,0.04683188534234034,59.0,Female,2011-2012
69386,0,0.7044558586061787,1,false_positive,0.21755893408814547,52.0,Male,2011-2012
69390,0,0.30496305368487286,0,true_negative,0.18193387083316032,62.0,Male,2011-2012
69391,0,0.033799018027416715,0,true_negative,0.4530979064906165,52.0,Female,2011-2012
69393,0,0.045815275796900666,0,true_negative,0.44108164872113254,33.0,Male,2011-2012
69395,0,0.03770981466155079,0,true_negative,0.4491871098564824,25.0,Male,2011-2012
69400,0,0.07475079627053283,0,true_negative,0.41214612824750035,45.0,Male,2011-2012
69402,0,0.15383868962024486,0,true_negative,0.3330582348977883,59.0,Female,2011-2012
69417,0,0.14769451350705384,0,true_negative,0.33920241101097937,27.0,Male,2011-2012
69420,0,0.7178661526480723,1,false_positive,0.23096922813003912,80.0,Female,2011-2012
69425,0,0.24650237767079133,0,true_negative,0.24039454684724185,66.0,Female,2011-2012
69436,0,0.13458310408566793,0,true_negative,0.35231382043236525,46.0,Male,2011-2012
69439,0,0.7355664716409522,1,false_positive,0.24866954712291905,67.0,Male,2011-2012
69456,0,0.22033408134591803,0,true_negative,0.26656284317211515,52.0,Male,2011-2012
69468,0,0.466839483517938,0,true_negative,0.020057441000095155,69.0,Male,2011-2012
69488,0,0.5310108775491518,1,false_positive,0.04411395303111859,65.0,Female,2011-2012
69491,0,0.6850337961833289,1,false_positive,0.19813687166529576,67.0,Female,2011-2012
69495,0,0.01862772267929623,0,true_negative,0.46826920183873694,22.0,Female,2011-2012
69499,0,0.06009426739993715,0,true_negative,0.426802657118096,42.0,Female,2011-2012
69504,0,0.21102589040471947,0,true_negative,0.2758710341133137,54.0,Male,2011-2012
69506,0,0.9622663397439264,1,false_positive,0.4753694152258932,80.0,Male,2011-2012
69513,0,0.051363055692873034,0,true_negative,0.43553386882516015,46.0,Male,2011-2012
69514,0,0.1954082461214091,0,true_negative,0.29148867839662407,57.0,Male,2011-2012
69515,0,0.5882160040390859,1,false_positive,0.10131907952105274,63.0,Male,2011-2012
69519,0,0.030234340695536866,0,true_negative,0.4566625838224963,22.0,Female,2011-2012
69522,0,0.03854681152099652,0,true_negative,0.44835011299703664,25.0,Female,2011-2012
69539,0,0.9078880375354398,1,false_positive,0.4209911130174066,80.0,Male,2011-2012
69541,0,0.05467642138065652,0,true_negative,0.43222050313737664,20.0,Male,2011-2012
69546,0,0.03365532774028269,0,true_negative,0.4532415967777505,26.0,Male,2011-2012
69547,0,0.41774133146773135,0,true_negative,0.06915559305030183,73.0,Male,2011-2012
69552,0,0.5333034833279576,1,false_positive,0.04640655880992445,64.0,Female,2011-2012
69558,0,0.08982850009990595,0,true_negative,0.39706842441812723,27.0,Female,2011-2012
69560,0,0.05637947061446432,0,true_negative,0.4305174539035689,26.0,Male,2011-2012
69564,0,0.11668307816995512,0,true_negative,0.3702138463480781,37.0,Male,2011-2012
69600,0,0.3702345850094206,0,true_negative,0.1166623395086126,65.0,Male,2011-2012
69602,0,0.23240423015315373,0,true_negative,0.2544926943648794,49.0,Male,2011-2012
69608,0,0.423425301670145,0,true_negative,0.06347162284788815,75.0,Male,2011-2012
69613,0,0.008679929545588157,0,true_negative,0.478216994972445,27.0,Female,2011-2012
69624,0,0.29930685841488525,0,true_negative,0.18759006610314793,67.0,Male,2011-2012
69625,0,0.04775595269223261,0,true_negative,0.4391409718258006,29.0,Male,2011-2012
69644,0,0.4453740472229068,0,true_negative,0.04152287729512638,64.0,Female,2011-2012
69647,0,0.04833771532831292,0,true_negative,0.43855920918972024,36.0,Male,2011-2012
69653,0,0.07271665112471824,0,true_negative,0.4141802733933149,28.0,Male,2011-2012
69656,0,0.44718187119729685,0,true_negative,0.03971505332073633,62.0,Male,2011-2012
69665,0,0.17684610126312406,0,true_negative,0.3100508232549091,50.0,Female,2011-2012
69682,1,0.8715876388832539,1,true_positive,0.3846907143652207,67.0,Male,2011-2012
69688,0,0.11525147761706554,0,true_negative,0.3716454469009676,42.0,Male,2011-2012
69693,0,0.23069915072274882,0,true_negative,0.25619777379528436,37.0,Female,2011-2012
69701,0,0.07133380808251706,0,true_negative,0.41556311643551613,52.0,Male,2011-2012
69709,0,0.46729039842949716,0,true_negative,0.019606526088536025,62.0,Female,2011-2012
69715,0,0.4743581211234261,0,true_negative,0.012538803394607057,43.0,Female,2011-2012
69716,0,0.26940946979853814,0,true_negative,0.21748745471949504,63.0,Female,2011-2012
69724,0,0.3807821256768693,0,true_negative,0.10611479884116387,58.0,Male,2011-2012
69730,0,0.5884988987109725,1,false_positive,0.10160197419293931,70.0,Female,2011-2012
69732,0,0.05997732616814213,0,true_negative,0.42691959834989107,33.0,Male,2011-2012
69734,0,0.06723665247544916,0,true_negative,0.41966027204258405,26.0,Male,2011-2012
69738,0,0.3781226352639673,0,true_negative,0.1087742892540659,51.0,Female,2011-2012
69754,0,0.5504093615766398,1,false_positive,0.0635124370586066,80.0,Male,2011-2012
69765,0,0.3444717645244109,0,true_negative,0.14242515999362226,65.0,Female,2011-2012
69767,0,0.7480331512261827,1,false_positive,0.26113622670814957,56.0,Male,2011-2012
69770,0,0.05177919873874569,0,true_negative,0.4351177257792875,24.0,Female,2011-2012
69773,0,0.0488860124568211,0,true_negative,0.43801091206121207,40.0,Male,2011-2012
69774,0,0.22493230771924597,0,true_negative,0.26196461679878724,54.0,Male,2011-2012
69782,0,0.17908737606530992,0,true_negative,0.30780954845272324,52.0,Male,2011-2012
69783,0,0.07819600286515234,0,true_negative,0.40870092165288086,66.0,Female,2011-2012
69784,0,0.5692025395999384,1,false_positive,0.0823056150819052,69.0,Male,2011-2012
69797,0,0.0160744957282266,0,true_negative,0.47082242878980657,31.0,Female,2011-2012
69812,0,0.8077494227275366,1,false_positive,0.3208524982095034,80.0,Female,2011-2012
69821,0,0.41921311197257827,0,true_negative,0.06768381254545491,66.0,Female,2011-2012
69838,0,0.06065811282824628,0,true_negative,0.4262388116897869,31.0,Male,2011-2012
69864,0,0.1641389231136355,0,true_negative,0.3227580014043977,52.0,Male,2011-2012
69870,0,0.7679385485651748,1,false_positive,0.28104162404714167,68.0,Male,2011-2012
69880,0,0.06084173211625805,0,true_negative,0.42605519240177514,34.0,Female,2011-2012
69885,0,0.0354061392791683,0,true_negative,0.4514907852388649,42.0,Female,2011-2012
69892,0,0.14714511269039088,0,true_negative,0.3397518118276423,63.0,Female,2011-2012
69893,0,0.09250340878232416,0,true_negative,0.394393515735709,22.0,Male,2011-2012
69902,0,0.31577306588003295,0,true_negative,0.17112385863800023,48.0,Female,2011-2012
69916,0,0.042084245857098926,0,true_negative,0.44481267866093427,22.0,Female,2011-2012
69919,0,0.10442718422430923,0,true_negative,0.38246974029372394,31.0,Male,2011-2012
69925,0,0.7095240878139932,1,false_positive,0.22262716329596005,80.0,Female,2011-2012
69930,0,0.04540149082604685,0,true_negative,0.44149543369198635,27.0,Female,2011-2012
69931,0,0.1075658531212,0,true_negative,0.3793310713968332,28.0,Female,2011-2012
69954,0,0.07371387174493017,0,true_negative,0.413183052773103,43.0,Female,2011-2012
69965,0,0.07214681536199592,0,true_negative,0.41475010915603727,27.0,Female,2011-2012
69972,0,0.7358200604804469,1,false_positive,0.24892313596241372,79.0,Male,2011-2012
69973,0,0.31388331128078806,0,true_negative,0.17301361323724512,55.0,Female,2011-2012
69979,0,0.2554006061547142,0,true_negative,0.23149631836331896,36.0,Female,2011-2012
69991,0,0.14243475288983182,0,true_negative,0.34446217162820136,56.0,Female,2011-2012
69997,0,0.1342094591612849,0,true_negative,0.3526874653567483,46.0,Male,2011-2012
70005,0,0.8636072180768424,1,false_positive,0.3767102935588092,80.0,Male,2011-2012
70009,0,0.046642275209793166,0,true_negative,0.44025464930824,26.0,Male,2011-2012
70013,0,0.7423544845355644,1,false_positive,0.2554575600175312,70.0,Male,2011-2012
70015,0,0.38799073701831394,0,true_negative,0.09890618749971924,57.0,Male,2011-2012
70020,0,0.010709402672857993,0,true_negative,0.4761875218451752,21.0,Female,2011-2012
70033,0,0.1351225150822479,0,true_negative,0.3517744094357853,53.0,Female,2011-2012
70049,0,0.09849868716249816,0,true_negative,0.388398237355535,41.0,Male,2011-2012
70053,0,0.050885487641839665,0,true_negative,0.43601143687619354,20.0,Male,2011-2012
70058,0,0.039323943817367944,0,true_negative,0.44757298070066526,38.0,Male,2011-2012
70072,0,0.3339704807268872,0,true_negative,0.152926443791146,53.0,Male,2011-2012
70078,0,0.03114464544713603,0,true_negative,0.45575227907089716,33.0,Female,2011-2012
70084,0,0.7948370610917598,1,false_positive,0.3079401365737266,66.0,Male,2011-2012
70111,0,0.22328899391864368,0,true_negative,0.2636079305993895,56.0,Male,2011-2012
70117,0,0.10841052803739978,0,true_negative,0.3784863964806334,46.0,Male,2011-2012
70118,0,0.6732682981543219,1,false_positive,0.1863713736362887,80.0,Female,2011-2012
70120,0,0.4195795759912083,0,true_negative,0.06731734852682486,70.0,Female,2011-2012
70121,0,0.11939434136736435,0,true_negative,0.36750258315066886,33.0,Female,2011-2012
70122,0,0.03044250002118138,0,true_negative,0.4564544244968518,37.0,Female,2011-2012
70132,0,0.29903762870702816,0,true_negative,0.18785929581100502,62.0,Male,2011-2012
70142,0,0.39606498671320284,0,true_negative,0.09083193780483034,69.0,Female,2011-2012
70148,0,0.17563982140020082,0,true_negative,0.3112571031178324,30.0,Male,2011-2012
70150,0,0.06510801299480766,0,true_negative,0.4217889115232255,39.0,Male,2011-2012
70153,0,0.3753832713602691,0,true_negative,0.11151365315776407,57.0,Male,2011-2012
70158,0,0.142869761446018,0,true_negative,0.3440271630720152,53.0,Female,2011-2012
70162,0,0.07518472984835015,0,true_negative,0.411712194669683,34.0,Male,2011-2012
70163,0,0.15180933894095935,0,true_negative,0.33508758557707385,53.0,Female,2011-2012
70183,0,0.09764195866211152,0,true_negative,0.3892549658559217,37.0,Female,2011-2012
70196,0,0.18098345753915296,0,true_negative,0.3059134669788802,37.0,Male,2011-2012
70203,0,0.2521999646820702,0,true_negative,0.234696959835963,46.0,Male,2011-2012
70206,0,0.06304482733990181,0,true_negative,0.4238520971781314,34.0,Female,2011-2012
70212,0,0.06253311077577464,0,true_negative,0.4243638137422585,40.0,Female,2011-2012
70227,0,0.31461410667701106,0,true_negative,0.17228281784102212,46.0,Female,2011-2012
70231,0,0.055111571528970095,0,true_negative,0.43178535298906306,37.0,Female,2011-2012
70234,0,0.8160082075197569,1,false_positive,0.3291112830017237,63.0,Male,2011-2012
70236,0,0.1570235749196391,0,true_negative,0.3298733495983941,63.0,Female,2011-2012
70244,0,0.9005719084940486,1,false_positive,0.4136749839760154,80.0,Male,2011-2012
70247,0,0.08261268667271039,0,true_negative,0.4042842378453228,54.0,Female,2011-2012
70268,0,0.5281911925115728,1,false_positive,0.04129426799353958,46.0,Male,2011-2012
70274,0,0.6535961239152476,1,false_positive,0.1666991993972144,80.0,Female,2011-2012
70276,0,0.19711057409624091,0,true_negative,0.28978635042179224,51.0,Female,2011-2012
70281,0,0.02236185669853553,0,true_negative,0.46453506781949766,30.0,Female,2011-2012
70282,0,0.025149973371585425,0,true_negative,0.46174695114644776,24.0,Male,2011-2012
70287,0,0.04234517636080416,0,true_negative,0.44455174815722903,46.0,Female,2011-2012
70291,0,0.18154951439243386,0,true_negative,0.3053474101255993,25.0,Female,2011-2012
70294,1,0.29122178635473417,0,false_negative,0.195675138163299,60.0,Male,2011-2012
70295,0,0.08763304299452034,0,true_negative,0.39926388152351283,47.0,Male,2011-2012
70298,0,0.47471317646677197,0,true_negative,0.012183748051261212,42.0,Female,2011-2012
70301,0,0.1807481762451671,0,true_negative,0.3061487482728661,51.0,Female,2011-2012
70319,0,0.4076489264678035,0,true_negative,0.0792479980502297,55.0,Male,2011-2012
70327,0,0.12382685754071718,0,true_negative,0.36307006697731603,62.0,Female,2011-2012
70329,0,0.2372535795803797,0,true_negative,0.24964334493765347,60.0,Female,2011-2012
70335,0,0.23501102993850848,0,true_negative,0.2518858945795247,53.0,Female,2011-2012
70341,1,0.717907692741203,1,true_positive,0.23101076822316985,62.0,Male,2011-2012
70342,0,0.2840685672257405,0,true_negative,0.2028283572922927,61.0,Female,2011-2012
70355,0,0.4994622088028205,1,false_positive,0.012565284284787315,65.0,Male,2011-2012
70358,0,0.06738292775059081,0,true_negative,0.4195139967674424,44.0,Female,2011-2012
70359,0,0.6929961499731832,1,false_positive,0.20609922545514997,80.0,Male,2011-2012
70363,0,0.13587641462990632,0,true_negative,0.35102050988812683,62.0,Female,2011-2012
70366,0,0.13011071083995945,0,true_negative,0.3567862136780737,49.0,Female,2011-2012
70368,0,0.7747912378141877,1,false_positive,0.2878943132961545,55.0,Male,2011-2012
70372,0,0.2879859970056231,0,true_negative,0.19891092751241007,61.0,Male,2011-2012
70386,0,0.12615672776589051,0,true_negative,0.36074019675214264,38.0,Male,2011-2012
70391,0,0.8252716971805167,1,false_positive,0.33837477266248356,80.0,Female,2011-2012
70398,0,0.1792874423096801,0,true_negative,0.30760948220835305,57.0,Female,2011-2012
70401,0,0.035281148333130216,0,true_negative,0.45161577618490295,47.0,Male,2011-2012
70423,0,0.40654443058039885,0,true_negative,0.08035249393763433,52.0,Male,2011-2012
70429,0,0.10494957738402454,0,true_negative,0.38194734713400863,44.0,Female,2011-2012
70430,0,0.033457099011044975,0,true_negative,0.4534398255069882,37.0,Female,2011-2012
70438,0,0.14255018055668872,0,true_negative,0.34434674396134446,42.0,Male,2011-2012
70439,0,0.022828001024616382,0,true_negative,0.4640689234934168,24.0,Female,2011-2012
70457,0,0.030933466383614314,0,true_negative,0.45596345813441885,40.0,Female,2011-2012
70464,0,0.06441176235957183,0,true_negative,0.4224851621584613,60.0,Female,2011-2012
70466,0,0.00520350438348244,0,true_negative,0.48169342013455074,25.0,Female,2011-2012
70476,0,0.08086703794833783,0,true_negative,0.40602988656969535,30.0,Male,2011-2012
70483,0,0.03102801312680945,0,true_negative,0.4558689113912237,20.0,Male,2011-2012
70498,0,0.08424683277201406,0,true_negative,0.4026500917460191,63.0,Female,2011-2012
70512,0,0.025558857522784504,0,true_negative,0.46133806699524865,25.0,Female,2011-2012
70514,0,0.040889457684895186,0,true_negative,0.44600746683313797,22.0,Female,2011-2012
70525,0,0.48165040081140414,0,true_negative,0.005246523706629036,63.0,Male,2011-2012
70533,0,0.3447030263729637,0,true_negative,0.1421938981450695,51.0,Female,2011-2012
70535,0,0.11549961661338001,0,true_negative,0.3713973079046532,40.0,Male,2011-2012
70545,0,0.05334308604596001,0,true_negative,0.4335538384720732,31.0,Male,2011-2012
70550,0,0.9011208273133541,1,false_positive,0.4142239027953209,76.0,Male,2011-2012
70565,0,0.5923613279847519,1,false_positive,0.10546440346671876,76.0,Female,2011-2012
70574,0,0.07794849177249047,0,true_negative,0.4089484327455427,36.0,Female,2011-2012
70575,0,0.25544714535086704,0,true_negative,0.23144977916716614,69.0,Female,2011-2012
70582,0,0.04303841902992676,0,true_negative,0.4438585054881064,36.0,Female,2011-2012
70590,0,0.03956838860057686,0,true_negative,0.4473285359174563,51.0,Female,2011-2012
70595,0,0.319576835516553,0,true_negative,0.16732008900148015,60.0,Female,2011-2012
70597,0,0.1872792723850653,0,true_negative,0.29961765213296787,49.0,Female,2011-2012
70598,0,0.016663407953733,0,true_negative,0.4702335165643002,28.0,Female,2011-2012
70603,0,0.19650821901157922,0,true_negative,0.29038870550645396,55.0,Male,2011-2012
70605,0,0.29770899800718104,0,true_negative,0.18918792651085214,56.0,Male,2011-2012
70624,0,0.25951923090195256,0,true_negative,0.22737769361608062,42.0,Male,2011-2012
70627,0,0.07627840675928599,0,true_negative,0.4106185177587472,52.0,Female,2011-2012
70629,0,0.038801625856271386,0,true_negative,0.4480952986617618,28.0,Female,2011-2012
70635,0,0.37170568255326075,0,true_negative,0.11519124196477243,68.0,Female,2011-2012
70638,0,0.3267736079300317,0,true_negative,0.1601233165880015,53.0,Male,2011-2012
70644,0,0.21649503061650135,0,true_negative,0.2704018939015318,41.0,Male,2011-2012
70661,0,0.17142428146433225,0,true_negative,0.31547264305370093,65.0,Female,2011-2012
70670,0,0.2935335473559711,0,true_negative,0.1933633771620621,56.0,Female,2011-2012
70677,0,0.06837771368433146,0,true_negative,0.4185192108337017,29.0,Male,2011-2012
70684,1,0.2079065193834509,0,false_negative,0.2789904051345823,58.0,Male,2011-2012
70713,0,0.041640390558470346,0,true_negative,0.44525653395956283,30.0,Female,2011-2012
70716,0,0.05351856609494761,0,true_negative,0.4333783584230856,43.0,Female,2011-2012
70718,1,0.8150478632519019,1,true_positive,0.32815093873386875,75.0,Male,2011-2012
70727,0,0.049128865502992836,0,true_negative,0.43776805901504035,44.0,Female,2011-2012
70737,0,0.03630525930334226,0,true_negative,0.4505916652146909,28.0,Male,2011-2012
70743,0,0.6641733657557091,1,false_positive,0.17727644123767589,46.0,Male,2011-2012
70753,0,0.030967839594276826,0,true_negative,0.45592908492375633,30.0,Male,2011-2012
70755,0,0.4195046216510636,0,true_negative,0.06739230286696957,56.0,Male,2011-2012
70757,0,0.07425090610913408,0,true_negative,0.4126460184088991,36.0,Male,2011-2012
70763,0,0.6420778976044424,1,false_positive,0.15518097308640927,80.0,Female,2011-2012
70766,0,0.19968373676147066,0,true_negative,0.2872131877565625,45.0,Female,2011-2012
70773,0,0.05997098135457729,0,true_negative,0.4269259431634559,33.0,Female,2011-2012
70776,0,0.4062634507150904,0,true_negative,0.08063347380294278,60.0,Male,2011-2012
70797,0,0.05098159406920855,0,true_negative,0.43591533044882463,33.0,Female,2011-2012
70801,0,0.028972078663260927,0,true_negative,0.4579248458547723,28.0,Female,2011-2012
70805,0,0.2007890593184459,0,true_negative,0.2861078651995873,55.0,Female,2011-2012
70806,0,0.03697130960589534,0,true_negative,0.44992561491213784,42.0,Female,2011-2012
70835,0,0.7359800296371918,1,false_positive,0.2490831051191586,62.0,Male,2011-2012
70842,0,0.20304141779154838,0,true_negative,0.2838555067264848,32.0,Male,2011-2012
70851,0,0.14546580715152688,0,true_negative,0.34143111736650633,36.0,Male,2011-2012
70865,0,0.2275602618366869,0,true_negative,0.25933666268134625,45.0,Male,2011-2012
70868,0,0.7773568789592546,1,false_positive,0.29045995444122147,46.0,Male,2011-2012
70877,0,0.43610258054362855,0,true_negative,0.05079434397440463,56.0,Male,2011-2012
70878,0,0.061741169133168045,0,true_negative,0.42515575538486516,25.0,Male,2011-2012
70886,0,0.019917280043814156,0,true_negative,0.466979644474219,21.0,Female,2011-2012
70897,0,0.129018332361822,0,true_negative,0.3578785921562112,52.0,Male,2011-2012
70900,0,0.5184714576642133,1,false_positive,0.03157453314618014,59.0,Male,2011-2012
70910,0,0.616744188210152,1,false_positive,0.1298472636921188,38.0,Male,2011-2012
70914,0,0.018892092361989434,0,true_negative,0.46800483215604377,40.0,Male,2011-2012
70916,0,0.4055210628509341,0,true_negative,0.08137586166709909,78.0,Female,2011-2012
70923,1,0.41455961826144594,0,false_negative,0.07233730625658724,63.0,Male,2011-2012
70931,0,0.07543481480362135,0,true_negative,0.41146210971441183,44.0,Female,2011-2012
70933,0,0.08844587098807546,0,true_negative,0.3984510535299577,46.0,Female,2011-2012
70935,0,0.040233848344024804,0,true_negative,0.44666307617400836,46.0,Female,2011-2012
70938,0,0.2705737439679038,0,true_negative,0.2163231805501294,49.0,Male,2011-2012
70939,0,0.032053441268129555,0,true_negative,0.45484348324990365,28.0,Female,2011-2012
70941,0,0.21263341170725522,0,true_negative,0.274263512810778,45.0,Male,2011-2012
70959,0,0.3185822847539659,0,true_negative,0.1683146397640673,55.0,Female,2011-2012
70961,0,0.35047779014552505,0,true_negative,0.13641913437250813,74.0,Female,2011-2012
70962,0,0.08543645954809036,0,true_negative,0.4014604649699428,40.0,Male,2011-2012
70964,0,0.1177813792276228,0,true_negative,0.36911554529041035,35.0,Female,2011-2012
70969,0,0.08166236524341292,0,true_negative,0.40523455927462027,45.0,Male,2011-2012
70981,0,0.29219024082920797,0,true_negative,0.1947066836888252,50.0,Male,2011-2012
70987,0,0.015357615894602402,0,true_negative,0.4715393086234308,22.0,Female,2011-2012
70997,0,0.4020239594411422,0,true_negative,0.08487296507689096,62.0,Female,2011-2012
71029,0,0.023412102816460025,0,true_negative,0.4634848217015732,25.0,Female,2011-2012
71038,0,0.4060713784331263,0,true_negative,0.08082554608490689,60.0,Male,2011-2012
71040,0,0.6655290300579332,1,false_positive,0.1786321055399,63.0,Male,2011-2012
71042,0,0.11418663425121066,0,true_negative,0.3727102902668225,38.0,Male,2011-2012
71045,0,0.9119601871238112,1,false_positive,0.42506326260577804,80.0,Male,2011-2012
71046,0,0.22906628009908414,0,true_negative,0.25783064441894904,52.0,Male,2011-2012
71048,0,0.35976755213998335,0,true_negative,0.12712937237804983,52.0,Female,2011-2012
71059,0,0.4361955800506621,0,true_negative,0.05070134446737107,53.0,Male,2011-2012
71060,0,0.04044578949680157,0,true_negative,0.4464511350212316,31.0,Female,2011-2012
71061,0,0.1824210492460645,0,true_negative,0.3044758752719687,54.0,Male,2011-2012
71062,0,0.6464038101893175,1,false_positive,0.1595068856712843,52.0,Male,2011-2012
71063,0,0.03699670705307939,0,true_negative,0.4499002174649538,34.0,Female,2011-2012
71068,0,0.33635694063348504,0,true_negative,0.15053998388454815,45.0,Male,2011-2012
71072,0,0.29640300144295345,0,true_negative,0.19049392307507973,50.0,Female,2011-2012
71082,0,0.7504015318424636,1,false_positive,0.26350460732443043,78.0,Male,2011-2012
71087,0,0.5672863985672164,1,false_positive,0.08038947404918323,65.0,Female,2011-2012
71089,0,0.06218436807169118,0,true_negative,0.424712556446342,32.0,Female,2011-2012
71092,0,0.30897397680382777,0,true_negative,0.17792294771420541,71.0,Female,2011-2012
71094,0,0.2265761120279374,0,true_negative,0.26032081249009575,51.0,Female,2011-2012
71111,0,0.8603247731745651,1,false_positive,0.37342784865653195,75.0,Female,2011-2012
71114,0,0.015777584533480805,0,true_negative,0.47111933998455235,20.0,Female,2011-2012
71135,1,0.6109475739761243,1,true_positive,0.12405064945809113,76.0,Female,2011-2012
71152,0,0.9827168423376892,1,false_positive,0.495819917819656,80.0,Male,2011-2012
71164,0,0.1679718302472919,0,true_negative,0.3189250942707413,48.0,Male,2011-2012
71176,1,0.7158855518963442,1,true_positive,0.228988627378311,62.0,Male,2011-2012
71194,1,0.6655838430295429,1,true_positive,0.1786869185115097,61.0,Female,2011-2012
71195,0,0.03196557559222447,0,true_negative,0.4549313489258087,36.0,Female,2011-2012
71201,0,0.24485937217305326,0,true_negative,0.24203755234497992,57.0,Female,2011-2012
71202,0,0.8138986686145133,1,false_positive,0.32700174409648014,80.0,Female,2011-2012
71203,0,0.22388240890751193,0,true_negative,0.26301451561052125,63.0,Female,2011-2012
71211,0,0.03409960481917947,0,true_negative,0.45279731969885373,32.0,Female,2011-2012
71215,0,0.3612579473100312,0,true_negative,0.125638977208002,60.0,Male,2011-2012
71218,0,0.06855201511002611,0,true_negative,0.41834490940800706,33.0,Male,2011-2012
71223,0,0.027094210837009778,0,true_negative,0.4598027136810234,25.0,Female,2011-2012
71224,0,0.22650907262401165,0,true_negative,0.2603878518940215,68.0,Female,2011-2012
71228,0,0.1006875337743959,0,true_negative,0.38620939074363725,49.0,Female,2011-2012
71237,0,0.19787656671769469,0,true_negative,0.2890203578003385,43.0,Female,2011-2012
71238,0,0.1447262212989395,0,true_negative,0.3421707032190937,53.0,Female,2011-2012
71239,0,0.3875454712737213,0,true_negative,0.09935145324431188,48.0,Male,2011-2012
71245,0,0.4929352686123209,1,false_positive,0.006038344094287718,62.0,Male,2011-2012
71261,0,0.4061590662720052,0,true_negative,0.08073785824602797,50.0,Female,2011-2012
71267,0,0.07326017463012878,0,true_negative,0.4136367498879044,41.0,Female,2011-2012
71274,0,0.007641990727147274,0,true_negative,0.4792549337908859,28.0,Female,2011-2012
71278,0,0.4513183081676889,0,true_negative,0.03557861635034426,69.0,Male,2011-2012
71295,0,0.05812122497109618,0,true_negative,0.428775699546937,25.0,Male,2011-2012
71296,0,0.15100917496689686,0,true_negative,0.3358877495511363,32.0,Female,2011-2012
71300,0,0.023415927206795244,0,true_negative,0.46348099731123793,35.0,Female,2011-2012
71302,0,0.2746879835266321,0,true_negative,0.21220894099140108,56.0,Female,2011-2012
71310,0,0.5574897877349819,1,false_positive,0.07059286321694874,67.0,Female,2011-2012
71315,0,0.6404171785613346,1,false_positive,0.15352025404330144,44.0,Male,2011-2012
71353,0,0.9093380307464803,1,false_positive,0.42244110622844716,76.0,Female,2011-2012
71372,0,0.3622195111965525,0,true_negative,0.12467741332148069,37.0,Male,2011-2012
71375,0,0.6373094724021713,1,false_positive,0.1504125478841381,73.0,Male,2011-2012
71392,0,0.0963127845522647,0,true_negative,0.39058413996576846,43.0,Female,2011-2012
71395,0,0.13622105043928145,0,true_negative,0.3506758740787517,30.0,Male,2011-2012
71397,0,0.0906068007025281,0,true_negative,0.3962901238155051,24.0,Male,2011-2012
71399,0,0.5637550246098186,1,false_positive,0.07685810009178545,55.0,Male,2011-2012
71401,0,0.2716214371945428,0,true_negative,0.2152754873234904,54.0,Female,2011-2012
71423,0,0.0695932726159062,0,true_negative,0.417303651902127,27.0,Male,2011-2012
71433,0,0.043617599576644156,0,true_negative,0.443279324941389,33.0,Male,2011-2012
71449,0,0.1180429106107292,0,true_negative,0.368854013907304,40.0,Female,2011-2012
71451,0,0.21040908476397172,0,true_negative,0.27648783975406144,51.0,Female,2011-2012
71465,0,0.029037560828229423,0,true_negative,0.45785936368980373,26.0,Female,2011-2012
71467,0,0.20527467970681593,0,true_negative,0.2816222448112172,48.0,Male,2011-2012
71477,0,0.5190846760558161,1,false_positive,0.032187751537782916,80.0,Female,2011-2012
71489,0,0.02260137243512983,0,true_negative,0.46429555208290335,24.0,Female,2011-2012
71492,0,0.22604097565785833,0,true_negative,0.2608559488601748,51.0,Female,2011-2012
71496,0,0.6668198170618141,1,false_positive,0.17992289254378097,65.0,Male,2011-2012
71503,0,0.10783412681818136,0,true_negative,0.37906279769985185,30.0,Male,2011-2012
71517,0,0.11534080803305509,0,true_negative,0.3715561164849781,56.0,Female,2011-2012
71526,0,0.05723175675505653,0,true_negative,0.42966516776297664,39.0,Female,2011-2012
71534,0,0.9369873298362723,1,false_positive,0.45009040531823913,76.0,Male,2011-2012
71545,0,0.03427926954258244,0,true_negative,0.45261765497545076,27.0,Male,2011-2012
71547,0,0.024441104514164643,0,true_negative,0.46245582000386853,21.0,Female,2011-2012
71549,0,0.7677501712688236,1,false_positive,0.28085324675079043,80.0,Male,2011-2012
71559,0,0.58206789381798,1,false_positive,0.09517096929994678,51.0,Female,2011-2012
71575,0,0.34456781338252923,0,true_negative,0.14232911113550395,66.0,Female,2011-2012
71580,0,0.04784493638447019,0,true_negative,0.439051988133563,50.0,Female,2011-2012
71582,0,0.020771370984741442,0,true_negative,0.4661255535332917,29.0,Male,2011-2012
71595,0,0.10612216123222427,0,true_negative,0.3807747632858089,56.0,Female,2011-2012
71598,0,0.042290945230662805,0,true_negative,0.4446059792873704,27.0,Female,2011-2012
71604,0,0.10106964115547694,0,true_negative,0.38582728336255623,49.0,Male,2011-2012
71609,0,0.06815777837055113,0,true_negative,0.41873914614748203,28.0,Female,2011-2012
71628,0,0.39573787185299636,0,true_negative,0.09115905266503682,53.0,Female,2011-2012
71631,0,0.03646071065267304,0,true_negative,0.45043621386536015,22.0,Male,2011-2012
71634,0,0.06757253304175656,0,true_negative,0.41932439147627665,21.0,Female,2011-2012
71638,0,0.038473631953289684,0,true_negative,0.4484232925647435,23.0,Male,2011-2012
71647,0,0.5680633135182147,1,false_positive,0.08116638900018153,80.0,Female,2011-2012
71655,0,0.49665116779231605,1,false_positive,0.00975424327428287,65.0,Male,2011-2012
71660,0,0.23166275374705195,0,true_negative,0.2552341707709812,35.0,Female,2011-2012
71680,1,0.33119254467067,0,false_negative,0.15570437984736318,55.0,Male,2011-2012
71686,0,0.23341135748499237,0,true_negative,0.2534855670330408,31.0,Male,2011-2012
71688,0,0.20229305816086307,0,true_negative,0.2846038663571701,51.0,Male,2011-2012
71691,0,0.6793107188684301,1,false_positive,0.1924137943503969,76.0,Female,2011-2012
71697,0,0.6635788527872708,1,false_positive,0.17668192826923762,74.0,Male,2011-2012
71703,0,0.6853618243906342,1,false_positive,0.19846489987260102,53.0,Male,2011-2012
71710,0,0.18668618438256113,0,true_negative,0.30021074013547205,68.0,Male,2011-2012
71733,1,0.9131238820214976,1,true_positive,0.42622695750346445,80.0,Male,2011-2012
71736,0,0.7564587390815635,1,false_positive,0.2695618145635303,74.0,Male,2011-2012
71755,0,0.09173342268483034,0,true_negative,0.3951635018332028,22.0,Male,2011-2012
71756,0,0.3930593836207263,0,true_negative,0.09383754089730689,63.0,Male,2011-2012
71758,0,0.02232432593583416,0,true_negative,0.464572598582199,24.0,Female,2011-2012
71767,0,0.09306098969751478,0,true_negative,0.3938359348205184,38.0,Male,2011-2012
71770,0,0.6708437753093975,1,false_positive,0.18394685079136436,64.0,Female,2011-2012
71772,0,0.29904795331841,0,true_negative,0.18784897119962318,52.0,Female,2011-2012
71789,0,0.14549085068751433,0,true_negative,0.34140607383051885,50.0,Female,2011-2012
71798,0,0.3071051869903736,0,true_negative,0.1797917375276596,61.0,Male,2011-2012
71800,0,0.05798688736306959,0,true_negative,0.42891003715496356,33.0,Female,2011-2012
71802,0,0.36891202153131314,0,true_negative,0.11798490298672004,53.0,Male,2011-2012
71825,0,0.09908794852311474,0,true_negative,0.3878089759949184,53.0,Female,2011-2012
71826,0,0.7162718992300361,1,false_positive,0.2293749747120029,77.0,Female,2011-2012
71829,0,0.3622843628992815,0,true_negative,0.12461256161875167,57.0,Male,2011-2012
71839,0,0.7617813943755197,1,false_positive,0.27488446985748655,57.0,Female,2011-2012
71847,0,0.08766975191967318,0,true_negative,0.39922717259836,37.0,Male,2011-2012
71858,0,0.007049033427663231,0,true_negative,0.47984789109036996,27.0,Male,2011-2012
71868,0,0.08832641929207351,0,true_negative,0.39857050522595966,43.0,Male,2011-2012
71871,0,0.035452553407803844,0,true_negative,0.45144437111022934,43.0,Female,2011-2012
71873,0,0.026081048229174123,0,true_negative,0.46081587628885906,20.0,Female,2011-2012
71875,0,0.03979269298426944,0,true_negative,0.4471042315337637,42.0,Male,2011-2012
71882,0,0.5535425501587589,1,false_positive,0.06664562564072568,60.0,Female,2011-2012
71883,0,0.09933943099889761,0,true_negative,0.3875574935191356,42.0,Male,2011-2012
71902,0,0.5233271839578043,1,false_positive,0.03643025943977113,67.0,Female,2011-2012
71911,0,0.02583594278097784,0,true_negative,0.46106098173705534,27.0,Male,2011-2012
71912,0,0.176378522733966,0,true_negative,0.3105184017840672,40.0,Male,2011-2012
73559,0,0.7970242296114524,1,false_positive,0.3101273050934192,72.0,Male,2013-2014
73564,0,0.324070429036828,0,true_negative,0.1628264954812052,61.0,Female,2013-2014
73566,0,0.25142440374611236,0,true_negative,0.23547252077192082,56.0,Female,2013-2014
73580,0,0.017943055725576675,0,true_negative,0.4689538687924565,38.0,Female,2013-2014
73589,0,0.07295272775216093,0,true_negative,0.41394419676587224,35.0,Male,2013-2014
73595,0,0.408844870036097,0,true_negative,0.0780520544819362,58.0,Male,2013-2014
73597,0,0.08370409954030603,0,true_negative,0.4031928249777271,50.0,Female,2013-2014
73598,0,0.042662074427277596,0,true_negative,0.4442348500907556,20.0,Male,2013-2014
73600,0,0.10200819206057693,0,true_negative,0.38488873245745625,37.0,Male,2013-2014
73610,0,0.1056497875365869,0,true_negative,0.3812471369814463,43.0,Male,2013-2014
73619,0,0.07437925599279752,0,true_negative,0.41251766852523564,36.0,Female,2013-2014
73641,0,0.2837017095083502,0,true_negative,0.20319521500968296,64.0,Female,2013-2014
73654,0,0.4049405448892909,0,true_negative,0.0819563796287423,46.0,Male,2013-2014
73656,0,0.521398340135064,1,false_positive,0.03450141561703085,54.0,Male,2013-2014
73658,0,0.14953144040316158,0,true_negative,0.3373654841148716,35.0,Male,2013-2014
73659,0,0.4023084429190606,0,true_negative,0.08458848159897259,70.0,Female,2013-2014
73663,0,0.03319645003407229,0,true_negative,0.4537004744839609,25.0,Male,2013-2014
73677,0,0.2822227164801522,0,true_negative,0.204674208037881,61.0,Female,2013-2014
73678,0,0.34221023850802473,0,true_negative,0.14468668601000845,51.0,Male,2013-2014
73703,0,0.1048717525481949,0,true_negative,0.38202517196983826,38.0,Female,2013-2014
73709,0,0.8870861615256687,1,false_positive,0.4001892370076355,64.0,Male,2013-2014
73716,0,0.0353221466590327,0,true_negative,0.45157477785900046,25.0,Male,2013-2014
73723,0,0.9242251298906571,1,false_positive,0.4373282053726239,77.0,Male,2013-2014
73729,0,0.3102679071472483,0,true_negative,0.1766290173707849,46.0,Male,2013-2014
73736,0,0.14688426211153593,0,true_negative,0.34001266240649725,55.0,Male,2013-2014
73741,0,0.05212675251677361,0,true_negative,0.43477017200125956,47.0,Female,2013-2014
73747,0,0.39004218364682813,0,true_negative,0.09685474087120505,80.0,Female,2013-2014
73757,0,0.03800960207216302,0,true_negative,0.44888732244587015,29.0,Female,2013-2014
73767,0,0.020399528363095294,0,true_negative,0.4664973961549379,35.0,Female,2013-2014
73773,0,0.03969959037698492,0,true_negative,0.44719733414104823,39.0,Female,2013-2014
73779,0,0.5203780021686015,1,false_positive,0.03348107765056835,62.0,Male,2013-2014
73808,0,0.4691176697261031,0,true_negative,0.0177792547919301,53.0,Female,2013-2014
73809,0,0.28644160980337624,0,true_negative,0.20045531471465694,52.0,Female,2013-2014
73815,0,0.6579293138652889,1,false_positive,0.17103238934725568,72.0,Female,2013-2014
73821,0,0.26896498728519996,0,true_negative,0.21793193723283322,56.0,Female,2013-2014
73823,0,0.08745974499866856,0,true_negative,0.39943717951936464,35.0,Male,2013-2014
73845,0,0.7603653168686632,1,false_positive,0.27346839235063,70.0,Female,2013-2014
73846,0,0.10170940387553723,0,true_negative,0.38518752064249595,24.0,Female,2013-2014
73847,0,0.07063428295523547,0,true_negative,0.4162626415627977,34.0,Male,2013-2014
73855,0,0.7970200897347873,1,false_positive,0.31012316521675415,38.0,Female,2013-2014
73860,0,0.2648470197136364,0,true_negative,0.2220499048043968,53.0,Male,2013-2014
73864,0,0.3900159366870242,0,true_negative,0.09688098783100896,62.0,Female,2013-2014
73888,0,0.580207604826445,1,false_positive,0.09331068030841178,56.0,Male,2013-2014
73910,0,0.12170280264362414,0,true_negative,0.36519412187440903,51.0,Male,2013-2014
73913,0,0.10059060235228014,0,true_negative,0.38630632216575306,26.0,Male,2013-2014
73914,0,0.1654972527373218,0,true_negative,0.3213996717807114,52.0,Female,2013-2014
73924,0,0.06340575614400877,0,true_negative,0.4234911683740244,39.0,Female,2013-2014
73941,0,0.030535204262088188,0,true_negative,0.456361720255945,28.0,Male,2013-2014
73945,0,0.7028365005316748,1,false_positive,0.2159395760136416,66.0,Male,2013-2014
73949,1,0.13217000990755393,0,false_negative,0.3547269146104792,48.0,Male,2013-2014
73962,0,0.17721942406591015,0,true_negative,0.30967750045212306,49.0,Male,2013-2014
73987,0,0.5752668396827261,1,false_positive,0.08836991516469289,56.0,Male,2013-2014
73992,0,0.06026221261213846,0,true_negative,0.42663471190589475,20.0,Male,2013-2014
73994,0,0.18642786508347226,0,true_negative,0.3004690594345609,36.0,Male,2013-2014
73995,0,0.0948676924325863,0,true_negative,0.3920292320854469,40.0,Female,2013-2014
74006,0,0.05528281367155252,0,true_negative,0.43161411084648066,34.0,Female,2013-2014
74022,0,0.7507584354807977,1,false_positive,0.2638615109627645,66.0,Female,2013-2014
74025,0,0.15388491019985934,0,true_negative,0.33301201431817384,45.0,Male,2013-2014
74027,0,0.1447465138798783,0,true_negative,0.3421504106381549,42.0,Male,2013-2014
74029,0,0.028632229519242075,0,true_negative,0.4582646949987911,22.0,Male,2013-2014
74037,0,0.029306693989784145,0,true_negative,0.45759023052824904,20.0,Male,2013-2014
74050,0,0.1390037685438619,0,true_negative,0.34789315597417125,44.0,Female,2013-2014
74055,0,0.24009069556681514,0,true_negative,0.24680622895121804,57.0,Male,2013-2014
74057,0,0.29875549054113304,0,true_negative,0.18814143397690014,63.0,Female,2013-2014
74058,0,0.2624075465540717,0,true_negative,0.22448937796396146,60.0,Female,2013-2014
74083,0,0.5133821361242117,1,false_positive,0.026485211606178505,67.0,Female,2013-2014
74096,0,0.32218891987503073,0,true_negative,0.16470800464300245,53.0,Male,2013-2014
74101,0,0.08084470114102936,0,true_negative,0.4060522233770038,34.0,Female,2013-2014
74118,0,0.01797535282028266,0,true_negative,0.4689215716977505,35.0,Female,2013-2014
74122,0,0.20129952276294658,0,true_negative,0.28559740175508663,71.0,Female,2013-2014
74125,0,0.08488530778905112,0,true_negative,0.40201161672898206,39.0,Female,2013-2014
74128,0,0.2620618945006366,0,true_negative,0.22483503001739658,71.0,Female,2013-2014
74138,0,0.4878451101475067,1,false_positive,0.0009481856294735191,69.0,Male,2013-2014
74144,0,0.17085526096391912,0,true_negative,0.31604166355411406,51.0,Male,2013-2014
74149,0,0.5904500045916394,1,false_positive,0.10355308007360625,54.0,Female,2013-2014
74169,0,0.046297629688042054,0,true_negative,0.4405992948299911,22.0,Male,2013-2014
74175,0,0.6382748050780443,1,false_positive,0.15137788056001117,80.0,Female,2013-2014
74176,0,0.06257395383875523,0,true_negative,0.42432297067927793,51.0,Female,2013-2014
74178,0,0.2503049768589002,0,true_negative,0.236591947659133,53.0,Female,2013-2014
74181,0,0.33130166832853586,0,true_negative,0.15559525618949732,38.0,Male,2013-2014
74186,0,0.06707525253344332,0,true_negative,0.41982167198458986,29.0,Female,2013-2014
74187,0,0.010074400229527724,0,true_negative,0.47682252428850547,23.0,Female,2013-2014
74193,0,0.3902926834665035,0,true_negative,0.0966042410515297,66.0,Female,2013-2014
74196,0,0.06980948229012282,0,true_negative,0.4170874422279104,36.0,Female,2013-2014
74203,0,0.22010908050595845,0,true_negative,0.2667878440120747,51.0,Female,2013-2014
74207,0,0.06251267875814932,0,true_negative,0.42438424575988387,32.0,Female,2013-2014
74222,0,0.18703627492302968,0,true_negative,0.29986064959500347,45.0,Male,2013-2014
74230,0,0.15092541106133228,0,true_negative,0.3359715134567009,44.0,Male,2013-2014
74262,1,0.9136097995221636,1,true_positive,0.4267128750041304,70.0,Female,2013-2014
74275,0,0.05670342928350291,0,true_negative,0.43019349523453027,29.0,Female,2013-2014
74279,0,0.042202916384579375,0,true_negative,0.44469400813345383,21.0,Female,2013-2014
74280,0,0.5260170054588567,1,false_positive,0.039120080940823476,80.0,Female,2013-2014
74294,0,0.26699188017360864,0,true_negative,0.21990504434442454,44.0,Female,2013-2014
74301,0,0.14741721044497463,0,true_negative,0.33947971407305855,50.0,Female,2013-2014
74304,0,0.9607628942515217,1,false_positive,0.47386596973348855,80.0,Male,2013-2014
74312,0,0.04275309944319216,0,true_negative,0.444143825074841,22.0,Male,2013-2014
74318,0,0.14544830354088162,0,true_negative,0.34144862097715156,52.0,Female,2013-2014
74323,0,0.011622173277595078,0,true_negative,0.4752747512404381,27.0,Female,2013-2014
74328,0,0.24070342480592155,0,true_negative,0.24619349971211163,44.0,Male,2013-2014
74329,0,0.1841650407158984,0,true_negative,0.3027318838021348,46.0,Male,2013-2014
74338,0,0.05287374389244527,0,true_negative,0.4340231806255879,43.0,Male,2013-2014
74340,0,0.05272443967489394,0,true_negative,0.43417248484313925,41.0,Male,2013-2014
74350,0,0.6624808373814424,1,false_positive,0.1755839128634092,52.0,Male,2013-2014
74367,0,0.844711219354205,1,false_positive,0.35781429483617183,74.0,Male,2013-2014
74374,0,0.5609910391422397,1,false_positive,0.07409411462420651,70.0,Female,2013-2014
74380,0,0.057816093323301634,0,true_negative,0.42908083119473156,28.0,Male,2013-2014
74388,0,0.33197087982907053,0,true_negative,0.15492604468896265,57.0,Male,2013-2014
74394,0,0.07899472270588477,0,true_negative,0.4079022018121484,51.0,Female,2013-2014
74400,0,0.0653728627937288,0,true_negative,0.4215240617243044,23.0,Male,2013-2014
74412,0,0.04605296090521788,0,true_negative,0.4408439636128153,37.0,Male,2013-2014
74413,0,0.6989789699063867,1,false_positive,0.21208204538835357,80.0,Female,2013-2014
74433,0,0.014967587302711124,0,true_negative,0.47192933721532204,22.0,Male,2013-2014
74436,0,0.34939685339906135,0,true_negative,0.13750007111897183,55.0,Male,2013-2014
74451,0,0.6347713960604257,1,false_positive,0.14787447154239247,77.0,Female,2013-2014
74454,0,0.07259756838289048,0,true_negative,0.4142993561351427,45.0,Male,2013-2014
74459,0,0.6988190604757974,1,false_positive,0.21192213595776427,61.0,Female,2013-2014
74460,0,0.01698629137138141,0,true_negative,0.46991063314665177,20.0,Female,2013-2014
74463,0,0.10770186451119944,0,true_negative,0.37919506000683373,45.0,Male,2013-2014
74464,0,0.43094086352550326,0,true_negative,0.05595606099252992,45.0,Male,2013-2014
74465,1,0.9458496718117062,1,true_positive,0.458952747293673,80.0,Male,2013-2014
74479,0,0.10611030181549228,0,true_negative,0.38078662270254093,50.0,Female,2013-2014
74490,0,0.4674071447642043,0,true_negative,0.019489779753828873,80.0,Female,2013-2014
74498,0,0.01591784344497319,0,true_negative,0.47097908107305997,29.0,Male,2013-2014
74502,0,0.024170385134413507,0,true_negative,0.4627265393836197,27.0,Male,2013-2014
74512,1,0.886153280914005,1,true_positive,0.39925635639597185,80.0,Male,2013-2014
74531,0,0.8126797308643724,1,false_positive,0.3257828063463392,72.0,Male,2013-2014
74534,0,0.652790242096495,1,false_positive,0.16589331757846187,65.0,Male,2013-2014
74537,0,0.034332812421742215,0,true_negative,0.452564112096291,23.0,Female,2013-2014
74546,0,0.044324836372713054,0,true_negative,0.4425720881453201,27.0,Female,2013-2014
74551,0,0.0241247996133007,0,true_negative,0.46277212490473246,32.0,Female,2013-2014
74557,0,0.03776169948577054,0,true_negative,0.44913522503226266,28.0,Female,2013-2014
74564,0,0.038448307477698285,0,true_negative,0.4484486170403349,26.0,Female,2013-2014
74565,0,0.6066899857139758,1,false_positive,0.11979306119594263,66.0,Male,2013-2014
74566,0,0.7282576087667554,1,false_positive,0.2413606842487222,55.0,Female,2013-2014
74570,0,0.6107207140785291,1,false_positive,0.12382378956049594,63.0,Female,2013-2014
74579,0,0.3723613480690735,0,true_negative,0.11453557644895968,51.0,Male,2013-2014
74581,0,0.6527622139634662,1,false_positive,0.16586528944543305,75.0,Male,2013-2014
74589,0,0.6594711006984124,1,false_positive,0.17257417618037924,67.0,Male,2013-2014
74600,0,0.5309482039000275,1,false_positive,0.044051279381994324,66.0,Female,2013-2014
74611,0,0.9493063942737985,1,false_positive,0.4624094697557653,64.0,Male,2013-2014
74631,0,0.07868053772351723,0,true_negative,0.40821638679451594,30.0,Male,2013-2014
74636,0,0.1293485724611201,0,true_negative,0.35754835205691304,60.0,Female,2013-2014
74639,0,0.405263249422194,0,true_negative,0.08163367509583919,51.0,Male,2013-2014
74646,0,0.17629978142348487,0,true_negative,0.31059714309454833,49.0,Male,2013-2014
74655,0,0.062090791984305595,0,true_negative,0.42480613253372757,36.0,Female,2013-2014
74680,0,0.023456990328285465,0,true_negative,0.4634399341897477,20.0,Male,2013-2014
74683,0,0.0900699119403727,0,true_negative,0.3968270125776605,56.0,Female,2013-2014
74689,0,0.011431904426882142,0,true_negative,0.47546502009115105,25.0,Female,2013-2014
74693,0,0.06872000627538108,0,true_negative,0.41817691824265213,37.0,Female,2013-2014
74696,0,0.5280237421915239,1,false_positive,0.041126817673490745,62.0,Male,2013-2014
74717,0,0.18231864367694137,0,true_negative,0.30457828084109184,47.0,Female,2013-2014
74719,0,0.04903868606903401,0,true_negative,0.4378582384489992,36.0,Female,2013-2014
74721,0,0.18370987427500932,0,true_negative,0.30318705024302384,53.0,Female,2013-2014
74725,0,0.06238254254385993,0,true_negative,0.42451438197417324,37.0,Female,2013-2014
74728,0,0.07008526037106703,0,true_negative,0.41681166414696613,46.0,Male,2013-2014
74732,0,0.2992793698756987,0,true_negative,0.18761755464233448,64.0,Female,2013-2014
74733,0,0.32214217203398704,0,true_negative,0.16475475248404614,53.0,Male,2013-2014
74737,0,0.24833148487458004,0,true_negative,0.23856543964345314,63.0,Female,2013-2014
74743,0,0.07641823517998654,0,true_negative,0.41047868933804665,41.0,Male,2013-2014
74748,0,0.058934560221328224,0,true_negative,0.427962364296705,36.0,Male,2013-2014
74763,0,0.05275358206409239,0,true_negative,0.4341433424539408,33.0,Male,2013-2014
74772,0,0.211651967019812,0,true_negative,0.2752449574982212,62.0,Female,2013-2014
74773,0,0.5666618682624446,1,false_positive,0.0797649437444114,64.0,Male,2013-2014
74797,0,0.5483921515750055,1,false_positive,0.06149522705697236,59.0,Female,2013-2014
74801,0,0.39183886183630223,0,true_negative,0.09505806268173095,36.0,Male,2013-2014
74818,0,0.028277532437038233,0,true_negative,0.45861939208099495,26.0,Male,2013-2014
74822,0,0.041618408542345796,0,true_negative,0.4452785159756874,45.0,Female,2013-2014
74824,0,0.02838839634470416,0,true_negative,0.45850852817332904,28.0,Female,2013-2014
74826,0,0.19663882256686313,0,true_negative,0.2902581019511701,47.0,Male,2013-2014
74839,0,0.19831530331225747,0,true_negative,0.2885816212057757,47.0,Male,2013-2014
74844,0,0.041561326977931655,0,true_negative,0.44533559754010155,20.0,Male,2013-2014
74851,0,0.6960188073675665,1,false_positive,0.2091218828495333,80.0,Male,2013-2014
74862,0,0.36585849003905274,0,true_negative,0.12103843447898044,48.0,Female,2013-2014
74869,0,0.8066347552522605,1,false_positive,0.3197378307342273,66.0,Female,2013-2014
74878,0,0.42320941586371247,0,true_negative,0.06368750865432071,69.0,Female,2013-2014
74879,0,0.05950575688333912,0,true_negative,0.4273911676346941,43.0,Female,2013-2014
74883,0,0.020466138114533048,0,true_negative,0.4664307864035001,24.0,Female,2013-2014
74885,0,0.37296527146275604,0,true_negative,0.11393165305527714,57.0,Female,2013-2014
74897,0,0.04429037673521159,0,true_negative,0.4426065477828216,46.0,Female,2013-2014
74901,0,0.4201661010530465,0,true_negative,0.06673082346498665,55.0,Male,2013-2014
74937,1,0.8388532222685885,1,true_positive,0.3519562977505553,74.0,Male,2013-2014
74941,0,0.17138988809852201,0,true_negative,0.31550703641951117,59.0,Female,2013-2014
74942,0,0.1079515187654907,0,true_negative,0.3789454057525425,44.0,Female,2013-2014
74953,0,0.9311613090147117,1,false_positive,0.44426438449667854,80.0,Male,2013-2014
74972,0,0.25951786614762806,0,true_negative,0.22737905837040512,36.0,Male,2013-2014
74982,0,0.1204534095438087,0,true_negative,0.36644351497422445,43.0,Male,2013-2014
74983,0,0.29410756225968215,0,true_negative,0.19278936225835103,63.0,Female,2013-2014
75000,0,0.1979109960948089,0,true_negative,0.2889859284232243,45.0,Female,2013-2014
75011,0,0.5026846021033853,1,false_positive,0.0157876775853521,69.0,Female,2013-2014
75016,0,0.8540668603469537,1,false_positive,0.3671699358289205,53.0,Male,2013-2014
75018,0,0.1642953867724867,0,true_negative,0.32260153774554645,52.0,Female,2013-2014
75020,0,0.28258448944554526,0,true_negative,0.20431243507248792,54.0,Female,2013-2014
75047,0,0.19522967286973605,0,true_negative,0.2916672516482971,38.0,Female,2013-2014
75056,0,0.8043968733678046,1,false_positive,0.31749994884977145,53.0,Female,2013-2014
75066,0,0.04098015486609702,0,true_negative,0.44591676965193616,44.0,Female,2013-2014
75088,0,0.12545568252773634,0,true_negative,0.3614412419902968,39.0,Female,2013-2014
75093,0,0.2805126242936364,0,true_negative,0.2063843002243968,48.0,Female,2013-2014
75098,0,0.25576995186747514,0,true_negative,0.23112697265055804,25.0,Male,2013-2014
75109,0,0.0580225555655602,0,true_negative,0.428874368952473,20.0,Male,2013-2014
75111,0,0.13210458432611555,0,true_negative,0.35479234019191763,32.0,Male,2013-2014
75123,0,0.10479967580269992,0,true_negative,0.38209724871533324,35.0,Male,2013-2014
75127,0,0.6187378967205679,1,false_positive,0.1318409722025347,59.0,Male,2013-2014
75128,0,0.30370712653846316,0,true_negative,0.18318979797957002,45.0,Male,2013-2014
75131,0,0.024484691568610863,0,true_negative,0.4624122329494223,34.0,Female,2013-2014
75147,0,0.06778582889688431,0,true_negative,0.4191110956211489,42.0,Male,2013-2014
75149,0,0.0867110527692696,0,true_negative,0.4001858717487636,39.0,Female,2013-2014
75156,0,0.24659006176604628,0,true_negative,0.2403068627519869,42.0,Male,2013-2014
75158,0,0.8097990455769112,1,false_positive,0.322902121058878,80.0,Female,2013-2014
75159,0,0.8841088450394496,1,false_positive,0.39721192052141646,68.0,Male,2013-2014
75164,0,0.07884459964050206,0,true_negative,0.4080523248775311,42.0,Female,2013-2014
75170,0,0.26983551377140175,0,true_negative,0.21706141074663143,45.0,Male,2013-2014
75175,0,0.0857965671700745,0,true_negative,0.4011003573479587,34.0,Male,2013-2014
75187,0,0.17078526914078002,0,true_negative,0.31611165537725316,40.0,Female,2013-2014
75188,0,0.03266506798335829,0,true_negative,0.4542318565346749,35.0,Female,2013-2014
75189,0,0.18338805896813343,0,true_negative,0.30350886554989975,59.0,Male,2013-2014
75195,0,0.4102311309009715,0,true_negative,0.07666579361706166,62.0,Female,2013-2014
75207,0,0.8539365528911567,1,false_positive,0.3670396283731235,65.0,Male,2013-2014
75212,0,0.22246994459893618,0,true_negative,0.264426979919097,55.0,Male,2013-2014
75213,0,0.06174078342926671,0,true_negative,0.4251561410887665,40.0,Female,2013-2014
75216,0,0.5391825833342775,1,false_positive,0.05228565881624431,54.0,Male,2013-2014
75217,0,0.5215365133344979,1,false_positive,0.03463958881646473,54.0,Male,2013-2014
75220,0,0.09345888191691756,0,true_negative,0.3934380426011156,39.0,Female,2013-2014
75221,0,0.18339875192663477,0,true_negative,0.30349817259139844,44.0,Male,2013-2014
75222,0,0.15477026629708068,0,true_negative,0.3321266582209525,65.0,Female,2013-2014
75236,0,0.026110544195539095,0,true_negative,0.4607863803224941,29.0,Female,2013-2014
75237,0,0.6060613970318559,1,false_positive,0.11916447251382273,54.0,Male,2013-2014
75260,0,0.03303777649807031,0,true_negative,0.45385914801996285,20.0,Female,2013-2014
75270,0,0.042536566236561414,0,true_negative,0.44436035828147175,24.0,Male,2013-2014
75273,0,0.8260452744248453,1,false_positive,0.33914834990681214,75.0,Male,2013-2014
75278,0,0.02788534982804421,0,true_negative,0.459011574689989,22.0,Male,2013-2014
75298,0,0.5967167941319951,1,false_positive,0.1098198696139619,72.0,Male,2013-2014
75302,0,0.02602987173002952,0,true_negative,0.46086705278800366,25.0,Female,2013-2014
75305,0,0.05559691006652747,0,true_negative,0.43130001445150573,46.0,Female,2013-2014
75309,0,0.09673544067763527,0,true_negative,0.3901614838403979,39.0,Female,2013-2014
75315,0,0.6194056689333709,1,false_positive,0.13250874441533772,67.0,Male,2013-2014
75324,0,0.6079253169230131,1,false_positive,0.12102839240497992,80.0,Female,2013-2014
75326,0,0.08479307277194315,0,true_negative,0.40210385174609004,53.0,Female,2013-2014
75329,0,0.0748956006648778,0,true_negative,0.41200132385315535,43.0,Female,2013-2014
75343,0,0.9048138203558345,1,false_positive,0.4179168958378013,80.0,Male,2013-2014
75344,0,0.3902209222276979,0,true_negative,0.0966760022903353,62.0,Male,2013-2014
75349,0,0.24892590487654162,0,true_negative,0.23797101964149156,54.0,Male,2013-2014
75350,0,0.6415763569289352,1,false_positive,0.15467943241090204,80.0,Female,2013-2014
75358,0,0.07888128804895377,0,true_negative,0.4080156364690794,40.0,Male,2013-2014
75364,0,0.5368608906791981,1,false_positive,0.049963966161164886,61.0,Male,2013-2014
75366,1,0.39065364312117484,0,false_negative,0.09624328139685834,46.0,Female,2013-2014
75381,0,0.4130398902835347,0,true_negative,0.07385703423449846,69.0,Female,2013-2014
75384,1,0.867873071995821,1,true_positive,0.3809761474777878,61.0,Male,2013-2014
75390,0,0.05456499237487072,0,true_negative,0.43233193214316246,36.0,Male,2013-2014
75400,0,0.7262449425352461,1,false_positive,0.2393480180172129,74.0,Female,2013-2014
75416,1,0.9060455465705188,1,true_positive,0.41914862205248565,61.0,Male,2013-2014
75417,0,0.24589257316955593,0,true_negative,0.24100435134847725,41.0,Female,2013-2014
75422,0,0.23183127659909322,0,true_negative,0.25506564791893993,41.0,Female,2013-2014
75423,0,0.40415710072212324,0,true_negative,0.08273982379590994,64.0,Female,2013-2014
75425,0,0.01648959722402358,0,true_negative,0.4704073272940096,34.0,Female,2013-2014
75450,0,0.023782095867311392,0,true_negative,0.4631148286507218,21.0,Female,2013-2014
75456,0,0.9460929338413584,1,false_positive,0.4591960093233252,80.0,Male,2013-2014
75461,0,0.29233389799294796,0,true_negative,0.19456302652508523,63.0,Male,2013-2014
75465,0,0.1433777032699822,0,true_negative,0.343519221248051,55.0,Female,2013-2014
75487,0,0.1769181482608811,0,true_negative,0.3099787762571521,51.0,Male,2013-2014
75492,0,0.0655914447996744,0,true_negative,0.4213054797183588,27.0,Male,2013-2014
75498,0,0.480506723190847,0,true_negative,0.006390201327186207,69.0,Female,2013-2014
75507,0,0.011632555299039353,0,true_negative,0.47526436921899384,21.0,Female,2013-2014
75515,0,0.01749893241237029,0,true_negative,0.4693979921056629,21.0,Male,2013-2014
75521,0,0.09312058841319934,0,true_negative,0.39377633610483387,49.0,Female,2013-2014
75524,0,0.30881419173264374,0,true_negative,0.17808273278538944,48.0,Male,2013-2014
75529,0,0.33972743525764243,0,true_negative,0.14716948926039075,48.0,Male,2013-2014
75531,0,0.04566243300304227,0,true_negative,0.4412344915149909,37.0,Female,2013-2014
75532,0,0.05385600844378595,0,true_negative,0.4330409160742472,36.0,Male,2013-2014
75533,0,0.022516283153200083,0,true_negative,0.4643806413648331,21.0,Male,2013-2014
75543,0,0.4360286383747855,0,true_negative,0.050868286143247676,66.0,Female,2013-2014
75544,0,0.028210082583313662,0,true_negative,0.45868684193471954,26.0,Male,2013-2014
75547,0,0.2722746683037428,0,true_negative,0.21462225621429037,62.0,Female,2013-2014
75550,0,0.014376445663244542,0,true_negative,0.47252047885478865,21.0,Female,2013-2014
75555,0,0.23843315275832036,0,true_negative,0.24846377175971282,58.0,Female,2013-2014
75557,0,0.10823878374640201,0,true_negative,0.3786581407716312,50.0,Female,2013-2014
75558,0,0.14727507774465057,0,true_negative,0.3396218467733826,37.0,Male,2013-2014
75562,0,0.7574968469652859,1,false_positive,0.27059992244725267,66.0,Male,2013-2014
75588,0,0.07905847450333381,0,true_negative,0.40783845001469937,32.0,Male,2013-2014
75619,0,0.14999126121977405,0,true_negative,0.3369056632982591,36.0,Male,2013-2014
75621,0,0.12767130817698993,0,true_negative,0.3592256163410432,59.0,Female,2013-2014
75624,0,0.04570169938681889,0,true_negative,0.4411952251312143,21.0,Female,2013-2014
75625,0,0.5484765682685637,1,false_positive,0.061579643750530544,60.0,Female,2013-2014
75628,0,0.38482942748938936,0,true_negative,0.10206749702864382,70.0,Female,2013-2014
75630,0,0.23838627973599855,0,true_negative,0.24851064478203463,59.0,Female,2013-2014
75636,0,0.03946348978523034,0,true_negative,0.44743343473280284,35.0,Female,2013-2014
75637,0,0.609166651751689,1,false_positive,0.12226972723365587,70.0,Female,2013-2014
75644,0,0.4915494752078898,1,false_positive,0.004652550689856594,69.0,Male,2013-2014
75647,0,0.022210096273790537,0,true_negative,0.4646868282442426,28.0,Male,2013-2014
75654,0,0.16056690070747712,0,true_negative,0.3263300238105561,49.0,Female,2013-2014
75662,0,0.17165757725052028,0,true_negative,0.3152393472675129,44.0,Female,2013-2014
75684,0,0.06445638316884852,0,true_negative,0.42244054134918463,33.0,Female,2013-2014
75686,0,0.3629789914732625,0,true_negative,0.12391793304477067,41.0,Male,2013-2014
75689,0,0.24891107045755145,0,true_negative,0.23798585406048173,58.0,Male,2013-2014
75699,0,0.1404593813462083,0,true_negative,0.34643754317182485,62.0,Female,2013-2014
75710,0,0.10007321664329114,0,true_negative,0.3868237078747421,35.0,Male,2013-2014
75717,0,0.7098467829464576,1,false_positive,0.22294985842842446,80.0,Female,2013-2014
75721,0,0.04827837215744704,0,true_negative,0.4386185523605861,32.0,Male,2013-2014
75723,0,0.303950608849551,0,true_negative,0.18294631566848218,55.0,Female,2013-2014
75725,0,0.08362626604179738,0,true_negative,0.4032706584762358,24.0,Male,2013-2014
75737,0,0.012364751193421265,0,true_negative,0.4745321733246119,20.0,Female,2013-2014
75744,0,0.800724519122937,1,false_positive,0.3138275946049038,72.0,Female,2013-2014
75748,0,0.5591428833495146,1,false_positive,0.07224595883148138,80.0,Female,2013-2014
75749,0,0.5997447607603469,1,false_positive,0.1128478362423137,69.0,Male,2013-2014
75763,0,0.17659860624891938,0,true_negative,0.3102983182691138,32.0,Male,2013-2014
75768,0,0.23087489545772755,0,true_negative,0.25602202906030563,46.0,Male,2013-2014
75771,0,0.8233273661354858,1,false_positive,0.33643044161745267,70.0,Male,2013-2014
75779,0,0.10149014839712599,0,true_negative,0.3854067761209072,29.0,Male,2013-2014
75780,0,0.34922663900836476,0,true_negative,0.13767028550966842,66.0,Male,2013-2014
75781,0,0.9236863859163079,1,false_positive,0.43678946139827474,65.0,Male,2013-2014
75785,0,0.01229400548971192,0,true_negative,0.47460291902832125,22.0,Female,2013-2014
75792,0,0.1849547314718223,0,true_negative,0.3019421930462109,42.0,Male,2013-2014
75797,0,0.32754413290491724,0,true_negative,0.15935279161311594,47.0,Female,2013-2014
75820,0,0.06442438100412794,0,true_negative,0.42247254351390523,43.0,Female,2013-2014
75826,0,0.8291444567298868,1,false_positive,0.3422475322118536,70.0,Male,2013-2014
75835,0,0.11034240676591325,0,true_negative,0.3765545177521199,31.0,Male,2013-2014
75840,0,0.26114409606794814,0,true_negative,0.22575282845008504,52.0,Male,2013-2014
75841,0,0.18931263353255898,0,true_negative,0.29758429098547423,41.0,Female,2013-2014
75842,0,0.0627757228236609,0,true_negative,0.4241212016943723,23.0,Male,2013-2014
75856,0,0.025449816141255945,0,true_negative,0.4614471083767772,28.0,Female,2013-2014
75861,0,0.1369185029645015,0,true_negative,0.34997842155353165,52.0,Female,2013-2014
75869,0,0.04838144655317975,0,true_negative,0.43851547796485346,27.0,Male,2013-2014
75870,0,0.09185426966975742,0,true_negative,0.3950426548482758,40.0,Female,2013-2014
75888,0,0.07148328401595379,0,true_negative,0.4154136405020794,44.0,Female,2013-2014
75890,0,0.06248491530874794,0,true_negative,0.42441200920928523,43.0,Female,2013-2014
75903,0,0.04907672243127601,0,true_negative,0.43782020208675715,28.0,Male,2013-2014
75909,0,0.64732561432232,1,false_positive,0.16042868980428687,77.0,Female,2013-2014
75910,0,0.12314912786532138,0,true_negative,0.3637477966527118,30.0,Male,2013-2014
75929,0,0.020066376161243522,0,true_negative,0.46683054835678967,23.0,Female,2013-2014
75932,0,0.043400785348913055,0,true_negative,0.4434961391691201,41.0,Male,2013-2014
75933,0,0.10873344619940661,0,true_negative,0.37816347831862657,53.0,Female,2013-2014
75936,0,0.08383883845837582,0,true_negative,0.40305808605965737,35.0,Female,2013-2014
75942,0,0.5874798365468414,1,false_positive,0.10058291202880826,78.0,Male,2013-2014
75945,0,0.23100338825147385,0,true_negative,0.2558935362665593,60.0,Male,2013-2014
75949,0,0.035734799711377906,0,true_negative,0.4511621248066553,40.0,Female,2013-2014
75951,0,0.036042598298341035,0,true_negative,0.4508543262196921,32.0,Female,2013-2014
75952,0,0.09930561580905087,0,true_negative,0.3875913087089823,36.0,Female,2013-2014
75954,0,0.1594124506386981,0,true_negative,0.3274844738793351,54.0,Female,2013-2014
75962,0,0.3277505733693693,0,true_negative,0.15914635114866388,64.0,Male,2013-2014
75976,0,0.6737617272098126,1,false_positive,0.18686480269177946,67.0,Male,2013-2014
75977,0,0.07849396957985198,0,true_negative,0.4084029549381812,25.0,Male,2013-2014
75986,0,0.1868565208124838,0,true_negative,0.3000404037055494,55.0,Male,2013-2014
75987,0,0.8592378892179535,1,false_positive,0.37234096469992034,80.0,Female,2013-2014
75991,1,0.969389287482704,1,true_positive,0.48249236296467085,80.0,Male,2013-2014
75992,0,0.14323919008626043,0,true_negative,0.3436577344317727,34.0,Female,2013-2014
75993,0,0.1756127048020767,0,true_negative,0.3112842197159565,48.0,Male,2013-2014
75997,0,0.015101654834194232,0,true_negative,0.47179526968383895,20.0,Female,2013-2014
76007,0,0.05640547102533696,0,true_negative,0.43049145349269624,36.0,Female,2013-2014
76010,0,0.45637224291022827,0,true_negative,0.030524681607804915,68.0,Male,2013-2014
76016,0,0.7784824004568427,1,false_positive,0.2915854759388095,79.0,Male,2013-2014
76025,0,0.33763223401091297,0,true_negative,0.1492646905071202,51.0,Male,2013-2014
76028,0,0.08583284485831491,0,true_negative,0.40106407965971824,57.0,Female,2013-2014
76030,0,0.04475222830754988,0,true_negative,0.4421446962104833,32.0,Male,2013-2014
76040,0,0.21564382715902186,0,true_negative,0.2712530973590113,60.0,Female,2013-2014
76062,0,0.35708484140145164,0,true_negative,0.12981208311658154,30.0,Male,2013-2014
76064,0,0.12781999259487933,0,true_negative,0.3590769319231538,42.0,Male,2013-2014
76075,0,0.1434726654671009,0,true_negative,0.34342425905093227,35.0,Male,2013-2014
76081,0,0.09025663944742847,0,true_negative,0.3966402850706047,35.0,Male,2013-2014
76082,0,0.18407876219585662,0,true_negative,0.30281816232217657,30.0,Male,2013-2014
76084,0,0.3958052386573289,0,true_negative,0.09109168586070426,48.0,Male,2013-2014
76090,0,0.15577561507251825,0,true_negative,0.33112130944551493,44.0,Male,2013-2014
76092,0,0.4889522358418791,1,false_positive,0.0020553113238458987,74.0,Female,2013-2014
76097,1,0.4894798844154424,1,true_positive,0.0025829598974091983,66.0,Female,2013-2014
76106,0,0.10999707853613992,0,true_negative,0.37689984598189324,39.0,Male,2013-2014
76107,0,0.2951808919000451,0,true_negative,0.19171603261798809,59.0,Female,2013-2014
76109,0,0.10847511380823535,0,true_negative,0.37842181070979786,36.0,Male,2013-2014
76116,1,0.8461761715205051,1,true_positive,0.3592792470024719,68.0,Male,2013-2014
76117,0,0.8952404399866125,1,false_positive,0.40834351546857933,72.0,Female,2013-2014
76127,0,0.6168132949017762,1,false_positive,0.12991637038374299,67.0,Male,2013-2014
76133,0,0.11138577331702268,0,true_negative,0.37551115120101053,47.0,Female,2013-2014
76147,0,0.6858370616811325,1,false_positive,0.19894013716309927,54.0,Male,2013-2014
76179,0,0.19502709511185642,0,true_negative,0.2918698294061768,54.0,Female,2013-2014
76192,0,0.7422191629579432,1,false_positive,0.25532223843991003,66.0,Female,2013-2014
76193,0,0.06355954157557556,0,true_negative,0.4233373829424576,39.0,Female,2013-2014
76208,1,0.3933824744619453,0,false_negative,0.09351445005608788,51.0,Male,2013-2014
76209,0,0.7525758611491473,1,false_positive,0.26567893663111414,59.0,Male,2013-2014
76220,0,0.4127636148403491,0,true_negative,0.07413330967768406,56.0,Male,2013-2014
76223,0,0.904660747559776,1,false_positive,0.4177638230417428,76.0,Male,2013-2014
76230,0,0.06759515158791778,0,true_negative,0.4193017729301154,24.0,Male,2013-2014
76236,0,0.0416065297401164,0,true_negative,0.44529039477791676,40.0,Female,2013-2014
76248,0,0.13752900467039395,0,true_negative,0.34936791984763926,50.0,Male,2013-2014
76252,0,0.6693503888231838,1,false_positive,0.18245346430515058,70.0,Female,2013-2014
76253,0,0.01881052356292031,0,true_negative,0.4680864009551129,27.0,Female,2013-2014
76256,0,0.04554168779082577,0,true_negative,0.4413552367272074,50.0,Female,2013-2014
76261,0,0.04462103067001725,0,true_negative,0.4422758938480159,20.0,Male,2013-2014
76269,0,0.013396039388445897,0,true_negative,0.47350088512958727,28.0,Female,2013-2014
76284,0,0.12784883031671287,0,true_negative,0.35904809420132033,29.0,Male,2013-2014
76285,0,0.033178071820186804,0,true_negative,0.4537188526978464,40.0,Male,2013-2014
76303,0,0.05842415408688323,0,true_negative,0.42847277043114995,43.0,Female,2013-2014
76310,0,0.16324584393260771,0,true_negative,0.32365108058542547,50.0,Female,2013-2014
76322,0,0.3382363736473764,0,true_negative,0.14866055087065677,43.0,Female,2013-2014
76333,0,0.47876311277120387,0,true_negative,0.008133811746829311,80.0,Female,2013-2014
76334,0,0.07848415931834592,0,true_negative,0.4084127651996873,22.0,Male,2013-2014
76348,0,0.0512972822036937,0,true_negative,0.43559964231433945,41.0,Female,2013-2014
76349,0,0.3622384197092876,0,true_negative,0.12465850480874557,38.0,Male,2013-2014
76369,0,0.051080178465498734,0,true_negative,0.43581674605253445,31.0,Male,2013-2014
76376,0,0.42776914546166334,0,true_negative,0.059127779056369845,56.0,Female,2013-2014
76391,0,0.8493325660026495,1,false_positive,0.3624356414846163,80.0,Female,2013-2014
76408,0,0.2862644224889347,0,true_negative,0.2006325020290985,48.0,Male,2013-2014
76409,0,0.013941376732413054,0,true_negative,0.4729555477856201,20.0,Female,2013-2014
76411,0,0.17638355907249711,0,true_negative,0.3105133654455361,63.0,Female,2013-2014
76413,0,0.5527162067614663,1,false_positive,0.06581928224343309,66.0,Female,2013-2014
76422,0,0.6280134775508779,1,false_positive,0.1411165530328447,69.0,Male,2013-2014
76429,0,0.3241323640563585,0,true_negative,0.1627645604616747,63.0,Male,2013-2014
76433,0,0.47109074015997593,0,true_negative,0.01580618435805725,44.0,Male,2013-2014
76436,0,0.7919878945265979,1,false_positive,0.3050909700085647,78.0,Male,2013-2014
76437,0,0.32307374781838927,0,true_negative,0.1638231766996439,64.0,Male,2013-2014
76440,0,0.19737280738903215,0,true_negative,0.28952411712900106,49.0,Female,2013-2014
76461,0,0.35537715790767094,0,true_negative,0.13151976661036224,52.0,Female,2013-2014
76464,0,0.051830861404636074,0,true_negative,0.43506606311339713,33.0,Male,2013-2014
76469,1,0.7743151360524223,1,true_positive,0.2874182115343891,72.0,Male,2013-2014
76470,0,0.1673017794496235,0,true_negative,0.3195951450684097,49.0,Female,2013-2014
76472,0,0.2762289573076919,0,true_negative,0.21066796721034126,52.0,Female,2013-2014
76476,0,0.25951061459513586,0,true_negative,0.22738630992289732,39.0,Female,2013-2014
76477,0,0.4680867091542409,0,true_negative,0.018810215363792293,73.0,Female,2013-2014
76480,0,0.04247304087706785,0,true_negative,0.4444238836409653,24.0,Female,2013-2014
76487,0,0.014034284184283383,0,true_negative,0.4728626403337498,23.0,Female,2013-2014
76530,0,0.8813455146681253,1,false_positive,0.3944485901500921,80.0,Female,2013-2014
76533,0,0.444351066057302,0,true_negative,0.04254585846073117,67.0,Male,2013-2014
76541,0,0.02594075398686539,0,true_negative,0.4609561705311678,26.0,Male,2013-2014
76558,0,0.20191762418224124,0,true_negative,0.28497930033579194,64.0,Female,2013-2014
76560,0,0.17762808457019183,0,true_negative,0.3092688399478414,57.0,Male,2013-2014
76569,0,0.3586993155428839,0,true_negative,0.12819760897514926,45.0,Male,2013-2014
76577,0,0.024366333395198468,0,true_negative,0.46253059112283473,23.0,Female,2013-2014
76580,0,0.5670601870998618,1,false_positive,0.08016326258182865,71.0,Female,2013-2014
76584,0,0.04937793954344691,0,true_negative,0.4375189849745863,49.0,Female,2013-2014
76586,0,0.23791642482277583,0,true_negative,0.24898049969525735,45.0,Female,2013-2014
76589,0,0.22680693036200747,0,true_negative,0.26008999415602574,38.0,Male,2013-2014
76593,0,0.6280086656294975,1,false_positive,0.14111174111146435,76.0,Male,2013-2014
76601,0,0.16798311110453248,0,true_negative,0.31891381341350067,39.0,Male,2013-2014
76613,0,0.06257076928213716,0,true_negative,0.424326155235896,32.0,Male,2013-2014
76614,0,0.14046604129272333,0,true_negative,0.34643088322530985,41.0,Female,2013-2014
76619,0,0.04915354343979314,0,true_negative,0.43774338107824007,31.0,Female,2013-2014
76627,0,0.856547375221321,1,false_positive,0.3696504507032878,76.0,Female,2013-2014
76635,0,0.25634992694935643,0,true_negative,0.23054699756867675,59.0,Male,2013-2014
76636,0,0.02369284964660972,0,true_negative,0.46320407487142345,29.0,Female,2013-2014
76639,0,0.1676232703656417,0,true_negative,0.3192736541523915,43.0,Male,2013-2014
76642,0,0.06051969807917291,0,true_negative,0.4263772264388603,40.0,Female,2013-2014
76665,0,0.03410596114310784,0,true_negative,0.45279096337492536,44.0,Female,2013-2014
76666,0,0.4075127115067147,0,true_negative,0.07938421301131848,65.0,Female,2013-2014
76673,1,0.8518791304611781,1,true_positive,0.36498220594314496,80.0,Male,2013-2014
76703,0,0.2161442058612974,0,true_negative,0.2707527186567358,36.0,Male,2013-2014
76714,0,0.9166761051245392,1,false_positive,0.42977918060650605,72.0,Female,2013-2014
76739,0,0.9204222764542986,1,false_positive,0.43352535193626546,80.0,Female,2013-2014
76742,0,0.09870582074403435,0,true_negative,0.38819110377399885,40.0,Male,2013-2014
76745,0,0.8075656872987563,1,false_positive,0.32066876278072315,70.0,Male,2013-2014
76746,0,0.2865574580742861,0,true_negative,0.20033946644374706,55.0,Male,2013-2014
76751,0,0.04985293189066773,0,true_negative,0.43704399262736543,36.0,Female,2013-2014
76755,0,0.13298579501471103,0,true_negative,0.35391112950332215,42.0,Female,2013-2014
76756,0,0.12885670405760294,0,true_negative,0.35804022046043027,44.0,Male,2013-2014
76785,0,0.03787373583292798,0,true_negative,0.4490231886851052,22.0,Male,2013-2014
76789,0,0.41837706419315884,0,true_negative,0.06851986032487434,71.0,Female,2013-2014
76807,0,0.3285676293905459,0,true_negative,0.15832929512748728,72.0,Female,2013-2014
76814,0,0.5690586782925717,1,false_positive,0.08216175377453855,62.0,Male,2013-2014
76827,1,0.4659095183284128,0,false_negative,0.02098740618962036,72.0,Female,2013-2014
76847,0,0.021718079537791368,0,true_negative,0.4651788449802418,35.0,Female,2013-2014
76849,0,0.9062152489278874,1,false_positive,0.4193183244098542,79.0,Male,2013-2014
76854,0,0.05803453592456308,0,true_negative,0.4288623885934701,36.0,Male,2013-2014
76872,0,0.6591875377753343,1,false_positive,0.17229061325730116,66.0,Male,2013-2014
76880,0,0.2964212943423011,0,true_negative,0.1904756301757321,62.0,Female,2013-2014
76888,0,0.8156867381190442,1,false_positive,0.32878981360101106,80.0,Male,2013-2014
76889,0,0.3681454258516617,0,true_negative,0.11875149866637147,65.0,Female,2013-2014
76893,0,0.28071292304808626,0,true_negative,0.20618400146994692,60.0,Female,2013-2014
76899,0,0.5297504668770724,1,false_positive,0.04285354235903921,60.0,Male,2013-2014
76900,0,0.02653286057432802,0,true_negative,0.46036406394370516,25.0,Female,2013-2014
76901,0,0.19442673750793196,0,true_negative,0.2924701870101012,52.0,Female,2013-2014
76905,0,0.03131120956941522,0,true_negative,0.45558571494861794,33.0,Female,2013-2014
76907,0,0.07579898116903662,0,true_negative,0.4110979433489966,32.0,Male,2013-2014
76915,0,0.8989971378641672,1,false_positive,0.41210021334613406,63.0,Male,2013-2014
76934,0,0.3720805391161738,0,true_negative,0.1148163854018594,41.0,Male,2013-2014
76935,0,0.09676726979659198,0,true_negative,0.39012965472144123,43.0,Male,2013-2014
76940,0,0.02901274674838614,0,true_negative,0.457884177769647,21.0,Male,2013-2014
76941,0,0.4613361196123097,0,true_negative,0.02556080490572349,78.0,Female,2013-2014
76955,0,0.07163541388333636,0,true_negative,0.41526151063469685,38.0,Male,2013-2014
76958,0,0.2718048180390891,0,true_negative,0.21509210647894406,57.0,Female,2013-2014
76968,0,0.04453979125745938,0,true_negative,0.4423571332605738,34.0,Male,2013-2014
76972,0,0.3224250510543956,0,true_negative,0.16447187346363756,57.0,Male,2013-2014
76973,0,0.3528510892255107,0,true_negative,0.1340458352925225,65.0,Female,2013-2014
76979,0,0.01643791467481354,0,true_negative,0.47045900984321964,23.0,Female,2013-2014
76996,0,0.0959348207191403,0,true_negative,0.39096210379889285,36.0,Male,2013-2014
77000,0,0.3232046643549154,0,true_negative,0.16369226016311778,55.0,Female,2013-2014
77001,0,0.32124141299928716,0,true_negative,0.16565551151874602,40.0,Female,2013-2014
77012,0,0.7643665102425574,1,false_positive,0.27746958572452424,80.0,Male,2013-2014
77016,0,0.014689775926940233,0,true_negative,0.472207148591093,20.0,Female,2013-2014
77021,0,0.20365460164638535,0,true_negative,0.28324232287164786,43.0,Male,2013-2014
77024,0,0.049513047421822956,0,true_negative,0.43738387709621024,25.0,Male,2013-2014
77028,0,0.312200352096856,0,true_negative,0.1746965724211772,54.0,Male,2013-2014
77035,0,0.4817683103264152,0,true_negative,0.005128614191617975,64.0,Male,2013-2014
77043,0,0.7664590975880683,1,false_positive,0.2795621730700351,60.0,Female,2013-2014
77045,0,0.17034545002541604,0,true_negative,0.3165514744926171,30.0,Male,2013-2014
77049,0,0.5815009615484783,1,false_positive,0.09460403703044512,66.0,Female,2013-2014
77050,0,0.09947545080734092,0,true_negative,0.38742147371069224,31.0,Male,2013-2014
77063,0,0.39765544085673443,0,true_negative,0.08924148366129875,69.0,Female,2013-2014
77066,0,0.7036793720216314,1,false_positive,0.21678244750359826,62.0,Female,2013-2014
77083,0,0.6588835416967296,1,false_positive,0.1719866171786964,77.0,Female,2013-2014
77094,0,0.16339516025979778,0,true_negative,0.3235017642582354,57.0,Female,2013-2014
77109,0,0.03891278840716191,0,true_negative,0.4479841361108713,38.0,Male,2013-2014
77111,0,0.9713268674927167,1,false_positive,0.4844299429746835,61.0,Male,2013-2014
77114,0,0.29387725496104133,0,true_negative,0.19301966955699185,73.0,Female,2013-2014
77116,0,0.052202044769323656,0,true_negative,0.4346948797487095,21.0,Male,2013-2014
77120,0,0.2035122436852618,0,true_negative,0.28338468083277135,56.0,Female,2013-2014
77121,0,0.0413605354999369,0,true_negative,0.4455363890180963,42.0,Female,2013-2014
77126,0,0.19121231932274366,0,true_negative,0.2956846051952895,70.0,Female,2013-2014
77127,0,0.028422765731532098,0,true_negative,0.4584741587865011,41.0,Female,2013-2014
77140,0,0.26683666322023286,0,true_negative,0.22006026129780032,58.0,Male,2013-2014
77147,0,0.2056255914667725,0,true_negative,0.2812713330512607,45.0,Male,2013-2014
77154,0,0.10448652482863308,0,true_negative,0.3824103996894001,58.0,Female,2013-2014
77159,0,0.04410075977665495,0,true_negative,0.44279616474137823,38.0,Female,2013-2014
77164,0,0.29081824543349966,0,true_negative,0.19607867908453352,56.0,Female,2013-2014
77177,0,0.12580536434992515,0,true_negative,0.36109156016810806,48.0,Male,2013-2014
77178,0,0.906872911131166,1,false_positive,0.4199759866131328,80.0,Female,2013-2014
77196,0,0.16998199863619926,0,true_negative,0.3169149258818339,41.0,Male,2013-2014
77212,0,0.9089703852426497,1,false_positive,0.42207346072461654,80.0,Male,2013-2014
77215,0,0.0773999668335521,0,true_negative,0.4094969576844811,38.0,Male,2013-2014
77228,0,0.10096736422099889,0,true_negative,0.3859295602970343,27.0,Male,2013-2014
77237,0,0.014296634749285731,0,true_negative,0.47260028976874746,21.0,Female,2013-2014
77238,0,0.6089018325693631,1,false_positive,0.12200490805132996,59.0,Male,2013-2014
77240,0,0.15103225167534476,0,true_negative,0.3358646728426884,35.0,Male,2013-2014
77241,0,0.039154359019090236,0,true_negative,0.4477425654989429,27.0,Male,2013-2014
77251,0,0.05006564493357188,0,true_negative,0.43683127958446133,26.0,Female,2013-2014
77255,0,0.6797161060876667,1,false_positive,0.19281918156963357,60.0,Female,2013-2014
77280,0,0.14942541940504644,0,true_negative,0.33747150511298674,42.0,Male,2013-2014
77291,0,0.12208180102204913,0,true_negative,0.36481512349598405,42.0,Female,2013-2014
77295,0,0.032900010942478214,0,true_negative,0.45399691357555494,30.0,Male,2013-2014
77313,0,0.47771828056030935,0,true_negative,0.009178643957723831,67.0,Female,2013-2014
77314,0,0.651442752468305,1,false_positive,0.16454582795027178,76.0,Male,2013-2014
77318,0,0.898197970528163,1,false_positive,0.4113010460101298,62.0,Male,2013-2014
77320,0,0.03821158724546896,0,true_negative,0.4486853372725642,35.0,Female,2013-2014
77348,0,0.7512075480833413,1,false_positive,0.26431062356530816,78.0,Male,2013-2014
77351,0,0.7869388364963956,1,false_positive,0.30004191197836244,80.0,Female,2013-2014
77355,0,0.8592789521076472,1,false_positive,0.372382027589614,71.0,Female,2013-2014
77367,0,0.3411728324470898,0,true_negative,0.1457240920709434,48.0,Female,2013-2014
77371,0,0.6248385766662621,1,false_positive,0.1379416521482289,70.0,Female,2013-2014
77373,0,0.7761472085744447,1,false_positive,0.28925028405641157,74.0,Female,2013-2014
77374,1,0.09520269322798922,0,false_negative,0.391694231290044,46.0,Female,2013-2014
77377,0,0.10128210681351263,0,true_negative,0.38561481770452055,36.0,Male,2013-2014
77385,0,0.4834470459128271,0,true_negative,0.0034498786052060693,52.0,Male,2013-2014
77386,0,0.017575415408617574,0,true_negative,0.4693215091094156,31.0,Female,2013-2014
77388,0,0.11105688445246395,0,true_negative,0.37584004006556926,46.0,Male,2013-2014
77407,0,0.0921870130091134,0,true_negative,0.39470991150891976,44.0,Female,2013-2014
77409,0,0.003449018047118657,0,true_negative,0.4834479064709145,38.0,Female,2013-2014
77417,0,0.9795560904158875,1,false_positive,0.49265916589785436,80.0,Male,2013-2014
77450,0,0.6267176392017199,1,false_positive,0.13982071468368668,58.0,Female,2013-2014
77451,0,0.4475706509813104,0,true_negative,0.0393262735367228,61.0,Male,2013-2014
77452,0,0.03837782544928323,0,true_negative,0.4485190990687499,27.0,Male,2013-2014
77456,0,0.2069975003032297,0,true_negative,0.2798994242148035,62.0,Female,2013-2014
77459,0,0.04524931641866891,0,true_negative,0.44164760809936426,29.0,Male,2013-2014
77475,0,0.4980543040743836,1,false_positive,0.011157379556350433,48.0,Male,2013-2014
77492,0,0.05634729688473058,0,true_negative,0.4305496276333026,34.0,Male,2013-2014
77494,1,0.9632068957134992,1,true_positive,0.476309971195466,80.0,Male,2013-2014
77511,0,0.9758387460894108,1,false_positive,0.4889418215713776,80.0,Male,2013-2014
77513,0,0.13286200658186217,0,true_negative,0.35403491793617103,34.0,Male,2013-2014
77524,0,0.24626539999378044,0,true_negative,0.24063152452425274,65.0,Female,2013-2014
77527,0,0.1741560508171301,0,true_negative,0.3127408737009031,47.0,Male,2013-2014
77533,0,0.7631572036426286,1,false_positive,0.27626027912459544,68.0,Female,2013-2014
77538,0,0.08711291253327044,0,true_negative,0.39978401198476277,23.0,Male,2013-2014
77542,0,0.29424378632284803,0,true_negative,0.19265313819518515,42.0,Male,2013-2014
77549,0,0.06492724434433181,0,true_negative,0.4219696801737014,22.0,Female,2013-2014
77562,0,0.723764296478601,1,false_positive,0.23686737196056779,65.0,Female,2013-2014
77572,0,0.2659649458191818,0,true_negative,0.2209319786988514,57.0,Male,2013-2014
77577,0,0.013824946035116305,0,true_negative,0.4730719784829169,33.0,Female,2013-2014
77581,0,0.148252927039437,0,true_negative,0.3386439974785962,31.0,Female,2013-2014
77589,0,0.5332809419200191,1,false_positive,0.04638401740198589,50.0,Female,2013-2014
77596,0,0.2007742133745004,0,true_negative,0.28612271114353277,49.0,Male,2013-2014
77598,0,0.9468651713844485,1,false_positive,0.4599682468664153,79.0,Male,2013-2014
77601,0,0.4071696286362886,0,true_negative,0.0797272958817446,42.0,Male,2013-2014
77604,0,0.06594484742468198,0,true_negative,0.4209520770933512,25.0,Male,2013-2014
77618,0,0.028583827915619916,0,true_negative,0.45831309660241326,25.0,Female,2013-2014
77621,0,0.7979455745935711,1,false_positive,0.3110486500755379,68.0,Female,2013-2014
77630,0,0.2446320143094238,0,true_negative,0.24226491020860938,45.0,Male,2013-2014
77634,0,0.3358221480760763,0,true_negative,0.15107477644195688,67.0,Female,2013-2014
77638,0,0.022342293111129816,0,true_negative,0.46455463140690334,23.0,Female,2013-2014
77643,0,0.022123156438709123,0,true_negative,0.4647737680793241,24.0,Female,2013-2014
77653,0,0.07300051077567744,0,true_negative,0.41389641374235575,29.0,Female,2013-2014
77655,0,0.08852523120644593,0,true_negative,0.3983716933115873,55.0,Female,2013-2014
77668,0,0.1278187982387678,0,true_negative,0.3590781262792654,47.0,Male,2013-2014
77670,0,0.029630758114155616,0,true_negative,0.45726616640387757,25.0,Male,2013-2014
77675,0,0.04134667625838003,0,true_negative,0.44555024825965317,33.0,Male,2013-2014
77677,0,0.8411170364180418,1,false_positive,0.3542201119000086,80.0,Female,2013-2014
77708,0,0.04088593122437282,0,true_negative,0.44601099329366034,44.0,Female,2013-2014
77718,0,0.0789791425424491,0,true_negative,0.4079177819755841,21.0,Male,2013-2014
77720,0,0.2170165829033897,0,true_negative,0.26988034161464347,34.0,Male,2013-2014
77721,0,0.13002776982226502,0,true_negative,0.3568691546957682,46.0,Male,2013-2014
77723,0,0.08118442939845566,0,true_negative,0.4057124951195775,27.0,Male,2013-2014
77725,0,0.11567525765352932,0,true_negative,0.37122166686450386,49.0,Male,2013-2014
77729,0,0.8866403778099072,1,false_positive,0.39974345329187405,67.0,Male,2013-2014
77736,0,0.13648006570695784,0,true_negative,0.3504168588110753,58.0,Male,2013-2014
77741,0,0.44424894272578735,0,true_negative,0.042647981792245826,73.0,Female,2013-2014
77756,0,0.0828364417546523,0,true_negative,0.4040604827633809,55.0,Male,2013-2014
77769,0,0.2429985666235612,0,true_negative,0.24389835789447198,64.0,Female,2013-2014
77773,0,0.7860536167284173,1,false_positive,0.29915669221038416,80.0,Female,2013-2014
77774,0,0.0504580679249933,0,true_negative,0.4364388565930399,25.0,Female,2013-2014
77782,0,0.13557590482852552,0,true_negative,0.3513210196895077,51.0,Female,2013-2014
77789,0,0.9699110307748623,1,false_positive,0.4830141062568291,75.0,Male,2013-2014
77796,0,0.018924504323294577,0,true_negative,0.4679724201947386,20.0,Female,2013-2014
77800,0,0.057622416591735226,0,true_negative,0.42927450792629795,24.0,Female,2013-2014
77801,0,0.09964673554119596,0,true_negative,0.3872501889768372,33.0,Male,2013-2014
77805,0,0.021930949489161966,0,true_negative,0.4649659750288712,25.0,Female,2013-2014
77815,0,0.8527656211658486,1,false_positive,0.36586869664781546,66.0,Male,2013-2014
77827,0,0.650653919930324,1,false_positive,0.16375699541229077,52.0,Female,2013-2014
77831,0,0.5021339220814571,1,false_positive,0.015236997563423949,61.0,Male,2013-2014
77836,0,0.05435002507599275,0,true_negative,0.43254689944204044,26.0,Male,2013-2014
77841,0,0.21372658720952506,0,true_negative,0.27317033730850815,56.0,Male,2013-2014
77843,0,0.16085270628009785,0,true_negative,0.32604421823793533,42.0,Male,2013-2014
77844,0,0.051698395051523655,0,true_negative,0.4351985294665095,20.0,Male,2013-2014
77852,0,0.8359264087272453,1,false_positive,0.34902948420921215,72.0,Male,2013-2014
77856,0,0.20892931446558388,0,true_negative,0.2779676100524493,33.0,Male,2013-2014
77869,0,0.22947166676676606,0,true_negative,0.2574252577512671,57.0,Female,2013-2014
77872,0,0.09249778855044402,0,true_negative,0.39439913596758913,42.0,Female,2013-2014
77878,0,0.1897190421794975,0,true_negative,0.2971778823385357,47.0,Female,2013-2014
77887,0,0.14835632638110444,0,true_negative,0.3385405981369287,27.0,Female,2013-2014
77888,0,0.6478868960536956,1,false_positive,0.16098997153566247,75.0,Male,2013-2014
77891,0,0.4102480066931913,0,true_negative,0.0766489178248419,55.0,Female,2013-2014
77893,0,0.03040987286547834,0,true_negative,0.4564870516525548,24.0,Male,2013-2014
77898,0,0.02692026993193789,0,true_negative,0.45997665458609527,40.0,Male,2013-2014
77902,1,0.7178985237398402,1,true_positive,0.23100159922180702,80.0,Female,2013-2014
77915,0,0.24506135681393348,0,true_negative,0.2418355677040997,57.0,Female,2013-2014
77936,0,0.07109315780607947,0,true_negative,0.41580376671195374,43.0,Female,2013-2014
77938,0,0.7107334568787936,1,false_positive,0.22383653236076045,72.0,Male,2013-2014
77939,0,0.22386266418947673,0,true_negative,0.2630342603285565,55.0,Female,2013-2014
77949,0,0.031252772982276036,0,true_negative,0.45564415153575716,41.0,Female,2013-2014
77953,0,0.041722541322490064,0,true_negative,0.44517438319554314,33.0,Female,2013-2014
77960,0,0.08494156408590425,0,true_negative,0.4019553604321289,37.0,Female,2013-2014
77965,0,0.30989191041741676,0,true_negative,0.17700501410061642,47.0,Male,2013-2014
77966,0,0.2707480337111734,0,true_negative,0.21614889080685978,64.0,Male,2013-2014
77973,0,0.39435972451302675,0,true_negative,0.09253720000500643,57.0,Male,2013-2014
77979,0,0.5898177662104264,1,false_positive,0.10292084169239318,69.0,Female,2013-2014
77989,0,0.5356520061083533,1,false_positive,0.048755081590320104,53.0,Male,2013-2014
77992,0,0.6269451306175206,1,false_positive,0.14004820609948737,76.0,Male,2013-2014
77993,0,0.05735004288661726,0,true_negative,0.4295468816314159,21.0,Male,2013-2014
78008,0,0.04029619410291928,0,true_negative,0.4466007304151139,33.0,Female,2013-2014
78010,0,0.9498120704942411,1,false_positive,0.4629151459762079,73.0,Male,2013-2014
78018,0,0.11562372413403739,0,true_negative,0.3712732003839958,47.0,Female,2013-2014
78024,0,0.041178098217751355,0,true_negative,0.4457188263002818,33.0,Male,2013-2014
78027,0,0.057292935447882026,0,true_negative,0.4296039890701512,44.0,Female,2013-2014
78031,0,0.7282587181613857,1,false_positive,0.24136179364335247,64.0,Female,2013-2014
78034,0,0.0580120646229977,0,true_negative,0.4288848598950355,31.0,Male,2013-2014
78035,0,0.10297675737019531,0,true_negative,0.3839201671478379,30.0,Male,2013-2014
78043,0,0.6865482878006693,1,false_positive,0.19965136328263616,61.0,Male,2013-2014
78061,0,0.098397387997306,0,true_negative,0.38849953652072716,47.0,Male,2013-2014
78074,0,0.14974918132829834,0,true_negative,0.33714774318973484,51.0,Male,2013-2014
78083,0,0.3104827383830594,0,true_negative,0.17641418613497378,53.0,Male,2013-2014
78085,0,0.015158114428194681,0,true_negative,0.4717388100898385,32.0,Male,2013-2014
78088,0,0.7159690168360558,1,false_positive,0.22907209231802267,66.0,Male,2013-2014
78103,0,0.5106813313487033,1,false_positive,0.023784406830670124,63.0,Male,2013-2014
78104,1,0.6428186516952199,1,true_positive,0.15592172717718672,61.0,Male,2013-2014
78124,0,0.5637047391303871,1,false_positive,0.07680781461235392,46.0,Male,2013-2014
78127,0,0.8012059293880751,1,false_positive,0.31430900487004193,67.0,Male,2013-2014
78139,0,0.4390753497107282,0,true_negative,0.04782157480730498,60.0,Male,2013-2014
78151,0,0.6777764750928456,1,false_positive,0.19087955057481237,75.0,Male,2013-2014
78161,0,0.1800749255317198,0,true_negative,0.30682199898631335,34.0,Female,2013-2014
78165,0,0.08989524926839254,0,true_negative,0.39700167524964064,43.0,Female,2013-2014
78180,0,0.435214280157543,0,true_negative,0.05168264436049019,80.0,Female,2013-2014
78188,0,0.09460982638274172,0,true_negative,0.39228709813529145,29.0,Male,2013-2014
78198,0,0.09203575640581725,0,true_negative,0.39486116811221594,54.0,Female,2013-2014
78200,0,0.3962030183077312,0,true_negative,0.09069390621030199,66.0,Female,2013-2014
78211,0,0.2878873732470907,0,true_negative,0.1990095512709425,34.0,Male,2013-2014
78213,0,0.11071842354717977,0,true_negative,0.3761785009708534,38.0,Male,2013-2014
78215,0,0.04607934101017383,0,true_negative,0.4408175835078594,32.0,Female,2013-2014
78225,0,0.037080998205647954,0,true_negative,0.4498159263123852,40.0,Female,2013-2014
78244,0,0.038464116834623634,0,true_negative,0.44843280768340954,28.0,Male,2013-2014
78253,0,0.008779142948837812,0,true_negative,0.4781177815691954,23.0,Female,2013-2014
78307,0,0.02109923645559529,0,true_negative,0.4657976880624379,23.0,Female,2013-2014
78319,0,0.7419984823584205,1,false_positive,0.2551015578403873,80.0,Female,2013-2014
78321,0,0.4717267878002441,0,true_negative,0.015170136717789107,63.0,Male,2013-2014
78322,0,0.0793995690127306,0,true_negative,0.4074973555053026,29.0,Male,2013-2014
78327,0,0.24400883616524507,0,true_negative,0.2428880883527881,39.0,Male,2013-2014
78330,0,0.04654931524589795,0,true_negative,0.44034760927213523,27.0,Male,2013-2014
78335,0,0.0453941769771501,0,true_negative,0.4415027475408831,27.0,Female,2013-2014
78337,1,0.5779302342669451,1,true_positive,0.09103330974891194,73.0,Female,2013-2014
78341,0,0.045229495745321535,0,true_negative,0.44166742877271165,35.0,Female,2013-2014
78350,0,0.08191484760841956,0,true_negative,0.40498207690961363,43.0,Female,2013-2014
78360,0,0.06114449346523836,0,true_negative,0.4257524310527948,38.0,Female,2013-2014
78374,0,0.09789640520812745,0,true_negative,0.38900051930990576,49.0,Female,2013-2014
78386,0,0.186067823733108,0,true_negative,0.3008291007849252,44.0,Male,2013-2014
78388,0,0.1484451929560529,0,true_negative,0.3384517315619803,30.0,Female,2013-2014
78391,0,0.06890127182963314,0,true_negative,0.41799565268840005,55.0,Male,2013-2014
78393,0,0.03851537013259839,0,true_negative,0.4483815543854348,26.0,Male,2013-2014
78394,0,0.3055511909192414,0,true_negative,0.1813457335987918,58.0,Female,2013-2014
78400,0,0.1667282592923317,0,true_negative,0.3201686652257015,49.0,Female,2013-2014
78402,0,0.908952088286775,1,false_positive,0.4220551637687418,69.0,Male,2013-2014
78404,0,0.16741914360438218,0,true_negative,0.319477780913651,44.0,Male,2013-2014
78411,0,0.1414508546880066,0,true_negative,0.34544606983002657,41.0,Male,2013-2014
78419,0,0.029257580372978157,0,true_negative,0.457639344145055,32.0,Female,2013-2014
78422,0,0.15838221926066076,0,true_negative,0.3285147052573724,52.0,Male,2013-2014
78424,0,0.06787215664290416,0,true_negative,0.419024767875129,45.0,Male,2013-2014
78431,0,0.5220037285890234,1,false_positive,0.03510680407099026,80.0,Female,2013-2014
78434,0,0.04869323793275327,0,true_negative,0.4382036865852799,32.0,Male,2013-2014
78438,0,0.08511206306678452,0,true_negative,0.40178486145124864,33.0,Male,2013-2014
78439,0,0.058477063642084076,0,true_negative,0.4284198608759491,30.0,Female,2013-2014
78457,0,0.03097089693019088,0,true_negative,0.4559260275878423,33.0,Female,2013-2014
78462,0,0.6181721882878493,1,false_positive,0.13127526376981608,58.0,Male,2013-2014
78478,0,0.1567684254884233,0,true_negative,0.3301284990296099,47.0,Male,2013-2014
78481,0,0.048556960594901215,0,true_negative,0.43833996392313196,71.0,Female,2013-2014
78487,1,0.6272894528084306,1,true_positive,0.14039252829039744,80.0,Female,2013-2014
78498,0,0.8698746529506142,1,false_positive,0.382977728432581,78.0,Female,2013-2014
78500,0,0.102061402403051,0,true_negative,0.3848355221149822,36.0,Male,2013-2014
78506,0,0.4269615134346935,0,true_negative,0.05993541108333966,57.0,Male,2013-2014
78514,1,0.14093810382203498,0,false_negative,0.3459588206959982,45.0,Male,2013-2014
78523,0,0.11433440219665968,0,true_negative,0.3725625223213735,60.0,Female,2013-2014
78535,0,0.5703193314124159,1,false_positive,0.08342240689438268,80.0,Female,2013-2014
78548,0,0.09529182901001236,0,true_negative,0.3916050955080208,36.0,Female,2013-2014
78549,0,0.05354745472730947,0,true_negative,0.4333494697907237,20.0,Male,2013-2014
78561,0,0.9577186406408337,1,false_positive,0.4708217161228005,80.0,Male,2013-2014
78586,0,0.06299638543544733,0,true_negative,0.42390053908258585,41.0,Female,2013-2014
78597,0,0.5245209752911171,1,false_positive,0.037624050773083895,61.0,Male,2013-2014
78598,0,0.7946328965271412,1,false_positive,0.307735972009108,63.0,Male,2013-2014
78599,0,0.20085044369471836,0,true_negative,0.28604648082331485,36.0,Male,2013-2014
78603,0,0.052441686244327046,0,true_negative,0.43445523827370613,33.0,Male,2013-2014
78634,0,0.375770098050795,0,true_negative,0.1111268264672382,55.0,Female,2013-2014
78645,0,0.06591544861996397,0,true_negative,0.4209814758980692,37.0,Male,2013-2014
78654,0,0.2254859163928152,0,true_negative,0.261411008125218,61.0,Female,2013-2014
78673,0,0.036782028915034216,0,true_negative,0.45011489560299894,32.0,Female,2013-2014
78679,0,0.2844006088707363,0,true_negative,0.20249631564729687,68.0,Female,2013-2014
78698,0,0.6064270484998388,1,false_positive,0.11953012398180557,80.0,Female,2013-2014
78703,0,0.12817083627755246,0,true_negative,0.3587260882404807,59.0,Male,2013-2014
78712,0,0.33092510599904157,0,true_negative,0.1559718185189916,53.0,Female,2013-2014
78714,0,0.5141474904482128,1,false_positive,0.02725056593017966,64.0,Female,2013-2014
78723,0,0.05132849511351044,0,true_negative,0.43556842940452273,66.0,Female,2013-2014
78733,0,0.049232921009692086,0,true_negative,0.4376640035083411,27.0,Male,2013-2014
78736,0,0.1710508497753666,0,true_negative,0.31584607474266657,41.0,Male,2013-2014
78766,0,0.1953900673848694,0,true_negative,0.2915068571331638,46.0,Male,2013-2014
78771,1,0.8624119904908937,1,true_positive,0.3755150659728605,80.0,Male,2013-2014
78772,0,0.06535239185292445,0,true_negative,0.4215445326651087,30.0,Female,2013-2014
78778,0,0.5342018399487044,1,false_positive,0.047304915430671224,64.0,Female,2013-2014
78805,0,0.04107003380123844,0,true_negative,0.4458268907167947,41.0,Female,2013-2014
78810,0,0.5879690205977346,1,false_positive,0.10107209607970141,58.0,Female,2013-2014
78812,0,0.17150823238580282,0,true_negative,0.31538869213223036,41.0,Male,2013-2014
78818,0,0.09612613144997766,0,true_negative,0.3907707930680555,43.0,Female,2013-2014
78819,0,0.03474564705657015,0,true_negative,0.45215127746146305,37.0,Female,2013-2014
78821,0,0.11226218785003962,0,true_negative,0.3746347366679936,38.0,Female,2013-2014
78822,1,0.6398759479080094,1,true_positive,0.1529790233899762,68.0,Male,2013-2014
78827,0,0.11348671170493518,0,true_negative,0.373410212813098,42.0,Female,2013-2014
78832,0,0.04424054409182397,0,true_negative,0.4426563804262092,32.0,Male,2013-2014
78834,0,0.2694316554504881,0,true_negative,0.2174652690675451,56.0,Female,2013-2014
78853,0,0.6817492047027721,1,false_positive,0.19485228018473894,65.0,Female,2013-2014
78858,0,0.9270358693640415,1,false_positive,0.4401389448460083,77.0,Male,2013-2014
78862,0,0.04253374282988212,0,true_negative,0.44436318168815103,36.0,Female,2013-2014
78870,0,0.4654419284454501,0,true_negative,0.021454996072583055,52.0,Female,2013-2014
78876,0,0.4964308152646036,1,false_positive,0.009533890746570406,66.0,Female,2013-2014
78897,0,0.5181323715188295,1,false_positive,0.031235447000796335,63.0,Female,2013-2014
78899,0,0.8819218930993454,1,false_positive,0.39502496858131225,80.0,Male,2013-2014
78905,0,0.4485389025297858,0,true_negative,0.03835802198824739,61.0,Male,2013-2014
78920,0,0.04525072448139012,0,true_negative,0.44164620003664307,20.0,Male,2013-2014
78929,0,0.6558579386415859,1,false_positive,0.16896101412355274,71.0,Female,2013-2014
78930,0,0.4076285095243048,0,true_negative,0.07926841499372839,50.0,Male,2013-2014
78946,0,0.0434380014632815,0,true_negative,0.44345892305475165,20.0,Male,2013-2014
78950,1,0.9112701333773944,1,true_positive,0.4243732088593612,73.0,Female,2013-2014
78951,0,0.943807989311506,1,false_positive,0.4569110647934728,80.0,Female,2013-2014
78953,0,0.848596394844527,1,false_positive,0.3616994703264938,63.0,Male,2013-2014
78963,0,0.5295764870595624,1,false_positive,0.042679562541529215,52.0,Male,2013-2014
78964,0,0.022932999071046584,0,true_negative,0.4639639254469866,35.0,Male,2013-2014
78967,0,0.06422134153939511,0,true_negative,0.42267558297863805,41.0,Female,2013-2014
78968,0,0.24400633341054942,0,true_negative,0.24289059110748376,63.0,Female,2013-2014
78969,0,0.015861728491782436,0,true_negative,0.47103519602625077,20.0,Female,2013-2014
78975,0,0.37981319438871053,0,true_negative,0.10708373012932265,48.0,Male,2013-2014
78978,1,0.6260219366585569,1,true_positive,0.1391250121405237,71.0,Female,2013-2014
78990,0,0.6890956651103635,1,false_positive,0.20219874059233028,75.0,Male,2013-2014
78991,0,0.596672457250022,1,false_positive,0.10977553273198887,61.0,Male,2013-2014
78994,0,0.11450782094546144,0,true_negative,0.3723891035725717,54.0,Female,2013-2014
79007,0,0.05920953674260128,0,true_negative,0.4276873877754319,52.0,Female,2013-2014
79023,0,0.17787942719093855,0,true_negative,0.3090174973270946,42.0,Female,2013-2014
79040,0,0.09331312892676041,0,true_negative,0.39358379559127277,58.0,Female,2013-2014
79044,0,0.05079642749500922,0,true_negative,0.43610049702302395,31.0,Male,2013-2014
79063,0,0.2069788319081573,0,true_negative,0.2799180926098759,51.0,Female,2013-2014
79067,0,0.04924433602699337,0,true_negative,0.43765258849103983,26.0,Male,2013-2014
79068,0,0.04269267737625771,0,true_negative,0.4442042471417755,36.0,Female,2013-2014
79069,0,0.08312275527897275,0,true_negative,0.4037741692390604,30.0,Male,2013-2014
79072,0,0.08467938870537413,0,true_negative,0.40221753581265907,53.0,Female,2013-2014
79077,0,0.8165977606003574,1,false_positive,0.3297008360823242,80.0,Male,2013-2014
79084,0,0.07749912071234709,0,true_negative,0.4093978038056861,42.0,Female,2013-2014
79095,0,0.5129411199423977,1,false_positive,0.02604419542436448,80.0,Female,2013-2014
79110,0,0.028242404359501476,0,true_negative,0.4586545201585317,35.0,Female,2013-2014
79113,0,0.8048094481660407,1,false_positive,0.31791252364800754,66.0,Male,2013-2014
79127,0,0.1573827475078405,0,true_negative,0.3295141770101927,27.0,Female,2013-2014
79136,0,0.7206213341539529,1,false_positive,0.23372440963591973,67.0,Female,2013-2014
79137,0,0.07951931433442284,0,true_negative,0.40737761018361035,25.0,Male,2013-2014
79138,0,0.31628711285114014,0,true_negative,0.17060981166689304,60.0,Female,2013-2014
79142,0,0.08869904486403218,0,true_negative,0.398197879654001,49.0,Female,2013-2014
79152,0,0.3106770862543578,0,true_negative,0.17621983826367538,53.0,Male,2013-2014
79154,0,0.25008581131422836,0,true_negative,0.23681111320380482,71.0,Male,2013-2014
79162,1,0.8144954564503217,1,true_positive,0.32759853193228855,80.0,Male,2013-2014
79164,0,0.11474109713165752,0,true_negative,0.37215582738637565,33.0,Male,2013-2014
79169,0,0.11621827301799106,0,true_negative,0.3706786515000421,32.0,Female,2013-2014
79175,0,0.05962464260491238,0,true_negative,0.4272722819131208,21.0,Male,2013-2014
79181,0,0.11957212336818421,0,true_negative,0.367324801149849,34.0,Female,2013-2014
79188,1,0.20539426679048078,0,false_negative,0.2815026577275524,55.0,Female,2013-2014
79199,0,0.9234448030993853,1,false_positive,0.4365478785813521,80.0,Female,2013-2014
79202,0,0.005228076719056366,0,true_negative,0.48166884779897684,23.0,Female,2013-2014
79204,0,0.5784769251228773,1,false_positive,0.09158000060484411,80.0,Female,2013-2014
79206,0,0.9232578504515797,1,false_positive,0.43636092593354653,72.0,Male,2013-2014
79217,0,0.028666891424037902,0,true_negative,0.4582300330939953,33.0,Male,2013-2014
79225,0,0.7447521909702899,1,false_positive,0.2578552664522567,71.0,Female,2013-2014
79240,0,0.43483257182037344,0,true_negative,0.052064352697659744,67.0,Male,2013-2014
79241,0,0.1542134837215047,0,true_negative,0.33268344079652845,47.0,Male,2013-2014
79246,0,0.02491106622675786,0,true_negative,0.4619858582912753,30.0,Female,2013-2014
79256,0,0.04507910838493441,0,true_negative,0.4418178161330988,23.0,Female,2013-2014
79259,0,0.1785900894886802,0,true_negative,0.30830683502935297,59.0,Male,2013-2014
79271,0,0.1801196193311806,0,true_negative,0.3067773051868526,49.0,Female,2013-2014
79274,0,0.048590468002938515,0,true_negative,0.43830645651509464,44.0,Female,2013-2014
79275,0,0.33234657644056603,0,true_negative,0.15455034807746715,62.0,Male,2013-2014
79281,0,0.0073302835252495886,0,true_negative,0.47956664099278357,23.0,Female,2013-2014
79293,0,0.016826186513423578,0,true_negative,0.4700707380046096,30.0,Female,2013-2014
79298,0,0.5505697635928959,1,false_positive,0.06367283907486271,60.0,Female,2013-2014
79302,0,0.10549818100786128,0,true_negative,0.3813987435101719,46.0,Female,2013-2014
79306,0,0.03185625063474073,0,true_negative,0.45504067388329245,39.0,Female,2013-2014
79311,0,0.11713521979498663,0,true_negative,0.36976170472304654,47.0,Female,2013-2014
79318,0,0.03979165736169812,0,true_negative,0.4471052671563351,45.0,Female,2013-2014
79328,1,0.8969129045512254,1,true_positive,0.41001598003319223,80.0,Female,2013-2014
79330,0,0.09424775204946316,0,true_negative,0.39264917246857,35.0,Male,2013-2014
79331,0,0.8638393429148272,1,false_positive,0.37694241839679404,58.0,Male,2013-2014
79341,0,0.016361919683904817,0,true_negative,0.47053500483412836,32.0,Female,2013-2014
79351,0,0.31935798346566535,0,true_negative,0.16753894105236783,62.0,Male,2013-2014
79362,0,0.30364691583207903,0,true_negative,0.18325000868595415,59.0,Male,2013-2014
79371,0,0.4908487415107642,1,false_positive,0.003951816992731005,63.0,Male,2013-2014
79374,0,0.09617095451520394,0,true_negative,0.39072597000282927,58.0,Female,2013-2014
79375,0,0.030418799543545687,0,true_negative,0.4564781249744875,35.0,Female,2013-2014
79398,0,0.06136104001245932,0,true_negative,0.4255358845055739,29.0,Male,2013-2014
79407,0,0.09967634579436607,0,true_negative,0.3872205787236671,43.0,Female,2013-2014
79409,0,0.008174962094014386,0,true_negative,0.4787219624240188,21.0,Female,2013-2014
79415,0,0.24312473459098374,0,true_negative,0.24377218992704944,57.0,Female,2013-2014
79421,0,0.06513829895314965,0,true_negative,0.4217586255648835,31.0,Male,2013-2014
79425,0,0.09238946471691142,0,true_negative,0.3945074598011218,53.0,Male,2013-2014
79426,0,0.07048424438625865,0,true_negative,0.4164126801317745,40.0,Female,2013-2014
79431,0,0.18185363996220433,0,true_negative,0.30504328455582885,56.0,Male,2013-2014
79443,0,0.15864595616107377,0,true_negative,0.32825096835695944,44.0,Male,2013-2014
79445,0,0.712344897652119,1,false_positive,0.22544797313408577,80.0,Male,2013-2014
79457,0,0.6776562630783141,1,false_positive,0.19075933856028088,68.0,Male,2013-2014
79459,0,0.04029771881632829,0,true_negative,0.44659920570170486,30.0,Male,2013-2014
79461,0,0.3879385219879699,0,true_negative,0.09895840253006327,76.0,Female,2013-2014
79464,0,0.024142953142540072,0,true_negative,0.4627539713754931,28.0,Female,2013-2014
79480,0,0.03481677428124463,0,true_negative,0.45208015023678855,38.0,Female,2013-2014
79481,0,0.508370675896506,1,false_positive,0.021473751378472794,72.0,Male,2013-2014
79482,0,0.1643634248708266,0,true_negative,0.32253349964720657,55.0,Female,2013-2014
79499,1,0.49963135104558837,1,true_positive,0.012734426527555187,57.0,Female,2013-2014
79505,0,0.2674897789235584,0,true_negative,0.21940714559447477,54.0,Female,2013-2014
79523,0,0.0484467983899047,0,true_negative,0.4384501261281285,40.0,Female,2013-2014
79537,0,0.47815133388152786,0,true_negative,0.008745590636505318,72.0,Female,2013-2014
79541,0,0.7215032743572735,1,false_positive,0.23460634983924028,78.0,Female,2013-2014
79545,0,0.04783829281748998,0,true_negative,0.4390586317005432,33.0,Female,2013-2014
79546,0,0.6350996367034493,1,false_positive,0.14820271218541609,63.0,Female,2013-2014
79550,0,0.01863257682750553,0,true_negative,0.46826434769052766,24.0,Female,2013-2014
79553,0,0.42188005251945165,0,true_negative,0.06501687199858153,70.0,Female,2013-2014
79567,0,0.5171804235928983,1,false_positive,0.030283499074865106,62.0,Female,2013-2014
79573,0,0.0345125399093116,0,true_negative,0.4523843846087216,29.0,Male,2013-2014
79576,0,0.2957126345096473,0,true_negative,0.19118429000838588,53.0,Male,2013-2014
79577,0,0.652744608576064,1,false_positive,0.1658476840580308,80.0,Female,2013-2014
79589,0,0.07224272552135962,0,true_negative,0.41465419899667355,24.0,Female,2013-2014
79591,0,0.010269335816490494,0,true_negative,0.4766275887015427,23.0,Female,2013-2014
79594,0,0.5541117721968797,1,false_positive,0.0672148476788465,69.0,Female,2013-2014
79597,0,0.8567811178943879,1,false_positive,0.36988419337635475,61.0,Male,2013-2014
79602,0,0.4279893605225873,0,true_negative,0.05890756399544589,51.0,Female,2013-2014
79603,0,0.03947914218888664,0,true_negative,0.44741778232914653,34.0,Female,2013-2014
79606,0,0.24836984662015282,0,true_negative,0.23852707789788036,44.0,Male,2013-2014
79608,0,0.5234752675298491,1,false_positive,0.036578343011815895,56.0,Male,2013-2014
79611,0,0.07078180687943833,0,true_negative,0.4161151176385949,35.0,Male,2013-2014
79612,0,0.036356880822572914,0,true_negative,0.45054004369546025,33.0,Female,2013-2014
79618,0,0.06353275594693658,0,true_negative,0.4233641685710966,41.0,Female,2013-2014
79620,0,0.024492617750572022,0,true_negative,0.46240430676746114,22.0,Female,2013-2014
79627,0,0.07549666616244627,0,true_negative,0.4114002583555869,41.0,Female,2013-2014
79632,0,0.5688946102819048,1,false_positive,0.08199768576387162,74.0,Female,2013-2014
79640,0,0.017818525794276365,0,true_negative,0.46907839872375684,30.0,Female,2013-2014
79649,0,0.0637603889573352,0,true_negative,0.42313653556069797,20.0,Male,2013-2014
79650,0,0.7148040356975176,1,false_positive,0.22790711117948442,58.0,Male,2013-2014
79668,0,0.4213716656880374,0,true_negative,0.06552525882999577,48.0,Female,2013-2014
79672,0,0.252402955693045,0,true_negative,0.23449396882498819,69.0,Female,2013-2014
79674,0,0.3041499070557355,0,true_negative,0.18274701746229766,63.0,Female,2013-2014
79690,0,0.4300609528237952,0,true_negative,0.056835971694237986,80.0,Female,2013-2014
79707,0,0.024863369477330453,0,true_negative,0.4620335550407027,31.0,Female,2013-2014
79709,0,0.8188580638454316,1,false_positive,0.3319611393273984,72.0,Male,2013-2014
79712,0,0.3446642998000824,0,true_negative,0.14223262471795078,55.0,Male,2013-2014
79757,0,0.028730911445517017,0,true_negative,0.45816601307251614,40.0,Female,2013-2014
79760,0,0.06445575281143004,0,true_negative,0.4224411717066031,35.0,Female,2013-2014
79768,0,0.3132865517402014,0,true_negative,0.17361037277783176,57.0,Male,2013-2014
79773,0,0.6343592197044463,1,false_positive,0.14746229518641313,48.0,Female,2013-2014
79794,0,0.1398782122116096,0,true_negative,0.34701871230642356,29.0,Male,2013-2014
79799,0,0.0470420820967672,0,true_negative,0.439854842421266,33.0,Male,2013-2014
79801,0,0.8677604991849712,1,false_positive,0.38086357466693804,80.0,Male,2013-2014
79802,0,0.0941942699599648,0,true_negative,0.3927026545580684,22.0,Male,2013-2014
79805,0,0.048217598275453355,0,true_negative,0.4386793262425798,51.0,Female,2013-2014
79810,0,0.4498076155187625,0,true_negative,0.037089308999270654,75.0,Male,2013-2014
79814,0,0.847633517100205,1,false_positive,0.3607365925821718,75.0,Male,2013-2014
79821,0,0.23505197991189264,0,true_negative,0.25184494460614054,55.0,Male,2013-2014
79823,0,0.11138099137136441,0,true_negative,0.37551593314666876,47.0,Male,2013-2014
79831,0,0.22467206479022106,0,true_negative,0.2622248597278121,44.0,Male,2013-2014
79835,0,0.23861019065545147,0,true_negative,0.2482867338625817,37.0,Male,2013-2014
79841,0,0.7004104654815562,1,false_positive,0.21351354096352299,70.0,Male,2013-2014
79843,0,0.149843510105338,0,true_negative,0.3370534144126952,49.0,Female,2013-2014
79847,0,0.042442875565161305,0,true_negative,0.4444540489528719,43.0,Female,2013-2014
79849,0,0.5922670019612656,1,false_positive,0.1053700774432324,75.0,Female,2013-2014
79853,0,0.48696480857264457,1,false_positive,6.788405461138902e-05,65.0,Male,2013-2014
79857,0,0.15466643021480564,0,true_negative,0.33223049430322754,41.0,Female,2013-2014
79859,0,0.07902107143334539,0,true_negative,0.40787585308468777,52.0,Female,2013-2014
79872,0,0.25677075952485634,0,true_negative,0.23012616499317684,54.0,Male,2013-2014
79883,0,0.028378554208942874,0,true_negative,0.4585183703090903,35.0,Female,2013-2014
79884,0,0.5450530960277715,1,false_positive,0.05815617150973834,62.0,Female,2013-2014
79887,0,0.46484557588913883,0,true_negative,0.02205134862889435,69.0,Male,2013-2014
79889,0,0.72446046615566,1,false_positive,0.23756354163762677,76.0,Female,2013-2014
79891,0,0.5487595177796246,1,false_positive,0.061862593261591436,62.0,Male,2013-2014
79901,0,0.04639292085925685,0,true_negative,0.44050400365877634,23.0,Male,2013-2014
79919,0,0.2294549301697921,0,true_negative,0.2574419943482411,62.0,Female,2013-2014
79923,0,0.22720457841757147,0,true_negative,0.2596923461004617,50.0,Male,2013-2014
79924,0,0.20369209272727226,0,true_negative,0.28320483179076095,59.0,Male,2013-2014
79926,0,0.014344478418119267,0,true_negative,0.4725524460999139,28.0,Female,2013-2014
79929,0,0.5947661182727586,1,false_positive,0.10786919375472542,60.0,Female,2013-2014
79936,0,0.36131086416952546,0,true_negative,0.12558606034850772,55.0,Male,2013-2014
79938,0,0.08291479574984363,0,true_negative,0.40398212876818956,31.0,Male,2013-2014
79952,0,0.405043009447053,0,true_negative,0.08185391507098017,55.0,Male,2013-2014
79954,1,0.9437921207010148,1,true_positive,0.45689519618298163,80.0,Male,2013-2014
79957,0,0.07261960790842661,0,true_negative,0.41427731660960654,52.0,Female,2013-2014
79962,0,0.035840809996425305,0,true_negative,0.4510561145216079,24.0,Male,2013-2014
79972,0,0.04802665738969869,0,true_negative,0.4388702671283345,34.0,Female,2013-2014
79978,0,0.10962497659259182,0,true_negative,0.3772719479254414,37.0,Female,2013-2014
79987,0,0.4628776102004165,0,true_negative,0.02401931431761667,66.0,Female,2013-2014
79998,0,0.16204081865480233,0,true_negative,0.3248561058632309,43.0,Female,2013-2014
80002,0,0.41767078237889893,0,true_negative,0.06922614213913425,55.0,Male,2013-2014
80008,0,0.6909478387386867,1,false_positive,0.20405091422065352,67.0,Female,2013-2014
80014,0,0.7811301719968542,1,false_positive,0.294233247478821,80.0,Male,2013-2014
80016,0,0.049563708010646114,0,true_negative,0.43733321650738705,40.0,Male,2013-2014
80017,0,0.1367379569546373,0,true_negative,0.3501589675633959,28.0,Male,2013-2014
80019,0,0.27849029947620896,0,true_negative,0.20840662504182422,44.0,Male,2013-2014
80025,0,0.028791284910311944,0,true_negative,0.4581056396077212,25.0,Female,2013-2014
80040,0,0.5420652535096663,1,false_positive,0.0551683289916331,70.0,Female,2013-2014
80052,0,0.21289543874859024,0,true_negative,0.27400148576944294,62.0,Female,2013-2014
80062,0,0.28796216020467263,0,true_negative,0.19893476431336055,34.0,Male,2013-2014
80063,0,0.8029723784446178,1,false_positive,0.3160754539265846,80.0,Male,2013-2014
80079,0,0.0941897614262625,0,true_negative,0.3927071630917707,26.0,Male,2013-2014
80084,1,0.920880100807512,1,true_positive,0.43398317628947886,80.0,Female,2013-2014
80088,0,0.0380689855397931,0,true_negative,0.4488279389782401,22.0,Male,2013-2014
80095,0,0.02190640334628769,0,true_negative,0.4649905211717455,24.0,Female,2013-2014
80101,0,0.08647673856822011,0,true_negative,0.4004201859498131,29.0,Male,2013-2014
80102,0,0.3038001136846223,0,true_negative,0.1830968108334109,57.0,Female,2013-2014
80107,0,0.04280609392234861,0,true_negative,0.44409083059568455,44.0,Female,2013-2014
80110,0,0.023316937385589223,0,true_negative,0.46357998713244397,20.0,Female,2013-2014
80119,0,0.5942256336311122,1,false_positive,0.10732870911307907,80.0,Female,2013-2014
80120,0,0.8643398955875415,1,false_positive,0.37744297106950836,65.0,Female,2013-2014
80121,0,0.4905380897483339,1,false_positive,0.0036411652303007247,68.0,Male,2013-2014
80122,0,0.7143026287082245,1,false_positive,0.2274057041901913,56.0,Female,2013-2014
80123,0,0.5212816409556709,1,false_positive,0.034384716437637686,71.0,Male,2013-2014
80126,0,0.2276685390934967,0,true_negative,0.25922838542453647,37.0,Male,2013-2014
80130,0,0.21822126045236837,0,true_negative,0.2686756640656648,51.0,Male,2013-2014
80156,0,0.27053915606980344,0,true_negative,0.21635776844822974,45.0,Male,2013-2014
80168,0,0.2207298938093757,0,true_negative,0.2661670307086575,38.0,Male,2013-2014
80175,0,0.6387538219742686,1,false_positive,0.15185689745623537,64.0,Male,2013-2014
80181,0,0.17356327021591575,0,true_negative,0.31333365430211746,69.0,Female,2013-2014
80183,1,0.7133812999876028,1,true_positive,0.22648437546956962,75.0,Male,2013-2014
80187,0,0.5018995061249482,1,false_positive,0.015002581606914978,60.0,Male,2013-2014
80203,0,0.7293149561661783,1,false_positive,0.24241803164814507,67.0,Male,2013-2014
80220,0,0.18620829386438986,0,true_negative,0.3006886306536433,48.0,Female,2013-2014
80226,0,0.2763544298975755,0,true_negative,0.21054249462045765,30.0,Male,2013-2014
80233,0,0.051661728174499086,0,true_negative,0.4352351963435341,21.0,Male,2013-2014
80234,0,0.16103778645457315,0,true_negative,0.32585913806346,50.0,Female,2013-2014
80241,0,0.45655411677403285,0,true_negative,0.030342807744000333,61.0,Female,2013-2014
80245,0,0.1094565936566576,0,true_negative,0.3774403308613756,20.0,Male,2013-2014
80247,0,0.17778377616971047,0,true_negative,0.3091131483483227,58.0,Female,2013-2014
80250,1,0.8670738221042512,1,true_positive,0.38017689758621803,72.0,Male,2013-2014
80261,0,0.078244717758779,0,true_negative,0.4086522067592542,38.0,Female,2013-2014
80265,0,0.04215572797262677,0,true_negative,0.4447411965454064,35.0,Female,2013-2014
80268,0,0.4868524529000988,0,true_negative,4.447161793436072e-05,71.0,Male,2013-2014
80269,0,0.044480996024436364,0,true_negative,0.4424159284935968,25.0,Male,2013-2014
80272,0,0.05523960803424576,0,true_negative,0.4316573164837874,41.0,Female,2013-2014
80275,0,0.0445812690690095,0,true_negative,0.4423156554490237,24.0,Male,2013-2014
80288,0,0.3567794295538099,0,true_negative,0.13011749496422326,64.0,Male,2013-2014
80296,0,0.4528702865630264,0,true_negative,0.03402663795500677,64.0,Female,2013-2014
80301,0,0.09250455276150904,0,true_negative,0.39439237175652414,24.0,Male,2013-2014
80302,0,0.1987728958517376,0,true_negative,0.2881240286662956,33.0,Female,2013-2014
80308,0,0.03778989604538066,0,true_negative,0.4491070284726525,39.0,Male,2013-2014
80328,0,0.667334774405115,1,false_positive,0.18043784988708184,71.0,Female,2013-2014
80338,0,0.03657725558648973,0,true_negative,0.45031966893154346,23.0,Male,2013-2014
80364,0,0.024213492386449945,0,true_negative,0.46268343213158325,47.0,Female,2013-2014
80379,0,0.40213054651093866,0,true_negative,0.08476637800709452,67.0,Male,2013-2014
80384,0,0.44073900785701603,0,true_negative,0.04615791666101715,46.0,Female,2013-2014
80387,0,0.05581396836041594,0,true_negative,0.43108295615761727,42.0,Female,2013-2014
80388,0,0.09002554944782673,0,true_negative,0.3968713750702064,60.0,Female,2013-2014
80393,0,0.7964104669332664,1,false_positive,0.30951354241523327,66.0,Male,2013-2014
80394,0,0.5504586868773108,1,false_positive,0.06356176235927763,60.0,Male,2013-2014
80396,0,0.03846103442811651,0,true_negative,0.4484358900899167,31.0,Male,2013-2014
80402,0,0.758502610397727,1,false_positive,0.27160568587969386,66.0,Male,2013-2014
80405,0,0.01152097668888629,0,true_negative,0.4753759478291469,24.0,Female,2013-2014
80406,0,0.8347509470902154,1,false_positive,0.3478540225721822,80.0,Female,2013-2014
80408,0,0.019025303535301314,0,true_negative,0.4678716209827319,43.0,Female,2013-2014
80413,0,0.17086223624498714,0,true_negative,0.31603468827304604,46.0,Male,2013-2014
80416,0,0.31523704661863616,0,true_negative,0.17165987789939702,39.0,Male,2013-2014
80427,0,0.11738965051837671,0,true_negative,0.36950727399965644,52.0,Male,2013-2014
80430,0,0.28591364365271066,0,true_negative,0.20098328086532252,46.0,Male,2013-2014
80436,0,0.3537397050931432,0,true_negative,0.13315721942489,73.0,Female,2013-2014
80454,0,0.6006615636503072,1,false_positive,0.11376463913227403,63.0,Male,2013-2014
80479,1,0.4837760368636893,0,false_negative,0.0031208876543438735,62.0,Male,2013-2014
80482,0,0.00919290902728194,0,true_negative,0.47770401549075125,55.0,Female,2013-2014
80490,0,0.014206258945393882,0,true_negative,0.4726906655726393,33.0,Female,2013-2014
80493,1,0.2381001939048831,0,false_negative,0.24879673061315008,52.0,Male,2013-2014
80497,0,0.1190177237875144,0,true_negative,0.3678792007305188,37.0,Female,2013-2014
80516,0,0.025776197504295894,0,true_negative,0.4611207270137373,42.0,Female,2013-2014
80522,0,0.12597729087926632,0,true_negative,0.3609196336387669,55.0,Male,2013-2014
80528,0,0.17127732422604466,0,true_negative,0.31561960029198854,48.0,Female,2013-2014
80530,0,0.613161614143819,1,false_positive,0.1262646896257858,59.0,Male,2013-2014
80531,0,0.10829199896389517,0,true_negative,0.378604925554138,46.0,Female,2013-2014
80542,0,0.11669655738644036,0,true_negative,0.3702003671315928,36.0,Female,2013-2014
80553,0,0.19592279869825638,0,true_negative,0.2909741258197768,55.0,Female,2013-2014
80555,0,0.8833857845979561,1,false_positive,0.39648886007992296,75.0,Male,2013-2014
80564,0,0.05756823101842019,0,true_negative,0.429328693499613,45.0,Female,2013-2014
80573,0,0.12744514189384984,0,true_negative,0.3594517826241833,63.0,Female,2013-2014
80585,0,0.06809818665537012,0,true_negative,0.4187987378626631,41.0,Male,2013-2014
80588,0,0.11880425959538385,0,true_negative,0.36809266492264936,59.0,Female,2013-2014
80592,0,0.029166586861531955,0,true_negative,0.45773033765650123,20.0,Male,2013-2014
80595,0,0.22565701432012167,0,true_negative,0.2612399101979115,66.0,Female,2013-2014
80599,0,0.746367522475057,1,false_positive,0.2594705979570238,77.0,Male,2013-2014
80623,0,0.0348313685766676,0,true_negative,0.4520655559413656,39.0,Female,2013-2014
80632,0,0.2894075601541158,0,true_negative,0.1974893643639174,57.0,Male,2013-2014
80639,0,0.07699750807238855,0,true_negative,0.40989941644564465,32.0,Male,2013-2014
80645,0,0.03817148581492507,0,true_negative,0.4487254387031081,22.0,Female,2013-2014
80653,0,0.07026058235693422,0,true_negative,0.41663634216109896,35.0,Female,2013-2014
80658,0,0.45042714005965145,0,true_negative,0.03646978445838173,50.0,Male,2013-2014
80662,0,0.030963282820385005,0,true_negative,0.45593364169764816,36.0,Female,2013-2014
80717,1,0.8082072683560284,1,true_positive,0.3213103438379952,80.0,Male,2013-2014
80733,0,0.23162763365965988,0,true_negative,0.2552692908583733,47.0,Male,2013-2014
80735,0,0.21061506270601738,0,true_negative,0.2762818618120158,41.0,Male,2013-2014
80736,0,0.035919450301952864,0,true_negative,0.4509774742160803,37.0,Female,2013-2014
80742,0,0.38179445260271055,0,true_negative,0.10510247191532263,53.0,Female,2013-2014
80743,0,0.41937388425498734,0,true_negative,0.06752304026304584,70.0,Male,2013-2014
80756,0,0.02692726109267618,0,true_negative,0.459969663425357,32.0,Female,2013-2014
80757,0,0.03381172493226082,0,true_negative,0.45308519958577237,39.0,Female,2013-2014
80758,0,0.31899922227044003,0,true_negative,0.16789770224759315,65.0,Female,2013-2014
80772,0,0.49265139932177654,1,false_positive,0.005754474803743359,36.0,Male,2013-2014
80773,0,0.22857459933110424,0,true_negative,0.25832232518692894,46.0,Female,2013-2014
80774,0,0.4480135325200096,0,true_negative,0.0388833919980236,76.0,Female,2013-2014
80781,0,0.36135666157202934,0,true_negative,0.12554026294600384,62.0,Female,2013-2014
80787,0,0.03793885094541875,0,true_negative,0.4489580735726144,34.0,Female,2013-2014
80794,0,0.47050239303775776,0,true_negative,0.01639453148027542,58.0,Male,2013-2014
80800,0,0.5528759055787966,1,false_positive,0.06597898106076344,71.0,Male,2013-2014
80812,0,0.04589092858920224,0,true_negative,0.44100599592883094,23.0,Male,2013-2014
80814,0,0.457757705980758,0,true_negative,0.02913921853727519,56.0,Male,2013-2014
80816,0,0.07062822847932644,0,true_negative,0.41626869603870675,31.0,Female,2013-2014
80821,0,0.05044417817087642,0,true_negative,0.43645274634715675,38.0,Male,2013-2014
80832,0,0.10000988180195561,0,true_negative,0.38688704271607754,36.0,Female,2013-2014
80841,0,0.856695573312481,1,false_positive,0.36979864879444785,80.0,Male,2013-2014
80851,0,0.043037151788212075,0,true_negative,0.44385977272982113,35.0,Female,2013-2014
80865,0,0.1469494363583531,0,true_negative,0.33994748815968007,25.0,Female,2013-2014
80868,0,0.1045301653355924,0,true_negative,0.3823667591824408,61.0,Female,2013-2014
80873,0,0.030737309552905396,0,true_negative,0.4561596149651278,36.0,Female,2013-2014
80876,0,0.07017457076259158,0,true_negative,0.4167223537554416,47.0,Female,2013-2014
80881,0,0.05745736286455507,0,true_negative,0.42943956165347813,30.0,Female,2013-2014
80889,1,0.9306973664280687,1,true_positive,0.4438004419100355,80.0,Male,2013-2014
80890,0,0.569116317629335,1,false_positive,0.08221939311130183,65.0,Female,2013-2014
80894,0,0.6208843536040354,1,false_positive,0.1339874290860022,67.0,Female,2013-2014
80915,0,0.6537315578817146,1,false_positive,0.16683463336368137,66.0,Female,2013-2014
80916,0,0.021556069315356002,0,true_negative,0.4653408552026772,39.0,Female,2013-2014
80920,0,0.04710587419897943,0,true_negative,0.43979105031905374,28.0,Female,2013-2014
80930,1,0.7700332759521662,1,true_positive,0.283136351434133,73.0,Male,2013-2014
80985,0,0.09438851218773453,0,true_negative,0.39250841233029865,46.0,Male,2013-2014
81008,0,0.08853908307312992,0,true_negative,0.39835784144490327,48.0,Male,2013-2014
81023,0,0.05954937663084449,0,true_negative,0.4273475478871887,22.0,Female,2013-2014
81029,0,0.057782890474076115,0,true_negative,0.4291140340439571,43.0,Male,2013-2014
81037,0,0.22285790551952098,0,true_negative,0.26403901899851223,60.0,Male,2013-2014
81041,0,0.02595309015035036,0,true_negative,0.4609438343676828,23.0,Female,2013-2014
81061,0,0.30246312966337335,0,true_negative,0.18443379485465983,44.0,Male,2013-2014
81069,0,0.13515033624368114,0,true_negative,0.351746588274352,26.0,Female,2013-2014
81070,0,0.04895435849125946,0,true_negative,0.4379425660267737,31.0,Male,2013-2014
81075,0,0.1164887175268907,0,true_negative,0.37040820699114246,30.0,Male,2013-2014
81078,0,0.3051205797318534,0,true_negative,0.18177634478617977,53.0,Female,2013-2014
81082,0,0.20389994996113617,0,true_negative,0.282996974556897,60.0,Female,2013-2014
81083,0,0.11765795297213695,0,true_negative,0.36923897154589624,36.0,Male,2013-2014
81092,0,0.06042709375852064,0,true_negative,0.42646983075951256,29.0,Male,2013-2014
81093,1,0.080561629031012,0,false_negative,0.4063352954870212,36.0,Female,2013-2014
81100,1,0.9129606057709538,1,true_positive,0.42606368125292066,80.0,Female,2013-2014
81105,0,0.5359510585701699,1,false_positive,0.04905413405213671,63.0,Male,2013-2014
81107,0,0.3698217902975881,0,true_negative,0.11707513422044508,54.0,Female,2013-2014
81109,0,0.777658673783289,1,false_positive,0.29076174926525583,77.0,Female,2013-2014
81110,0,0.08330276460665875,0,true_negative,0.40359415991137443,56.0,Female,2013-2014
81115,0,0.39770323241503736,0,true_negative,0.08919369210299583,60.0,Male,2013-2014
81119,0,0.03527105095803516,0,true_negative,0.451625873559998,37.0,Female,2013-2014
81135,0,0.023798957749635204,0,true_negative,0.463097966768398,20.0,Male,2013-2014
81148,0,0.5617840082944977,1,false_positive,0.07488708377646452,73.0,Female,2013-2014
81149,0,0.15672673649619034,0,true_negative,0.33017018802184284,34.0,Male,2013-2014
81154,0,0.3086014217133663,0,true_negative,0.17829550280466688,50.0,Male,2013-2014
81161,0,0.23187048481533917,0,true_negative,0.255026439702694,33.0,Male,2013-2014
81162,0,0.4813910683070436,0,true_negative,0.00550585621098959,80.0,Female,2013-2014
81165,0,0.2186390396376713,0,true_negative,0.26825788488036184,51.0,Male,2013-2014
81168,0,0.01433879620587519,0,true_negative,0.472558128312158,28.0,Female,2013-2014
81176,0,0.05346038472504592,0,true_negative,0.43343653979298724,38.0,Female,2013-2014
81177,0,0.05497089828347169,0,true_negative,0.4319260262345615,48.0,Female,2013-2014
81186,0,0.26181065678953225,0,true_negative,0.22508626772850093,42.0,Female,2013-2014
81187,0,0.0557664437741687,0,true_negative,0.4311304807438645,43.0,Male,2013-2014
81190,0,0.029816290936276184,0,true_negative,0.457080633581757,23.0,Female,2013-2014
81201,0,0.3704365262738685,0,true_negative,0.11646039824416465,56.0,Male,2013-2014
81209,0,0.4816360431168347,0,true_negative,0.005260881401198458,58.0,Male,2013-2014
81213,0,0.16678673577296074,0,true_negative,0.32011018874507247,50.0,Male,2013-2014
81217,0,0.12196428821450947,0,true_negative,0.3649326363035237,45.0,Male,2013-2014
81221,0,0.5208072069343276,1,false_positive,0.0339102824162944,68.0,Female,2013-2014
81223,0,0.009471084749754406,0,true_negative,0.4774258397682788,21.0,Female,2013-2014
81229,0,0.659260968575051,1,false_positive,0.17236404405701783,74.0,Male,2013-2014
81230,0,0.17207991746219728,0,true_negative,0.31481700705583593,52.0,Female,2013-2014
81235,0,0.14640807744605,0,true_negative,0.3404888470719832,37.0,Male,2013-2014
81238,0,0.03773447515976002,0,true_negative,0.44916244935827315,21.0,Female,2013-2014
81256,0,0.8804382874535374,1,false_positive,0.3935413629355042,69.0,Male,2013-2014
81262,0,0.23447432654189768,0,true_negative,0.25242259797613553,71.0,Female,2013-2014
81288,0,0.590723597350821,1,false_positive,0.10382667283278785,71.0,Female,2013-2014
81292,0,0.12433063849628918,0,true_negative,0.362566286021744,47.0,Male,2013-2014
81296,0,0.37988541442476004,0,true_negative,0.10701151009327314,63.0,Female,2013-2014
81303,0,0.07161481017578389,0,true_negative,0.41528211434224926,20.0,Male,2013-2014
81319,0,0.022245144786079345,0,true_negative,0.4646517797319538,38.0,Female,2013-2014
81322,0,0.08376197877682676,0,true_negative,0.40313494574120645,55.0,Female,2013-2014
81331,0,0.032017762994292334,0,true_negative,0.45487916152374086,27.0,Female,2013-2014
81339,0,0.5991357341395854,1,false_positive,0.11223880962155225,55.0,Male,2013-2014
81342,0,0.3575204481107948,0,true_negative,0.12937647640723837,46.0,Male,2013-2014
81343,0,0.28782619658940667,0,true_negative,0.1990707279286265,65.0,Female,2013-2014
81349,0,0.06804088519751231,0,true_negative,0.41885603932052085,36.0,Male,2013-2014
81357,0,0.5424147376459141,1,false_positive,0.0555178131278809,66.0,Female,2013-2014
81367,0,0.09688733297187441,0,true_negative,0.3900095915461588,48.0,Male,2013-2014
81378,0,0.4405385963089729,0,true_negative,0.04635832820906027,49.0,Female,2013-2014
81379,0,0.31868752957455093,0,true_negative,0.16820939494348225,48.0,Male,2013-2014
81381,0,0.654224649446911,1,false_positive,0.16732772492887787,73.0,Female,2013-2014
81384,0,0.09366835113541458,0,true_negative,0.39322857338261863,40.0,Male,2013-2014
81385,1,0.8174608562984133,1,true_positive,0.33056393178038007,69.0,Male,2013-2014
81406,0,0.09137999203375262,0,true_negative,0.39551693248428055,26.0,Female,2013-2014
81408,0,0.11203360000399211,0,true_negative,0.3748633245140411,30.0,Female,2013-2014
81413,0,0.04896992852732022,0,true_negative,0.43792699599071294,50.0,Female,2013-2014
81430,0,0.3597209971132736,0,true_negative,0.12717592740475958,62.0,Male,2013-2014
81434,0,0.7933293600942201,1,false_positive,0.3064324355761869,80.0,Male,2013-2014
81441,0,0.06083123724469994,0,true_negative,0.42606568727333327,34.0,Male,2013-2014
81442,0,0.043117220508594685,0,true_negative,0.4437797040094385,32.0,Female,2013-2014
81450,0,0.16061877993152188,0,true_negative,0.3262781445865113,56.0,Female,2013-2014
81453,0,0.014044818024198274,0,true_negative,0.4728521064938349,22.0,Female,2013-2014
81460,0,0.0781587882630629,0,true_negative,0.4087381362549703,46.0,Female,2013-2014
81462,0,0.14152065307435738,0,true_negative,0.3453762714436758,53.0,Female,2013-2014
81465,0,0.43553262675254256,0,true_negative,0.05136429776549062,68.0,Female,2013-2014
81477,0,0.34855994833571746,0,true_negative,0.13833697618231572,70.0,Female,2013-2014
81481,0,0.0536452970993266,0,true_negative,0.4332516274187066,28.0,Female,2013-2014
81487,0,0.09762533293859638,0,true_negative,0.3892715915794368,50.0,Female,2013-2014
81491,0,0.14172134348809068,0,true_negative,0.3451755810299425,32.0,Male,2013-2014
81514,0,0.27340576722950727,0,true_negative,0.2134911572885259,23.0,Male,2013-2014
81521,0,0.16880914755123883,0,true_negative,0.31808777696679436,55.0,Female,2013-2014
81530,0,0.691187765959947,1,false_positive,0.20429084144191384,73.0,Female,2013-2014
81552,0,0.3030100522225161,0,true_negative,0.1838868722955171,62.0,Female,2013-2014
81559,0,0.0557794986337232,0,true_negative,0.43111742588430996,31.0,Male,2013-2014
81563,0,0.05767146812458624,0,true_negative,0.42922545639344695,25.0,Male,2013-2014
81566,0,0.3908084147107364,0,true_negative,0.09608850980729677,52.0,Male,2013-2014
81573,0,0.5261620860599651,1,false_positive,0.03926516154193188,64.0,Female,2013-2014
81579,0,0.5555044852458363,1,false_positive,0.06860756072780311,73.0,Female,2013-2014
81587,0,0.235506548747984,0,true_negative,0.2513903757700492,66.0,Female,2013-2014
81590,0,0.05945223689206186,0,true_negative,0.4274446876259713,28.0,Male,2013-2014
81613,0,0.1526293528937005,0,true_negative,0.3342675716243327,41.0,Female,2013-2014
81617,0,0.5476263367322909,1,false_positive,0.060729412214257705,52.0,Male,2013-2014
81647,0,0.0446560386645378,0,true_negative,0.44224088585349536,36.0,Female,2013-2014
81654,0,0.4648978632893419,0,true_negative,0.021999061228691275,67.0,Male,2013-2014
81659,0,0.11678369111038049,0,true_negative,0.3701132334076527,38.0,Female,2013-2014
81664,0,0.6205898951052241,1,false_positive,0.13369297058719093,51.0,Female,2013-2014
81668,0,0.019055209532817984,0,true_negative,0.4678417149852152,21.0,Male,2013-2014
81707,0,0.15141477998301148,0,true_negative,0.3354821445350217,26.0,Male,2013-2014
81708,0,0.1612352745231076,0,true_negative,0.3256616499949256,38.0,Female,2013-2014
81715,0,0.30643314032148944,0,true_negative,0.18046378419654374,42.0,Female,2013-2014
81719,0,0.08253557903319175,0,true_negative,0.40436134548484143,43.0,Male,2013-2014
81736,0,0.6514229103187832,1,false_positive,0.16452598580075,76.0,Female,2013-2014
81743,0,0.9356804541477686,1,false_positive,0.4487835296297354,80.0,Male,2013-2014
81753,0,0.06578657238712371,0,true_negative,0.42111035213090947,28.0,Male,2013-2014
81763,0,0.5651512522195704,1,false_positive,0.07825432770153723,61.0,Female,2013-2014
81764,0,0.7537635880273215,1,false_positive,0.2668666635092883,74.0,Male,2013-2014
81768,0,0.3054442958432203,0,true_negative,0.18145262867481288,48.0,Female,2013-2014
81773,0,0.019835965990599256,0,true_negative,0.4670609585274339,20.0,Male,2013-2014
81776,0,0.37338056779028383,0,true_negative,0.11351635672774935,22.0,Female,2013-2014
81789,0,0.27166650861887415,0,true_negative,0.21523041589915903,39.0,Male,2013-2014
81794,0,0.4240697837098231,0,true_negative,0.06282714080821006,80.0,Female,2013-2014
81798,0,0.6401723090087088,1,false_positive,0.15327538449067563,71.0,Male,2013-2014
81806,0,0.02881950884569078,0,true_negative,0.4580774156723424,32.0,Female,2013-2014
81809,0,0.23521686594453187,0,true_negative,0.2516800585735013,40.0,Male,2013-2014
81819,0,0.2831806449920434,0,true_negative,0.2037162795259898,34.0,Male,2013-2014
81824,0,0.9612826927383517,1,false_positive,0.47438576822031847,78.0,Male,2013-2014
81827,0,0.68356688062658,1,false_positive,0.19666995610854682,73.0,Female,2013-2014
81830,0,0.06641096375721021,0,true_negative,0.42048596076082295,39.0,Male,2013-2014
81842,0,0.43289627016963966,0,true_negative,0.05400065434839352,73.0,Female,2013-2014
81844,0,0.019183952413688962,0,true_negative,0.4677129721043442,25.0,Male,2013-2014
81851,0,0.8943009233438229,1,false_positive,0.40740399882578976,73.0,Male,2013-2014
81860,0,0.13297231083416317,0,true_negative,0.35392461368387,21.0,Male,2013-2014
81863,0,0.4755310083189312,0,true_negative,0.011365916199101989,56.0,Male,2013-2014
81865,0,0.21045609022111741,0,true_negative,0.2764408342969158,42.0,Male,2013-2014
81877,0,0.12565014872860025,0,true_negative,0.36124677578943293,44.0,Female,2013-2014
81885,0,0.0341437941234322,0,true_negative,0.45275313039460097,30.0,Female,2013-2014
81886,0,0.27696412761916167,0,true_negative,0.2099327968988715,47.0,Male,2013-2014
81889,0,0.02338076367446556,0,true_negative,0.4635161608435676,20.0,Female,2013-2014
81891,0,0.015784468790284792,0,true_negative,0.4711124557277484,28.0,Female,2013-2014
81934,0,0.4850877284024886,0,true_negative,0.0018091961155445868,61.0,Female,2013-2014
81935,0,0.4016060001124505,0,true_negative,0.08529092440558267,47.0,Female,2013-2014
81940,0,0.019832062117190085,0,true_negative,0.4670648624008431,24.0,Female,2013-2014
81946,0,0.04025623025933149,0,true_negative,0.4466406942587017,30.0,Female,2013-2014
81950,1,0.14708844457711204,0,false_negative,0.3398084799409211,52.0,Male,2013-2014
81953,0,0.03146740277265576,0,true_negative,0.45542952174537743,22.0,Female,2013-2014
81954,0,0.040308859010040596,0,true_negative,0.44658806550799257,23.0,Male,2013-2014
81956,0,0.06897447348422127,0,true_negative,0.4179224510338119,35.0,Female,2013-2014
81962,0,0.047784214335455565,0,true_negative,0.43911271018257764,38.0,Female,2013-2014
81968,0,0.05275417017994312,0,true_negative,0.4341427543380901,26.0,Female,2013-2014
81980,0,0.25186818319246335,0,true_negative,0.23502874132556983,38.0,Male,2013-2014
81987,0,0.652031737977634,1,false_positive,0.16513481345960085,80.0,Female,2013-2014
82001,0,0.4442864642532835,0,true_negative,0.04261046026474968,50.0,Male,2013-2014
82007,0,0.08975052592569865,0,true_negative,0.3971463985923345,55.0,Female,2013-2014
82011,0,0.037822996711989666,0,true_negative,0.4490739278060435,31.0,Male,2013-2014
82020,0,0.24775233391137086,0,true_negative,0.23914459060666232,41.0,Male,2013-2014
82023,0,0.06550869261590668,0,true_negative,0.4213882319021265,41.0,Female,2013-2014
82026,1,0.7368502259170506,1,true_positive,0.24995330139901745,68.0,Male,2013-2014
82028,0,0.09617463831136586,0,true_negative,0.3907222862066673,46.0,Female,2013-2014
82037,0,0.1430230429730504,0,true_negative,0.3438738815449828,43.0,Female,2013-2014
82039,0,0.025165456890683002,0,true_negative,0.4617314676273502,25.0,Female,2013-2014
82041,0,0.3277315541675451,0,true_negative,0.15916537035048806,66.0,Female,2013-2014
82043,0,0.0830529581660114,0,true_negative,0.4038439663520218,57.0,Female,2013-2014
82051,0,0.03181530802384278,0,true_negative,0.4550816164941904,42.0,Female,2013-2014
82059,0,0.04321927584793094,0,true_negative,0.44367764867010223,29.0,Female,2013-2014
82062,0,0.2314296027889864,0,true_negative,0.2554673217290468,54.0,Female,2013-2014
82077,0,0.11141758759495994,0,true_negative,0.3754793369230732,40.0,Male,2013-2014
82079,0,0.06548783653606355,0,true_negative,0.42140908798196963,29.0,Female,2013-2014
82106,0,0.028514925708164527,0,true_negative,0.45838199880986863,33.0,Female,2013-2014
82110,0,0.1519384109997196,0,true_negative,0.33495851351831357,27.0,Male,2013-2014
82111,0,0.04404732410589992,0,true_negative,0.4428496004121333,25.0,Male,2013-2014
82112,0,0.0412139231853424,0,true_negative,0.4456830013326908,37.0,Female,2013-2014
82125,0,0.4083561176644492,0,true_negative,0.078540806853584,69.0,Female,2013-2014
82127,0,0.032033002825449915,0,true_negative,0.4548639216925833,30.0,Female,2013-2014
82133,0,0.23609495180047113,0,true_negative,0.25080197271756205,61.0,Female,2013-2014
82134,0,0.056957990048303986,0,true_negative,0.4299389344697292,38.0,Female,2013-2014
82140,0,0.06722657376241599,0,true_negative,0.4196703507556172,24.0,Male,2013-2014
82144,0,0.8225280901752584,1,false_positive,0.33563116565722523,50.0,Female,2013-2014
82160,0,0.5198461954665284,1,false_positive,0.03294927094849526,60.0,Female,2013-2014
82165,0,0.1627236073808402,0,true_negative,0.324173317137193,44.0,Male,2013-2014
82169,0,0.21424849830984746,0,true_negative,0.27264842620818575,58.0,Female,2013-2014
82173,0,0.3394394460888855,0,true_negative,0.1474574784291477,63.0,Female,2013-2014
82176,0,0.2391964692139577,0,true_negative,0.24770045530407547,57.0,Male,2013-2014
82181,0,0.16102499214697744,0,true_negative,0.3258719323710557,60.0,Female,2013-2014
82182,0,0.4132154087575498,0,true_negative,0.07368151576048337,66.0,Female,2013-2014
82195,0,0.03155856700906513,0,true_negative,0.45533835750896806,20.0,Male,2013-2014
82204,0,0.8644072573125908,1,false_positive,0.37751033279455765,80.0,Male,2013-2014
82207,0,0.05789647595562092,0,true_negative,0.42900044856241226,37.0,Female,2013-2014
82213,0,0.31795105460719086,0,true_negative,0.16894586991084232,46.0,Male,2013-2014
82223,0,0.033142548826149046,0,true_negative,0.45375437569188415,27.0,Male,2013-2014
82230,0,0.23345289497961627,0,true_negative,0.25344402953841694,60.0,Male,2013-2014
82231,0,0.3903650652559511,0,true_negative,0.09653185926208208,53.0,Male,2013-2014
82254,0,0.8859726090550696,1,false_positive,0.3990756845370364,77.0,Male,2013-2014
82270,0,0.28746073458341337,0,true_negative,0.1994361899346198,49.0,Male,2013-2014
82275,0,0.08284182574231397,0,true_negative,0.4040550987757192,42.0,Female,2013-2014
82277,0,0.5458701852846716,1,false_positive,0.05897326076663839,71.0,Female,2013-2014
82282,0,0.1393967539190994,0,true_negative,0.3475001705989338,34.0,Male,2013-2014
82285,0,0.5926777504021887,1,false_positive,0.10578082588415555,57.0,Female,2013-2014
82288,0,0.44435277657173095,0,true_negative,0.042544147946302235,55.0,Male,2013-2014
82307,0,0.32565093589920485,0,true_negative,0.16124598861882833,73.0,Female,2013-2014
82344,0,0.4575685765398877,0,true_negative,0.029328347978145486,70.0,Male,2013-2014
82356,0,0.4203402058587187,0,true_negative,0.0665567186593145,63.0,Female,2013-2014
82367,0,0.06565332224218504,0,true_negative,0.4212436022758481,35.0,Male,2013-2014
82370,0,0.2633091076538926,0,true_negative,0.2235878168641406,37.0,Male,2013-2014
82375,0,0.20253208002998901,0,true_negative,0.28436484448804417,49.0,Male,2013-2014
82395,0,0.031070094707289334,0,true_negative,0.45582682981074385,25.0,Female,2013-2014
82401,0,0.03737498503459201,0,true_negative,0.44952193948344116,30.0,Female,2013-2014
82404,0,0.10874053216915919,0,true_negative,0.378156392348874,36.0,Male,2013-2014
82405,0,0.2869348262088777,0,true_negative,0.19996209830915546,53.0,Female,2013-2014
82410,0,0.05866832554667242,0,true_negative,0.4282285989713608,35.0,Male,2013-2014
82424,0,0.7225203850423615,1,false_positive,0.2356234605243283,70.0,Female,2013-2014
82427,0,0.09004864428670917,0,true_negative,0.396848280231324,48.0,Male,2013-2014
82436,0,0.5956063742977691,1,false_positive,0.1087094497797359,61.0,Male,2013-2014
82441,0,0.8693295938033032,1,false_positive,0.38243266928527003,80.0,Female,2013-2014
82445,0,0.1641801551802654,0,true_negative,0.3227167693377678,52.0,Female,2013-2014
82460,0,0.6479760931584934,1,false_positive,0.16107916864046018,58.0,Female,2013-2014
82461,0,0.42653714091773437,0,true_negative,0.06035978360029881,47.0,Male,2013-2014
82463,0,0.08604879790570452,0,true_negative,0.40084812661232866,48.0,Female,2013-2014
82466,0,0.9271949526708035,1,false_positive,0.44029802815277036,80.0,Male,2013-2014
82485,0,0.04320508674006715,0,true_negative,0.44369183777796606,33.0,Female,2013-2014
82489,0,0.1571825454006174,0,true_negative,0.32971437911741575,41.0,Male,2013-2014
82504,0,0.8303272396225803,1,false_positive,0.3434303151045471,73.0,Male,2013-2014
82517,0,0.6648741263209805,1,false_positive,0.17797720180294735,59.0,Male,2013-2014
82519,0,0.02751094643284986,0,true_negative,0.45938597808518333,25.0,Female,2013-2014
82524,0,0.04521854748812448,0,true_negative,0.4416783770299087,21.0,Female,2013-2014
82531,0,0.06265318987062644,0,true_negative,0.4242437346474067,36.0,Female,2013-2014
82538,0,0.018382161138417834,0,true_negative,0.46851476337961534,26.0,Female,2013-2014
82542,0,0.6331872172686819,1,false_positive,0.1462902927506487,66.0,Male,2013-2014
82547,0,0.2713369658523458,0,true_negative,0.2155599586656874,65.0,Female,2013-2014
82550,0,0.03485196055033269,0,true_negative,0.4520449639677005,34.0,Female,2013-2014
82561,0,0.06998615123049197,0,true_negative,0.4169107732875412,30.0,Male,2013-2014
82569,0,0.4820092448751837,0,true_negative,0.004887679642849474,46.0,Male,2013-2014
82582,0,0.6569891576906008,1,false_positive,0.17009223317256766,71.0,Male,2013-2014
82597,0,0.20310858159854495,0,true_negative,0.28378834291948823,56.0,Male,2013-2014
82604,0,0.10865140220868803,0,true_negative,0.37824552230934516,49.0,Male,2013-2014
82605,0,0.18005077848939513,0,true_negative,0.306846146028638,46.0,Female,2013-2014
82611,0,0.12741203500109216,0,true_negative,0.359484889516941,33.0,Male,2013-2014
82612,0,0.3050634181899781,0,true_negative,0.18183350632805506,64.0,Female,2013-2014
82615,0,0.6646078271059119,1,false_positive,0.17771090258787875,57.0,Male,2013-2014
82618,0,0.1934957688482088,0,true_negative,0.2934011556698244,45.0,Male,2013-2014
82619,0,0.748549101424882,1,false_positive,0.2616521769068488,69.0,Male,2013-2014
82636,0,0.09443066241848674,0,true_negative,0.39246626209954644,46.0,Female,2013-2014
82642,0,0.2669920109394932,0,true_negative,0.21990491357853997,66.0,Female,2013-2014
82648,0,0.04279053343944553,0,true_negative,0.4441063910785876,25.0,Female,2013-2014
82660,0,0.04934081073910822,0,true_negative,0.43755611377892495,32.0,Female,2013-2014
82664,0,0.23481036640347927,0,true_negative,0.25208655811455394,48.0,Male,2013-2014
82665,0,0.10593044638036789,0,true_negative,0.38096647813766527,53.0,Female,2013-2014
82674,0,0.09765534287890103,0,true_negative,0.38924158163913214,45.0,Female,2013-2014
82678,0,0.054980064655539757,0,true_negative,0.4319168598624934,58.0,Female,2013-2014
82692,0,0.14908055414486393,0,true_negative,0.33781637037316925,39.0,Male,2013-2014
82698,0,0.8255628185115669,1,false_positive,0.3386658939935337,74.0,Male,2013-2014
82703,0,0.18193807769041095,0,true_negative,0.3049588468276222,50.0,Male,2013-2014
82704,0,0.24145597804600957,0,true_negative,0.2454409464720236,41.0,Male,2013-2014
82705,0,0.5114960869858128,1,false_positive,0.024599162467779656,76.0,Female,2013-2014
82712,0,0.5034433281036357,1,false_positive,0.016546403585602498,56.0,Female,2013-2014
82718,0,0.2368870251419691,0,true_negative,0.2500098993760641,34.0,Male,2013-2014
82733,0,0.048103347486029846,0,true_negative,0.43879357703200333,40.0,Female,2013-2014
82737,1,0.675508865380872,1,true_positive,0.18861194086283878,66.0,Female,2013-2014
82739,0,0.3557644295867835,0,true_negative,0.13113249493124968,55.0,Female,2013-2014
82740,0,0.6712910062012545,1,false_positive,0.1843940816832213,65.0,Male,2013-2014
82742,0,0.040156995662472564,0,true_negative,0.44673992885556063,52.0,Female,2013-2014
82748,0,0.10113297972759656,0,true_negative,0.38576394479043663,43.0,Female,2013-2014
82756,0,0.10133947666295934,0,true_negative,0.38555744785507384,55.0,Male,2013-2014
82771,0,0.06976226842795362,0,true_negative,0.41713465609007955,41.0,Male,2013-2014
82775,0,0.27374484484283373,0,true_negative,0.21315207967519945,57.0,Male,2013-2014
82776,0,0.055918394079232485,0,true_negative,0.4309785304388007,37.0,Male,2013-2014
82784,0,0.04118803531204824,0,true_negative,0.44570888920598495,32.0,Female,2013-2014
82785,0,0.6854172364142805,1,false_positive,0.19852031189624736,73.0,Male,2013-2014
82791,0,0.5154991041181289,1,false_positive,0.028602179600095756,56.0,Female,2013-2014
82802,0,0.7932860558151598,1,false_positive,0.3063891312971266,76.0,Male,2013-2014
82812,0,0.21744183417688923,0,true_negative,0.26945509034114395,62.0,Male,2013-2014
82820,0,0.84936664510154,1,false_positive,0.36246972058350685,78.0,Male,2013-2014
82822,0,0.17684413556876072,0,true_negative,0.31005278894927246,56.0,Male,2013-2014
82832,0,0.129592968349056,0,true_negative,0.35730395616897714,49.0,Female,2013-2014
82836,0,0.08184695871994911,0,true_negative,0.40504996579808406,20.0,Male,2013-2014
82841,0,0.16499915887989014,0,true_negative,0.32189776563814304,45.0,Male,2013-2014
82855,0,0.9360686708961375,1,false_positive,0.44917174637810436,80.0,Male,2013-2014
82860,0,0.28319856026916396,0,true_negative,0.20369836424886922,48.0,Male,2013-2014
82868,0,0.9809425107697111,1,false_positive,0.4940455862516779,78.0,Male,2013-2014
82879,0,0.3559761853210866,0,true_negative,0.13092073919694658,76.0,Female,2013-2014
82886,1,0.9092560912183798,1,true_positive,0.4223591667003466,80.0,Male,2013-2014
82895,0,0.28318781245807545,0,true_negative,0.20370911205995773,57.0,Female,2013-2014
82898,0,0.6210537009790859,1,false_positive,0.13415677646105267,66.0,Male,2013-2014
82903,0,0.11829728939611531,0,true_negative,0.36859963512191785,57.0,Female,2013-2014
82916,0,0.24564083101198556,0,true_negative,0.24125609350604763,53.0,Female,2013-2014
82918,1,0.7648757462079343,1,true_positive,0.2779788216899011,80.0,Male,2013-2014
82920,0,0.12039003779394597,0,true_negative,0.3665068867240872,45.0,Female,2013-2014
82924,0,0.023703811523236903,0,true_negative,0.46319311299479626,21.0,Female,2013-2014
82933,0,0.0824033216959447,0,true_negative,0.40449360282208846,29.0,Male,2013-2014
82939,0,0.05276365732261821,0,true_negative,0.43413326719541495,23.0,Male,2013-2014
82946,0,0.07030443737074127,0,true_negative,0.4165924871472919,45.0,Female,2013-2014
82956,0,0.9383647915022225,1,false_positive,0.45146786698418934,72.0,Male,2013-2014
82957,0,0.06105134238312262,0,true_negative,0.4258455821349106,38.0,Female,2013-2014
82959,0,0.38966821866811824,0,true_negative,0.09722870584991494,55.0,Male,2013-2014
82961,0,0.2631930332227935,0,true_negative,0.22370389129523965,61.0,Female,2013-2014
82963,0,0.36620099060556066,0,true_negative,0.12069593391247252,60.0,Female,2013-2014
82970,0,0.4534427051005363,0,true_negative,0.03345421941749688,60.0,Male,2013-2014
82974,0,0.11254904605734141,0,true_negative,0.3743478784606918,54.0,Male,2013-2014
82975,0,0.4558386408502787,0,true_negative,0.031058283667754483,44.0,Female,2013-2014
82995,1,0.7611995835327837,1,true_positive,0.27430265901475054,72.0,Male,2013-2014
82996,0,0.02465365158466695,0,true_negative,0.46224327293336626,37.0,Female,2013-2014
82999,0,0.05034083481874858,0,true_negative,0.4365560896992846,35.0,Male,2013-2014
83001,0,0.04314165175754015,0,true_negative,0.44375527276049304,43.0,Female,2013-2014
83006,0,0.8224002922139276,1,false_positive,0.33550336769589445,71.0,Female,2013-2014
83016,0,0.4444516710643139,0,true_negative,0.0424452534537193,80.0,Female,2013-2014
83031,0,0.10983706167389122,0,true_negative,0.37705986284414195,49.0,Male,2013-2014
83042,0,0.06043801552739393,0,true_negative,0.42645890899063926,26.0,Female,2013-2014
83045,0,0.09975698945522198,0,true_negative,0.3871399350628112,51.0,Male,2013-2014
83046,0,0.5843407684727276,1,false_positive,0.09744384395469446,79.0,Female,2013-2014
83048,0,0.3835650147206164,0,true_negative,0.1033319097974168,48.0,Male,2013-2014
83064,0,0.14485283734897306,0,true_negative,0.3420440871690601,41.0,Male,2013-2014
83069,0,0.023126673466458893,0,true_negative,0.46377025105157427,25.0,Female,2013-2014
83075,0,0.4934865962685703,1,false_positive,0.006589671750537096,77.0,Female,2013-2014
83084,0,0.13101079058592535,0,true_negative,0.35588613393210783,50.0,Male,2013-2014
83087,0,0.14128033750055508,0,true_negative,0.3456165870174781,39.0,Male,2013-2014
83097,0,0.150695596170766,0,true_negative,0.3362013283472672,51.0,Male,2013-2014
83098,0,0.8315495706764426,1,false_positive,0.34465264615840946,80.0,Female,2013-2014
83104,0,0.36304737596575326,0,true_negative,0.12384954855227992,59.0,Male,2013-2014
83106,0,0.07655446119038947,0,true_negative,0.4103424633276437,44.0,Male,2013-2014
83110,0,0.06571390032263091,0,true_negative,0.42118302419540227,34.0,Male,2013-2014
83114,0,0.623915432527189,1,false_positive,0.13701850800915577,69.0,Male,2013-2014
83118,0,0.3270390861648448,0,true_negative,0.1598578383531884,71.0,Female,2013-2014
83123,0,0.23657747617216418,0,true_negative,0.250319448345869,50.0,Male,2013-2014
83125,0,0.12625624109057806,0,true_negative,0.36064068342745514,45.0,Male,2013-2014
83131,0,0.01488760424600075,0,true_negative,0.4720093202720324,30.0,Female,2013-2014
83146,0,0.5803535270529098,1,false_positive,0.09345660253487659,67.0,Male,2013-2014
83148,0,0.5524400235693393,1,false_positive,0.06554309905130612,54.0,Male,2013-2014
83153,0,0.0986853171438726,0,true_negative,0.3882116073741606,20.0,Male,2013-2014
83163,0,0.20868103665251983,0,true_negative,0.2782158878655133,57.0,Male,2013-2014
83184,0,0.18804899193071645,0,true_negative,0.29884793258731673,59.0,Female,2013-2014
83201,0,0.21413660690695274,0,true_negative,0.27276031761108044,53.0,Female,2013-2014
83210,0,0.321393046688049,0,true_negative,0.16550387782998416,63.0,Female,2013-2014
83214,0,0.04260797402130238,0,true_negative,0.4442889504967308,42.0,Female,2013-2014
83220,0,0.1290945235652935,0,true_negative,0.3578024009527397,23.0,Male,2013-2014
83241,0,0.4140662053441958,0,true_negative,0.07283071917383738,51.0,Male,2013-2014
83248,0,0.031417375381998486,0,true_negative,0.4554795491360347,35.0,Female,2013-2014
83250,0,0.5256937562196864,1,false_positive,0.03879683170165321,66.0,Male,2013-2014
83255,1,0.6043930118480928,1,true_positive,0.11749608733005962,80.0,Female,2013-2014
83258,0,0.020258359548025677,0,true_negative,0.4666385649700075,33.0,Female,2013-2014
83260,0,0.04638970191134241,0,true_negative,0.4405072226066908,24.0,Female,2013-2014
83271,0,0.04832475463749014,0,true_negative,0.43857216988054304,21.0,Male,2013-2014
83277,0,0.21356358799420802,0,true_negative,0.2733333365238252,51.0,Male,2013-2014
83282,0,0.4884499468713334,1,false_positive,0.0015530223533002374,71.0,Female,2013-2014
83284,0,0.10584779079952364,0,true_negative,0.38104913371850957,52.0,Female,2013-2014
83286,0,0.023878316629451193,0,true_negative,0.463018607888582,24.0,Female,2013-2014
83296,0,0.024693135333995985,0,true_negative,0.4622037891840372,25.0,Female,2013-2014
83300,0,0.7264468424826613,1,false_positive,0.23954991796462816,80.0,Female,2013-2014
83309,0,0.08860943925740843,0,true_negative,0.39828748526062474,42.0,Female,2013-2014
83311,0,0.6027795190067298,1,false_positive,0.11588259448869659,63.0,Male,2013-2014
83320,0,0.35580960289389574,0,true_negative,0.13108732162413744,63.0,Male,2013-2014
83326,0,0.19695939617553307,0,true_negative,0.2899375283425001,65.0,Female,2013-2014
83334,0,0.02637347880684002,0,true_negative,0.46052344571119314,27.0,Male,2013-2014
83338,0,0.13974331816872299,0,true_negative,0.3471536063493102,52.0,Male,2013-2014
83341,0,0.378098586335982,0,true_negative,0.1087983381820512,68.0,Female,2013-2014
83345,0,0.7391941410655217,1,false_positive,0.25229721654748855,54.0,Male,2013-2014
83352,0,0.031021919506074067,0,true_negative,0.4558750050119591,20.0,Male,2013-2014
83363,0,0.072259062135994,0,true_negative,0.41463786238203915,28.0,Male,2013-2014
83374,0,0.7321754812854292,1,false_positive,0.24527855676739602,61.0,Male,2013-2014
83375,0,0.4567000714895581,0,true_negative,0.03019685302847508,70.0,Male,2013-2014
83382,0,0.05868205216937581,0,true_negative,0.42821487234865735,44.0,Male,2013-2014
83385,0,0.26683051024804094,0,true_negative,0.22006641426999224,50.0,Female,2013-2014
83388,0,0.35896738740174317,0,true_negative,0.12792953711629002,50.0,Male,2013-2014
83390,0,0.6532515101393964,1,false_positive,0.16635458562136324,71.0,Male,2013-2014
83393,0,0.021030747584114468,0,true_negative,0.46586617693391874,23.0,Female,2013-2014
83396,0,0.0289017405601606,0,true_negative,0.4579951839578726,21.0,Male,2013-2014
83408,0,0.20028634661552733,0,true_negative,0.2866105779025059,36.0,Male,2013-2014
83411,0,0.10154685046346223,0,true_negative,0.38535007405457095,41.0,Female,2013-2014
83414,0,0.16801713715279532,0,true_negative,0.31887978736523787,47.0,Male,2013-2014
83415,0,0.013152874723634068,0,true_negative,0.4737440497943991,26.0,Female,2013-2014
83417,0,0.17905723903195997,0,true_negative,0.3078396854860732,33.0,Male,2013-2014
83433,0,0.050613507698839065,0,true_negative,0.43628341681919414,29.0,Female,2013-2014
83436,0,0.6724300691466054,1,false_positive,0.18553314462857223,76.0,Male,2013-2014
83446,0,0.6145979866339452,1,false_positive,0.12770106211591198,68.0,Male,2013-2014
83447,0,0.05411279695369569,0,true_negative,0.4327841275643375,32.0,Male,2013-2014
83448,0,0.17472640826605115,0,true_negative,0.312170516251982,43.0,Female,2013-2014
83455,0,0.04438429145090949,0,true_negative,0.4425126330671237,44.0,Female,2013-2014
83459,0,0.03749457250947629,0,true_negative,0.4494023520085569,31.0,Female,2013-2014
83466,0,0.019605350533516728,0,true_negative,0.46729157398451643,32.0,Female,2013-2014
83472,0,0.0871984187595498,0,true_negative,0.39969850575848337,63.0,Female,2013-2014
83477,0,0.021387048832146323,0,true_negative,0.46550987568588686,20.0,Male,2013-2014
83480,0,0.015081634572005214,0,true_negative,0.47181528994602795,24.0,Female,2013-2014
83491,0,0.19343092130185396,0,true_negative,0.2934660032161792,39.0,Female,2013-2014
83505,0,0.29262363150521514,0,true_negative,0.19427329301281804,70.0,Female,2013-2014
83507,0,0.41857922251269075,0,true_negative,0.06831770200534243,50.0,Male,2013-2014
83514,0,0.0780515272297611,0,true_negative,0.40884539728827207,53.0,Female,2013-2014
83522,0,0.019559525148035363,0,true_negative,0.4673373993699978,35.0,Female,2013-2014
83528,0,0.6139764752910064,1,false_positive,0.12707955077297323,69.0,Male,2013-2014
83530,1,0.9030439461078267,1,true_positive,0.4161470215897935,80.0,Female,2013-2014
83536,0,0.028055072034847743,0,true_negative,0.45884185248318543,20.0,Female,2013-2014
83540,0,0.3162709078439428,0,true_negative,0.17062601667409039,30.0,Male,2013-2014
83546,0,0.2627025741480592,0,true_negative,0.22419435036997398,59.0,Male,2013-2014
83552,0,0.5507135886644914,1,false_positive,0.0638166641464582,60.0,Male,2013-2014
83556,0,0.16045970644689125,0,true_negative,0.3264372180711419,55.0,Female,2013-2014
83581,0,0.041633796728395,0,true_negative,0.44526312778963817,41.0,Female,2013-2014
83595,0,0.6990748941556336,1,false_positive,0.21217796963760044,63.0,Male,2013-2014
83612,0,0.810728835478325,1,false_positive,0.3238319109602918,72.0,Male,2013-2014
83627,0,0.21508645959437928,0,true_negative,0.2718104649236539,49.0,Male,2013-2014
83634,0,0.5157850957844553,1,false_positive,0.028888171266422125,51.0,Male,2013-2014
83636,0,0.03787654003731881,0,true_negative,0.44902038448071435,25.0,Male,2013-2014
83647,0,0.027649893222769138,0,true_negative,0.45924703129526406,20.0,Female,2013-2014
83655,0,0.1579308556450289,0,true_negative,0.3289660688730043,41.0,Male,2013-2014
83660,0,0.601761370867286,1,false_positive,0.1148644463492528,69.0,Male,2013-2014
83662,0,0.7778833156702545,1,false_positive,0.2909863911522213,80.0,Male,2013-2014
83674,0,0.24428926668801212,0,true_negative,0.24260765783002106,40.0,Male,2013-2014
83689,0,0.017057882596477475,0,true_negative,0.4698390419215557,30.0,Female,2013-2014
83690,0,0.15640735390871446,0,true_negative,0.3304895706093187,49.0,Female,2013-2014
83702,0,0.46397018012188684,0,true_negative,0.022926744396146337,80.0,Female,2013-2014
83705,0,0.03360347719923759,0,true_negative,0.4532934473187956,35.0,Female,2013-2014
83711,0,0.10439675534871765,0,true_negative,0.3825001691693155,38.0,Female,2013-2014
83721,0,0.2074829893846854,0,true_negative,0.2794139351333478,52.0,Male,2013-2014
83726,0,0.11174622520727176,0,true_negative,0.3751506993107614,40.0,Male,2013-2014
83729,0,0.029994905565820285,0,true_negative,0.4569020189522129,42.0,Female,2013-2014
83736,0,0.08896208645220946,0,true_negative,0.39793483806582375,42.0,Female,2015-2016
83737,0,0.47410494386914015,0,true_negative,0.012791980648893031,72.0,Female,2015-2016
83741,0,0.12817441119070902,0,true_negative,0.3587225133273242,22.0,Male,2015-2016
83755,0,0.46030902844908145,0,true_negative,0.026587896068951733,67.0,Male,2015-2016
83775,0,0.6226470732105611,1,false_positive,0.13575014869252794,69.0,Female,2015-2016
83786,0,0.2682704016006793,0,true_negative,0.2186265229173539,51.0,Male,2015-2016
83788,0,0.25917831913830186,0,true_negative,0.22771860537973132,69.0,Female,2015-2016
83801,0,0.8277873676132188,1,false_positive,0.3408904430951856,80.0,Female,2015-2016
83817,0,0.11422705555381296,0,true_negative,0.3726698689642202,42.0,Male,2015-2016
83822,0,0.008975312895282712,0,true_negative,0.4779216116227505,20.0,Female,2015-2016
83827,0,0.208894624979307,0,true_negative,0.2780022995387262,61.0,Male,2015-2016
83834,0,0.6066105372302218,1,false_positive,0.11971361271218867,69.0,Male,2015-2016
83854,0,0.07456172577620986,0,true_negative,0.41233519874182334,46.0,Female,2015-2016
83860,0,0.11459227483947772,0,true_negative,0.3723046496785555,41.0,Male,2015-2016
83866,0,0.1348851104293497,0,true_negative,0.3520118140886835,40.0,Male,2015-2016
83870,0,0.1384000541247918,0,true_negative,0.3484968703932414,48.0,Male,2015-2016
83871,0,0.019296650274775146,0,true_negative,0.467600274243258,30.0,Female,2015-2016
83876,0,0.7651552678324551,1,false_positive,0.27825834331442195,71.0,Female,2015-2016
83894,0,0.0750822488377059,0,true_negative,0.41181467568032726,60.0,Male,2015-2016
83897,0,0.027790700873757714,0,true_negative,0.45910622364427545,29.0,Female,2015-2016
83941,0,0.6406040330682025,1,false_positive,0.15370710855016928,71.0,Male,2015-2016
83962,0,0.028879605121537123,0,true_negative,0.45801731939649604,28.0,Female,2015-2016
83965,0,0.3456134354709085,0,true_negative,0.14128348904712468,49.0,Male,2015-2016
83982,0,0.09412017388572738,0,true_negative,0.39277675063230577,25.0,Male,2015-2016
83985,0,0.13654485816147652,0,true_negative,0.3503520663565567,55.0,Male,2015-2016
83987,0,0.7492288456800373,1,false_positive,0.26233192116200416,68.0,Male,2015-2016
83999,0,0.6749033576247871,1,false_positive,0.18800643310675397,71.0,Male,2015-2016
84008,0,0.23522496353521138,0,true_negative,0.2516719609828218,62.0,Female,2015-2016
84011,0,0.09219355535027605,0,true_negative,0.3947033691677571,32.0,Male,2015-2016
84014,0,0.158467118475738,0,true_negative,0.3284298060422952,53.0,Male,2015-2016
84028,0,0.14922196216820446,0,true_negative,0.33767496234982874,61.0,Female,2015-2016
84029,0,0.013318956231095391,0,true_negative,0.47357796828693777,28.0,Female,2015-2016
84032,0,0.10531143883822985,0,true_negative,0.3815854856798033,51.0,Male,2015-2016
84033,0,0.19165980771604496,0,true_negative,0.2952371168019882,41.0,Female,2015-2016
84037,0,0.35066092486764006,0,true_negative,0.13623599965039312,66.0,Male,2015-2016
84041,0,0.3196199002050917,0,true_negative,0.1672770243129415,71.0,Female,2015-2016
84042,0,0.7509509536653067,1,false_positive,0.26405402914727355,75.0,Male,2015-2016
84047,0,0.20482795545777605,0,true_negative,0.28206896906025714,72.0,Female,2015-2016
84055,0,0.29315484801176767,0,true_negative,0.19374207650626551,64.0,Female,2015-2016
84058,0,0.01670241461332635,0,true_negative,0.47019450990470685,21.0,Female,2015-2016
84062,0,0.11954225441671969,0,true_negative,0.3673546701013135,45.0,Female,2015-2016
84065,0,0.1855288188295409,0,true_negative,0.30136810568849226,48.0,Female,2015-2016
84070,0,0.08602088268995126,0,true_negative,0.4008760418280819,40.0,Male,2015-2016
84073,0,0.15055042604979066,0,true_negative,0.3363464984682425,39.0,Female,2015-2016
84074,0,0.041348572651345304,0,true_negative,0.4455483518666879,26.0,Female,2015-2016
84082,0,0.052253320469343174,0,true_negative,0.43464360404869,24.0,Female,2015-2016
84092,0,0.2220151477213541,0,true_negative,0.26488177679667907,58.0,Female,2015-2016
84095,0,0.10731126883225453,0,true_negative,0.3795856556857786,61.0,Female,2015-2016
84107,0,0.24438015319613665,0,true_negative,0.24251677132189653,60.0,Female,2015-2016
84110,0,0.03062850855018611,0,true_negative,0.45626841596784706,28.0,Male,2015-2016
84120,0,0.6991262210331105,1,false_positive,0.21222929651507733,67.0,Male,2015-2016
84125,0,0.8187468340628712,1,false_positive,0.331849909544838,72.0,Female,2015-2016
84126,0,0.30839301048783735,0,true_negative,0.17850391403019583,38.0,Male,2015-2016
84129,0,0.5544535850876811,1,false_positive,0.06755666056964788,80.0,Male,2015-2016
84142,0,0.019981592545863694,0,true_negative,0.4669153319721695,24.0,Male,2015-2016
84143,0,0.15697361711057484,0,true_negative,0.32992330740745834,35.0,Female,2015-2016
84156,0,0.039018916901142967,0,true_negative,0.44787800761689023,29.0,Female,2015-2016
84157,1,0.23019716757309155,0,false_negative,0.2566997569449416,45.0,Male,2015-2016
84169,0,0.1750905080143539,0,true_negative,0.31180641650367924,43.0,Male,2015-2016
84171,0,0.0397114682933802,0,true_negative,0.447185456224653,30.0,Female,2015-2016
84172,0,0.032073126569223336,0,true_negative,0.45482379794880984,20.0,Male,2015-2016
84178,0,0.9643951933345194,1,false_positive,0.4774982688164862,80.0,Male,2015-2016
84183,0,0.8939368852078589,1,false_positive,0.4070399606898257,80.0,Female,2015-2016
84185,0,0.11774300142752406,0,true_negative,0.3691539230905091,37.0,Male,2015-2016
84188,0,0.3247035277336263,0,true_negative,0.16219339678440686,61.0,Female,2015-2016
84189,0,0.47034139600246244,0,true_negative,0.01655552851557074,62.0,Female,2015-2016
84208,0,0.49914843268543563,1,false_positive,0.012251508167402447,67.0,Female,2015-2016
84217,0,0.5922685159916881,1,false_positive,0.10537159147365488,59.0,Female,2015-2016
84222,0,0.10229668326728314,0,true_negative,0.38460024125075004,44.0,Male,2015-2016
84232,0,0.3630848185221371,0,true_negative,0.1238121059958961,61.0,Male,2015-2016
84234,0,0.040248557285309475,0,true_negative,0.4466483672327237,40.0,Female,2015-2016
84235,0,0.5969471663304606,1,false_positive,0.11005024181242745,47.0,Female,2015-2016
84239,0,0.6046437931055518,1,false_positive,0.11774686858751865,74.0,Male,2015-2016
84248,0,0.14962130147279593,0,true_negative,0.3372756230452373,29.0,Female,2015-2016
84251,0,0.021986645168338852,0,true_negative,0.4649102793496943,20.0,Male,2015-2016
84256,1,0.9410833192381954,1,true_positive,0.45418639472016226,63.0,Male,2015-2016
84271,1,0.9323149498278525,1,true_positive,0.4454180253098193,67.0,Male,2015-2016
84273,0,0.48550882251199007,0,true_negative,0.0013881020060431126,63.0,Male,2015-2016
84284,0,0.4918753713758226,1,false_positive,0.00497844685778942,70.0,Female,2015-2016
84285,0,0.6673336922562142,1,false_positive,0.18043676773818101,44.0,Female,2015-2016
84291,0,0.03973040550455843,0,true_negative,0.44716651901347476,36.0,Female,2015-2016
84295,0,0.3756899833426114,0,true_negative,0.11120694117542179,58.0,Female,2015-2016
84298,0,0.02964227988102008,0,true_negative,0.4572546446370131,36.0,Female,2015-2016
84300,0,0.01821832295070761,0,true_negative,0.46867860156732555,25.0,Female,2015-2016
84302,0,0.701675485408998,1,false_positive,0.21477856089096486,74.0,Male,2015-2016
84349,0,0.1312698401945317,0,true_negative,0.3556270843235015,39.0,Female,2015-2016
84357,0,0.023741323579143006,0,true_negative,0.4631556009388902,25.0,Male,2015-2016
84363,0,0.07259513170455366,0,true_negative,0.4143017928134795,36.0,Female,2015-2016
84374,0,0.6726358269441141,1,false_positive,0.18573890242608088,74.0,Female,2015-2016
84376,0,0.21438477482855053,0,true_negative,0.2725121496894827,55.0,Male,2015-2016
84378,0,0.07699740396419959,0,true_negative,0.4098995205538336,45.0,Female,2015-2016
84390,0,0.07120369528764778,0,true_negative,0.41569322923038543,33.0,Male,2015-2016
84392,0,0.07115217567864383,0,true_negative,0.41574474883938933,53.0,Female,2015-2016
84395,0,0.037760833509946114,0,true_negative,0.44913609100808705,25.0,Female,2015-2016
84405,0,0.06438646462665445,0,true_negative,0.4225104598913787,33.0,Male,2015-2016
84423,0,0.5810178833405766,1,false_positive,0.0941209588225434,59.0,Male,2015-2016
84424,0,0.7135028260767053,1,false_positive,0.22660590155867216,69.0,Male,2015-2016
84434,0,0.06572848350688003,0,true_negative,0.42116844101115314,31.0,Male,2015-2016
84447,0,0.9006048562026652,1,false_positive,0.413707931684632,77.0,Male,2015-2016
84454,0,0.5794461162050714,1,false_positive,0.09254919168703818,60.0,Female,2015-2016
84459,0,0.03344576181438301,0,true_negative,0.45345116270365016,31.0,Female,2015-2016
84462,0,0.03264859810303107,0,true_negative,0.4542483264150021,35.0,Female,2015-2016
84470,0,0.07051456905697777,0,true_negative,0.4163823554610554,23.0,Male,2015-2016
84471,0,0.34087557173168453,0,true_negative,0.14602135278634865,74.0,Female,2015-2016
84495,0,0.3270298711637434,0,true_negative,0.1598670533542898,53.0,Female,2015-2016
84500,0,0.10058668470766201,0,true_negative,0.38631023981037116,54.0,Female,2015-2016
84511,0,0.4549454757198946,0,true_negative,0.031951448798138604,78.0,Female,2015-2016
84517,0,0.7859295813964423,1,false_positive,0.29903265687840913,80.0,Female,2015-2016
84529,0,0.2201354064747109,0,true_negative,0.26676151804332227,60.0,Female,2015-2016
84530,0,0.9363336707166618,1,false_positive,0.44943674619862867,80.0,Male,2015-2016
84534,0,0.2725594038737473,0,true_negative,0.2143375206442859,62.0,Female,2015-2016
84536,0,0.05444511970023576,0,true_negative,0.43245180481779744,31.0,Male,2015-2016
84543,0,0.3188134206214168,0,true_negative,0.16808350389661636,56.0,Male,2015-2016
84548,0,0.16451626218240945,0,true_negative,0.32238066233562374,54.0,Female,2015-2016
84558,0,0.02646926788739476,0,true_negative,0.46042765663063845,27.0,Male,2015-2016
84568,0,0.7302675805925855,1,false_positive,0.24337065607455227,72.0,Male,2015-2016
84585,0,0.028963105708758066,0,true_negative,0.45793381880927514,23.0,Male,2015-2016
84592,0,0.13870950486121997,0,true_negative,0.3481874196568132,58.0,Male,2015-2016
84600,0,0.07850215582624857,0,true_negative,0.4083947686917846,30.0,Male,2015-2016
84612,0,0.23178877060723416,0,true_negative,0.255108153910799,48.0,Male,2015-2016
84614,0,0.9551026577727395,1,false_positive,0.4682057332547063,80.0,Male,2015-2016
84617,0,0.17890092125060764,0,true_negative,0.30799600326742554,42.0,Female,2015-2016
84618,0,0.014628082847576732,0,true_negative,0.47226884167045646,23.0,Female,2015-2016
84620,0,0.026866009521101093,0,true_negative,0.4600309149969321,21.0,Female,2015-2016
84623,0,0.2085006081064042,0,true_negative,0.278396316411629,53.0,Male,2015-2016
84637,0,0.5783068445535002,1,false_positive,0.09140992003546705,71.0,Female,2015-2016
84639,0,0.025941579848832354,0,true_negative,0.46095534466920085,30.0,Female,2015-2016
84650,0,0.03458531201948742,0,true_negative,0.4523116124985458,30.0,Female,2015-2016
84658,0,0.011654666234253463,0,true_negative,0.4752422582837797,22.0,Female,2015-2016
84661,0,0.13741747929872195,0,true_negative,0.34947944521931124,41.0,Male,2015-2016
84679,0,0.3957289313878555,0,true_negative,0.0911679931301777,68.0,Female,2015-2016
84680,0,0.27211876467859414,0,true_negative,0.21477815983943904,60.0,Male,2015-2016
84685,0,0.039799664757188685,0,true_negative,0.44709725976084447,27.0,Female,2015-2016
84689,0,0.08971885684833372,0,true_negative,0.39717806766969943,47.0,Female,2015-2016
84698,0,0.023996346385600695,0,true_negative,0.46290057813243246,22.0,Female,2015-2016
84706,0,0.1440252254079977,0,true_negative,0.34287169911003545,51.0,Female,2015-2016
84726,0,0.030980155930891665,0,true_negative,0.45591676858714153,33.0,Male,2015-2016
84747,0,0.556535886083927,1,false_positive,0.06963896156589383,66.0,Female,2015-2016
84748,0,0.05286413586706968,0,true_negative,0.4340327886509635,22.0,Male,2015-2016
84751,0,0.37996794227890146,0,true_negative,0.10692898223913172,54.0,Male,2015-2016
84753,0,0.0646461068488016,0,true_negative,0.42225081766923156,33.0,Male,2015-2016
84754,1,0.7385534250312364,1,true_positive,0.25165650051320326,70.0,Male,2015-2016
84760,0,0.017889421792174905,0,true_negative,0.4690075027258583,23.0,Female,2015-2016
84764,0,0.06635660059531061,0,true_negative,0.42054032392272256,41.0,Male,2015-2016
84765,0,0.050443756797257135,0,true_negative,0.436453167720776,44.0,Female,2015-2016
84766,0,0.1707070788260547,0,true_negative,0.3161898456919785,40.0,Female,2015-2016
84776,0,0.2967859057515833,0,true_negative,0.19011101876644987,47.0,Male,2015-2016
84785,0,0.6844989274493011,1,false_positive,0.1976020029312679,66.0,Male,2015-2016
84788,0,0.8677437495846587,1,false_positive,0.38084682506662554,71.0,Male,2015-2016
84790,0,0.1392768195616045,0,true_negative,0.3476201049564287,41.0,Male,2015-2016
84791,0,0.024656636987790116,0,true_negative,0.46224028753024304,20.0,Male,2015-2016
84793,0,0.04506697310284746,0,true_negative,0.4418299514151857,28.0,Male,2015-2016
84797,0,0.01865231813052109,0,true_negative,0.4682446063875121,25.0,Female,2015-2016
84805,0,0.4403367246414137,0,true_negative,0.04656019987661947,53.0,Female,2015-2016
84808,0,0.11413645266738416,0,true_negative,0.37276047185064903,45.0,Male,2015-2016
84817,0,0.7011631508733421,1,false_positive,0.21426622635530895,75.0,Male,2015-2016
84830,0,0.1064388188499996,0,true_negative,0.38045810566803356,25.0,Male,2015-2016
84832,0,0.4947682025623627,1,false_positive,0.007871278044329522,58.0,Male,2015-2016
84835,0,0.041585606679628746,0,true_negative,0.44531131783840444,39.0,Male,2015-2016
84843,0,0.05813995842638745,0,true_negative,0.4287569660916457,24.0,Male,2015-2016
84847,0,0.02425305524347846,0,true_negative,0.4626438692745547,28.0,Female,2015-2016
84862,0,0.6146363183397685,1,false_positive,0.12773939382173533,56.0,Female,2015-2016
84867,0,0.46205732242514386,0,true_negative,0.024839602092889324,62.0,Female,2015-2016
84869,0,0.2837341472938904,0,true_negative,0.20316277722414278,54.0,Female,2015-2016
84872,0,0.048026324373681956,0,true_negative,0.4388706001443512,32.0,Male,2015-2016
84896,0,0.05653517195474815,0,true_negative,0.430361752563285,22.0,Male,2015-2016
84915,0,0.23429320109655838,0,true_negative,0.2526037234214748,45.0,Female,2015-2016
84920,0,0.05009772460985442,0,true_negative,0.4367991999081788,35.0,Male,2015-2016
84923,0,0.4905648769956421,1,false_positive,0.0036679524776089267,66.0,Female,2015-2016
84931,0,0.03648806183473737,0,true_negative,0.45040886268329583,30.0,Male,2015-2016
84937,0,0.02584948170455317,0,true_negative,0.46104744281348004,26.0,Female,2015-2016
84946,0,0.16675645762243063,0,true_negative,0.32014046689560255,38.0,Female,2015-2016
84950,0,0.13479911554215634,0,true_negative,0.35209780897587684,48.0,Male,2015-2016
84956,0,0.02368024586483333,0,true_negative,0.4632166786531999,43.0,Female,2015-2016
84966,0,0.19247115874641899,0,true_negative,0.29442576577161417,48.0,Male,2015-2016
84969,0,0.6129638734916765,1,false_positive,0.1260669489736433,60.0,Male,2015-2016
84978,0,0.19163852213506757,0,true_negative,0.29525840238296563,60.0,Female,2015-2016
84980,0,0.3337459354614522,0,true_negative,0.15315098905658098,54.0,Male,2015-2016
84998,0,0.46871117886977487,0,true_negative,0.01818574564825831,58.0,Female,2015-2016
85007,0,0.272796018928182,0,true_negative,0.21410090558985118,47.0,Male,2015-2016
85009,0,0.006391615024806372,0,true_negative,0.4805053094932268,25.0,Female,2015-2016
85016,0,0.07804611586790743,0,true_negative,0.40885080865012574,50.0,Female,2015-2016
85017,1,0.7233983950262176,1,true_positive,0.23650147050818443,76.0,Male,2015-2016
85028,0,0.769439591951722,1,false_positive,0.2825426674336888,51.0,Female,2015-2016
85035,0,0.8471370948436598,1,false_positive,0.36024017032562666,80.0,Female,2015-2016
85039,0,0.4881093673410399,1,false_positive,0.0012124428230066986,69.0,Female,2015-2016
85042,0,0.014964846962753622,0,true_negative,0.47193207755527955,23.0,Male,2015-2016
85048,0,0.0715713249573265,0,true_negative,0.4153255995607067,34.0,Male,2015-2016
85051,0,0.4875994630520414,1,false_positive,0.0007025385340082013,67.0,Male,2015-2016
85053,0,0.4949853962936347,1,false_positive,0.008088471775601513,58.0,Male,2015-2016
85054,1,0.712314110129105,1,true_positive,0.22541718561107177,62.0,Male,2015-2016
85055,0,0.04512397651830445,0,true_negative,0.4417729479997287,39.0,Female,2015-2016
85067,0,0.8942679260588654,1,false_positive,0.4073710015408322,80.0,Male,2015-2016
85079,0,0.3475341137070553,0,true_negative,0.1393628108109779,74.0,Female,2015-2016
85104,0,0.020879367598372122,0,true_negative,0.46601755691966107,29.0,Female,2015-2016
85107,0,0.07922808809029729,0,true_negative,0.4076688364277359,24.0,Male,2015-2016
85138,0,0.094980670114726,0,true_negative,0.3919162544033072,31.0,Female,2015-2016
85145,0,0.10781692401499275,0,true_negative,0.3790800005030404,35.0,Male,2015-2016
85169,0,0.31279195731158815,0,true_negative,0.17410496720644503,54.0,Male,2015-2016
85181,0,0.1188159307125563,0,true_negative,0.3680809938054769,48.0,Male,2015-2016
85183,0,0.05053067235431268,0,true_negative,0.4363662521637205,33.0,Male,2015-2016
85190,0,0.01703194704861478,0,true_negative,0.4698649774694184,29.0,Female,2015-2016
85192,0,0.39438363797191317,0,true_negative,0.09251328654612001,53.0,Female,2015-2016
85200,0,0.08207977478469358,0,true_negative,0.4048171497333396,46.0,Female,2015-2016
85202,0,0.07559312033743114,0,true_negative,0.41130380418060203,34.0,Male,2015-2016
85204,0,0.027247820487460227,0,true_negative,0.45964910403057296,20.0,Female,2015-2016
85215,0,0.5771706899970789,1,false_positive,0.0902737654790457,65.0,Male,2015-2016
85220,0,0.06097321195850168,0,true_negative,0.4259237125595315,47.0,Male,2015-2016
85229,0,0.11734321006918204,0,true_negative,0.36955371444885116,29.0,Female,2015-2016
85256,0,0.030844775458006624,0,true_negative,0.45605214906002656,27.0,Female,2015-2016
85274,0,0.515646663231973,1,false_positive,0.028749738713939765,72.0,Female,2015-2016
85279,1,0.5728953867542385,1,true_positive,0.08599846223620528,50.0,Male,2015-2016
85283,0,0.7534042466822514,1,false_positive,0.2665073221642182,80.0,Female,2015-2016
85318,0,0.5097747328872204,1,false_positive,0.022877808369187236,60.0,Female,2015-2016
85322,0,0.1656843075316151,0,true_negative,0.3212126169864181,63.0,Female,2015-2016
85337,0,0.05423261321443249,0,true_negative,0.43266431130360067,43.0,Female,2015-2016
85341,0,0.29469751910414455,0,true_negative,0.19219940541388864,37.0,Female,2015-2016
85343,0,0.016090160186834915,0,true_negative,0.4708067643311983,21.0,Female,2015-2016
85348,0,0.32872396931836434,0,true_negative,0.15817295519966884,59.0,Male,2015-2016
85360,0,0.11072400856138115,0,true_negative,0.37617291595665203,58.0,Male,2015-2016
85366,0,0.27740970127146103,0,true_negative,0.20948722324657215,32.0,Male,2015-2016
85367,0,0.06947468302130881,0,true_negative,0.41742224149672436,49.0,Female,2015-2016
85369,0,0.08799297898701541,0,true_negative,0.39890394553101777,31.0,Male,2015-2016
85379,0,0.4240747464489397,0,true_negative,0.06282217806909346,80.0,Female,2015-2016
85380,1,0.6333927270114779,1,true_positive,0.14649580249344468,55.0,Female,2015-2016
85384,0,0.03694758444595946,0,true_negative,0.4499493400720737,32.0,Female,2015-2016
85394,0,0.216903720481217,0,true_negative,0.26999320403681615,34.0,Male,2015-2016
85399,0,0.06452070649432018,0,true_negative,0.422376218023713,35.0,Female,2015-2016
85419,0,0.09260117601211425,0,true_negative,0.3942957485059189,32.0,Male,2015-2016
85424,1,0.8920653561134422,1,true_positive,0.405168431595409,75.0,Male,2015-2016
85425,0,0.9864163283999458,1,false_positive,0.49951940388191257,80.0,Male,2015-2016
85442,0,0.5421842379821905,1,false_positive,0.05528731346415733,64.0,Male,2015-2016
85443,0,0.26447004243484856,0,true_negative,0.22242688208318462,48.0,Female,2015-2016
85448,0,0.896353574684745,1,false_positive,0.4094566501667118,80.0,Female,2015-2016
85463,0,0.06895788204861765,0,true_negative,0.41793904246941554,48.0,Female,2015-2016
85469,0,0.6704321624821001,1,false_positive,0.18353523796406696,71.0,Male,2015-2016
85479,0,0.9364377922567435,1,false_positive,0.4495408677387103,77.0,Male,2015-2016
85481,0,0.08474485053975364,0,true_negative,0.40215207397827957,51.0,Male,2015-2016
85483,0,0.15955149371368918,0,true_negative,0.327345430804344,32.0,Female,2015-2016
85499,0,0.7735238254709098,1,false_positive,0.28662690095287663,61.0,Female,2015-2016
85521,0,0.5993400646622015,1,false_positive,0.11244314014416829,71.0,Female,2015-2016
85525,0,0.09633696058558104,0,true_negative,0.3905599639324521,40.0,Female,2015-2016
85529,0,0.5604504494554836,1,false_positive,0.07355352493745043,65.0,Female,2015-2016
85538,0,0.9536786937378018,1,false_positive,0.4667817692197686,80.0,Female,2015-2016
85549,0,0.54895094613962,1,false_positive,0.06205402162158685,64.0,Female,2015-2016
85551,0,0.050414446072720005,0,true_negative,0.4364824784453132,27.0,Male,2015-2016
85553,0,0.718895706848405,1,false_positive,0.2319987823303718,75.0,Female,2015-2016
85573,0,0.12620494374111285,0,true_negative,0.36069198077692033,33.0,Male,2015-2016
85578,0,0.314644919569601,0,true_negative,0.17225200494843218,62.0,Female,2015-2016
85588,0,0.03049365271217219,0,true_negative,0.456403271805861,25.0,Male,2015-2016
85594,0,0.7531224481306171,1,false_positive,0.26622552361258395,74.0,Male,2015-2016
85603,0,0.19919489558517192,0,true_negative,0.28770202893286123,33.0,Male,2015-2016
85628,0,0.3337016962883838,0,true_negative,0.15319522822964937,62.0,Female,2015-2016
85635,0,0.5360264885916777,1,false_positive,0.049129564073644494,57.0,Male,2015-2016
85636,0,0.3537072328440099,0,true_negative,0.13318969167402328,52.0,Male,2015-2016
85651,0,0.12511766326391985,0,true_negative,0.3617792612541133,33.0,Male,2015-2016
85655,0,0.0980866189367455,0,true_negative,0.3888103055812877,27.0,Female,2015-2016
85659,0,0.011493577592448196,0,true_negative,0.475403346925585,24.0,Female,2015-2016
85661,0,0.1900911062244773,0,true_negative,0.2968058182935559,36.0,Female,2015-2016
85670,0,0.18172340962039413,0,true_negative,0.30517351489763905,45.0,Male,2015-2016
85683,0,0.42909498986766653,0,true_negative,0.05780193465036665,69.0,Female,2015-2016
85691,0,0.42045534112531957,0,true_negative,0.06644158339271361,66.0,Male,2015-2016
85697,0,0.9009391919002583,1,false_positive,0.4140422673822251,80.0,Male,2015-2016
85724,0,0.8662054073349358,1,false_positive,0.3793084828169026,80.0,Male,2015-2016
85725,0,0.7558048498819953,1,false_positive,0.2689079253639621,60.0,Female,2015-2016
85726,0,0.8338844483949132,1,false_positive,0.34698752387688,60.0,Male,2015-2016
85733,0,0.09661255698748834,0,true_negative,0.39028436753054485,60.0,Female,2015-2016
85736,0,0.2710116124388256,0,true_negative,0.21588531207920758,51.0,Female,2015-2016
85753,0,0.0783757418419394,0,true_negative,0.4085211826760938,42.0,Male,2015-2016
85756,0,0.20310766999098512,0,true_negative,0.28378925452704806,58.0,Female,2015-2016
85766,0,0.3392436200547903,0,true_negative,0.14765330446324287,80.0,Female,2015-2016
85770,0,0.07688834680738957,0,true_negative,0.4100085777106436,55.0,Female,2015-2016
85775,0,0.1012193183049367,0,true_negative,0.3856776062130965,43.0,Male,2015-2016
85779,0,0.06472034641961806,0,true_negative,0.42217657809841513,35.0,Female,2015-2016
85787,0,0.08577267458067331,0,true_negative,0.40112424993735984,26.0,Female,2015-2016
85791,0,0.008030074065785368,0,true_negative,0.4788668504522478,28.0,Male,2015-2016
85792,0,0.8303248974501461,1,false_positive,0.34342797293211297,77.0,Male,2015-2016
85797,0,0.07299762533000774,0,true_negative,0.4138992991880254,29.0,Male,2015-2016
85799,0,0.05298316144968293,0,true_negative,0.4339137630683503,36.0,Male,2015-2016
85811,0,0.37015968903643837,0,true_negative,0.11673723548159481,57.0,Male,2015-2016
85816,0,0.11138225307333177,0,true_negative,0.3755146714447014,50.0,Female,2015-2016
85825,0,0.09273174409550307,0,true_negative,0.3941651804225301,42.0,Male,2015-2016
85828,0,0.19866963202539653,0,true_negative,0.2882272924926367,64.0,Female,2015-2016
85836,0,0.22974618322054674,0,true_negative,0.25715074129748644,56.0,Male,2015-2016
85852,0,0.15275556350020034,0,true_negative,0.33414136101783287,61.0,Female,2015-2016
85856,0,0.2175050415499322,0,true_negative,0.269391882968101,47.0,Male,2015-2016
85862,0,0.578799003176306,1,false_positive,0.09190207865827277,70.0,Male,2015-2016
85864,0,0.05160269862142134,0,true_negative,0.4352942258966118,23.0,Male,2015-2016
85866,0,0.3464017206319649,0,true_negative,0.1404952038860683,48.0,Male,2015-2016
85939,0,0.018103951806173295,0,true_negative,0.4687929727118599,20.0,Male,2015-2016
85942,0,0.08756178858649548,0,true_negative,0.3993351359315377,46.0,Female,2015-2016
85952,0,0.20072582010736753,0,true_negative,0.2861711044106656,50.0,Female,2015-2016
85958,0,0.044188850763234665,0,true_negative,0.44270807375479854,32.0,Female,2015-2016
85960,0,0.24726674697325735,0,true_negative,0.23963017754477584,59.0,Female,2015-2016
85962,0,0.15192299807574677,0,true_negative,0.3349739264422864,65.0,Male,2015-2016
85973,0,0.10324316619057287,0,true_negative,0.3836537583274603,54.0,Female,2015-2016
85976,0,0.04414124310316268,0,true_negative,0.4427556814148705,37.0,Male,2015-2016
85997,0,0.7335899261422831,1,false_positive,0.24669300162424995,80.0,Female,2015-2016
85998,0,0.5632450861227716,1,false_positive,0.0763481616047384,80.0,Male,2015-2016
86005,0,0.12521080479303545,0,true_negative,0.36168611972499776,55.0,Female,2015-2016
86009,0,0.09897195197393178,0,true_negative,0.3879249725441014,33.0,Female,2015-2016
86011,0,0.054508676223111424,0,true_negative,0.43238824829492173,45.0,Female,2015-2016
86018,0,0.48624279504292517,0,true_negative,0.0006541294751080118,72.0,Female,2015-2016
86022,0,0.14853575981385936,0,true_negative,0.3383611647041738,23.0,Female,2015-2016
86026,1,0.8648777238077284,1,true_positive,0.37798079928969525,61.0,Male,2015-2016
86029,0,0.06785574443083214,0,true_negative,0.41904118008720104,26.0,Female,2015-2016
86031,0,0.03024203069465234,0,true_negative,0.45665489382338087,22.0,Female,2015-2016
86037,0,0.5991219181604526,1,false_positive,0.11222499364241939,65.0,Female,2015-2016
86054,0,0.2515922515682322,0,true_negative,0.235304672949801,40.0,Male,2015-2016
86055,1,0.8895715872522525,1,true_positive,0.4026746627342193,80.0,Male,2015-2016
86060,1,0.5582008878925562,1,true_positive,0.071303963374523,68.0,Female,2015-2016
86070,0,0.33093990754527824,0,true_negative,0.15595701697275494,52.0,Male,2015-2016
86082,0,0.36319809491424565,0,true_negative,0.12369882960378753,49.0,Female,2015-2016
86083,0,0.63287626173094,1,false_positive,0.14597933721290685,73.0,Female,2015-2016
86100,0,0.02852349410620256,0,true_negative,0.4583734304118306,33.0,Male,2015-2016
86102,0,0.5868012234433242,1,false_positive,0.09990429892529101,52.0,Female,2015-2016
86104,0,0.5689648099524978,1,false_positive,0.08206788543446458,53.0,Male,2015-2016
86110,0,0.009423322212331067,0,true_negative,0.4774736023057021,20.0,Female,2015-2016
86113,0,0.1557930931410431,0,true_negative,0.33110383137699007,47.0,Female,2015-2016
86125,0,0.062443349089257374,0,true_negative,0.4244535754287758,36.0,Male,2015-2016
86132,0,0.18500772822550415,0,true_negative,0.301889196292529,59.0,Female,2015-2016
86137,0,0.334993181461563,0,true_negative,0.1519037430564702,47.0,Male,2015-2016
86150,0,0.04628910619552093,0,true_negative,0.4406078183225123,47.0,Female,2015-2016
86157,1,0.9631734210083632,1,true_positive,0.47627649649033005,80.0,Male,2015-2016
86159,0,0.023097958597559063,0,true_negative,0.4637989659204741,20.0,Female,2015-2016
86168,0,0.924553934461438,1,false_positive,0.4376570099434048,80.0,Male,2015-2016
86178,0,0.7239902091077391,1,false_positive,0.23709328458970597,69.0,Male,2015-2016
86185,0,0.14501002090439086,0,true_negative,0.3418869036136423,53.0,Male,2015-2016
86190,0,0.34986032518128213,0,true_negative,0.13703659933675105,54.0,Female,2015-2016
86191,0,0.08996371400804633,0,true_negative,0.39693321050998687,29.0,Female,2015-2016
86201,0,0.33987861782861195,0,true_negative,0.14701830668942123,80.0,Female,2015-2016
86209,0,0.08136237153091574,0,true_negative,0.40553455298711744,31.0,Male,2015-2016
86212,0,0.11003662574966354,0,true_negative,0.37686029876836963,32.0,Female,2015-2016
86220,0,0.07367261709130446,0,true_negative,0.4132243074267287,38.0,Male,2015-2016
86221,0,0.9127048044691928,1,false_positive,0.4258078799511596,57.0,Female,2015-2016
86226,0,0.02331299571671792,0,true_negative,0.46358392880131527,23.0,Female,2015-2016
86236,0,0.08922894851963088,0,true_negative,0.3976679759984023,34.0,Male,2015-2016
86237,1,0.9217187988689417,1,true_positive,0.4348218743509085,80.0,Male,2015-2016
86244,0,0.8615094852322734,1,false_positive,0.37461256071424026,80.0,Female,2015-2016
86245,0,0.159337311463161,0,true_negative,0.3275596130548722,47.0,Female,2015-2016
86258,0,0.7671889957988677,1,false_positive,0.2802920712808345,80.0,Female,2015-2016
86268,0,0.3184162714051023,0,true_negative,0.16848065311293087,57.0,Female,2015-2016
86271,0,0.18602217644576804,0,true_negative,0.3008747480722651,55.0,Female,2015-2016
86276,0,0.649290538715144,1,false_positive,0.1623936141971108,68.0,Male,2015-2016
86297,0,0.21288427807635335,0,true_negative,0.27401264644167983,35.0,Female,2015-2016
86300,0,0.26767284000765046,0,true_negative,0.21922408451038272,59.0,Female,2015-2016
86301,0,0.06527774512245484,0,true_negative,0.42161917939557836,26.0,Male,2015-2016
86324,0,0.011259488420282992,0,true_negative,0.47563743609775017,29.0,Female,2015-2016
86332,0,0.06049912452737963,0,true_negative,0.4263977999906535,34.0,Female,2015-2016
86335,0,0.6388205010733359,1,false_positive,0.1519235765553027,60.0,Male,2015-2016
86338,0,0.29323919829237255,0,true_negative,0.19365772622566063,55.0,Male,2015-2016
86339,0,0.7626346262764496,1,false_positive,0.27573770175841644,80.0,Female,2015-2016
86342,0,0.0866738852424138,0,true_negative,0.40022303927561936,31.0,Male,2015-2016
86349,0,0.47786507351694685,0,true_negative,0.009031851001086333,71.0,Male,2015-2016
86350,0,0.19453551265342942,0,true_negative,0.29236141186460374,49.0,Female,2015-2016
86364,0,0.19591926497929918,0,true_negative,0.290977659538734,42.0,Female,2015-2016
86366,0,0.03095610502603371,0,true_negative,0.4559408194919995,53.0,Female,2015-2016
86367,0,0.35122712275354945,0,true_negative,0.13566980176448373,48.0,Male,2015-2016
86368,0,0.38371544406051694,0,true_negative,0.10318148045751624,52.0,Male,2015-2016
86383,0,0.5605609110428007,1,false_positive,0.07366398652476752,78.0,Female,2015-2016
86394,0,0.10593002896186264,0,true_negative,0.3809668955561705,38.0,Male,2015-2016
86396,0,0.047647602241934074,0,true_negative,0.4392493222760991,27.0,Male,2015-2016
86406,0,0.8860304374580611,1,false_positive,0.3991335129400279,80.0,Male,2015-2016
86417,0,0.19327870430679084,0,true_negative,0.29361822021124234,40.0,Male,2015-2016
86424,0,0.06268631361167497,0,true_negative,0.4242106109063582,23.0,Male,2015-2016
86432,1,0.8953924100196535,1,true_positive,0.40849548550162035,80.0,Male,2015-2016
86435,0,0.8161264044524976,1,false_positive,0.32922947993446444,72.0,Male,2015-2016
86441,0,0.12481318473365556,0,true_negative,0.36208373978437763,50.0,Female,2015-2016
86445,0,0.5189923599761762,1,false_positive,0.03209543545814303,51.0,Male,2015-2016
86446,0,0.20404328740942757,0,true_negative,0.2828536371086056,51.0,Female,2015-2016
86451,1,0.7162325882529074,1,true_positive,0.22933566373487418,63.0,Male,2015-2016
86453,0,0.19599451044144992,0,true_negative,0.29090241407658324,36.0,Female,2015-2016
86493,0,0.1143608978498309,0,true_negative,0.3725360266682023,44.0,Female,2015-2016
86494,0,0.4237121081268681,0,true_negative,0.06318481639116508,80.0,Female,2015-2016
86496,0,0.1732688963753781,0,true_negative,0.3136280281426551,52.0,Female,2015-2016
86507,0,0.0332516857406554,0,true_negative,0.4536452387773778,30.0,Male,2015-2016
86515,0,0.49305758364124985,1,false_positive,0.006160659123216672,61.0,Male,2015-2016
86526,0,0.03176592214672859,0,true_negative,0.4551310023713046,32.0,Male,2015-2016
86528,0,0.0591713426744584,0,true_negative,0.4277255818435748,37.0,Female,2015-2016
86530,1,0.7914211056416234,1,true_positive,0.3045241811235902,58.0,Female,2015-2016
86544,0,0.13975053077657776,0,true_negative,0.3471463937414554,46.0,Female,2015-2016
86546,0,0.3394836175489987,0,true_negative,0.14741330696903449,69.0,Male,2015-2016
86556,0,0.03995229131198912,0,true_negative,0.44694463320604405,31.0,Female,2015-2016
86558,0,0.7210163708029809,1,false_positive,0.23411944628494769,60.0,Male,2015-2016
86565,1,0.8508364400379265,1,true_positive,0.3639395155198933,66.0,Male,2015-2016
86566,0,0.08794142233039105,0,true_negative,0.39895550218764214,40.0,Female,2015-2016
86569,0,0.04677437813606836,0,true_negative,0.4401225463819648,23.0,Male,2015-2016
86572,0,0.06835065438160157,0,true_negative,0.41854627013643164,40.0,Female,2015-2016
86581,0,0.5857350094304484,1,false_positive,0.09883808491241525,65.0,Male,2015-2016
86599,0,0.04750301771692472,0,true_negative,0.43939390680110846,27.0,Male,2015-2016
86601,0,0.04550528068897386,0,true_negative,0.4413916438290593,23.0,Male,2015-2016
86624,0,0.15732106809713423,0,true_negative,0.3295758564208989,51.0,Male,2015-2016
86628,0,0.5913218120302871,1,false_positive,0.10442488751225393,80.0,Female,2015-2016
86633,0,0.4975534637187906,1,false_positive,0.010656539200757431,62.0,Female,2015-2016
86638,0,0.06370971940447863,0,true_negative,0.42318720511355457,39.0,Male,2015-2016
86641,0,0.5094666142996674,1,false_positive,0.02256968978163426,59.0,Female,2015-2016
86644,0,0.9536468171985142,1,false_positive,0.466749892680481,80.0,Male,2015-2016
86645,0,0.159415220095286,0,true_negative,0.32748170442274716,45.0,Female,2015-2016
86652,0,0.2675058243813348,0,true_negative,0.21939110013669838,59.0,Male,2015-2016
86661,1,0.5893914263088842,1,true_positive,0.10249450179085101,62.0,Male,2015-2016
86662,0,0.49361508940208804,1,false_positive,0.006718164884054856,70.0,Male,2015-2016
86664,0,0.8495107966132902,1,false_positive,0.36261387209525703,69.0,Male,2015-2016
86667,0,0.2354071995954069,0,true_negative,0.2514897249226263,63.0,Female,2015-2016
86668,0,0.2796225910664061,0,true_negative,0.2072743334516271,37.0,Male,2015-2016
86674,0,0.7623825488739566,1,false_positive,0.27548562435592344,62.0,Male,2015-2016
86675,0,0.455059805016955,0,true_negative,0.031837119501078204,62.0,Female,2015-2016
86679,0,0.023318277983666938,0,true_negative,0.46357864653436626,23.0,Male,2015-2016
86686,0,0.0244754812418212,0,true_negative,0.462421443276212,37.0,Female,2015-2016
86691,0,0.1941453102446089,0,true_negative,0.2927516142734243,55.0,Male,2015-2016
86692,0,0.736720253728718,1,false_positive,0.24982332921068479,80.0,Male,2015-2016
86695,0,0.767991673466701,1,false_positive,0.28109474894866787,75.0,Female,2015-2016
86696,0,0.5427212152545403,1,false_positive,0.05582429073650713,67.0,Female,2015-2016
86697,0,0.06084521907601503,0,true_negative,0.42605170544201815,42.0,Female,2015-2016
86720,0,0.016356394516328608,0,true_negative,0.4705405300017046,34.0,Female,2015-2016
86727,0,0.37123795108016966,0,true_negative,0.11565897343786352,41.0,Male,2015-2016
86730,0,0.7880776889185356,1,false_positive,0.3011807644005024,78.0,Male,2015-2016
86737,0,0.13944665067806195,0,true_negative,0.34745027383997124,50.0,Male,2015-2016
86742,0,0.3369288061768999,0,true_negative,0.14996811834113327,54.0,Male,2015-2016
86745,0,0.8402532331174623,1,false_positive,0.35335630859942907,65.0,Male,2015-2016
86748,0,0.609523497661975,1,false_positive,0.12262657314394182,63.0,Male,2015-2016
86752,0,0.09287978191352649,0,true_negative,0.3940171426045067,35.0,Female,2015-2016
86761,0,0.03952196290333955,0,true_negative,0.44737496161469364,40.0,Female,2015-2016
86772,0,0.8344622847908657,1,false_positive,0.3475653602728325,80.0,Male,2015-2016
86773,0,0.6983032823836509,1,false_positive,0.21140635786561773,77.0,Female,2015-2016
86777,0,0.1518008673758187,0,true_negative,0.33509605714221447,52.0,Male,2015-2016
86785,0,0.16697800400063462,0,true_negative,0.31991892051739856,49.0,Female,2015-2016
86812,0,0.168618241358101,0,true_negative,0.3182786831599322,64.0,Female,2015-2016
86824,0,0.7751128103023246,1,false_positive,0.2882158857842914,70.0,Male,2015-2016
86826,0,0.34543157775132716,0,true_negative,0.14146534676670602,80.0,Female,2015-2016
86830,0,0.23594823357247297,0,true_negative,0.2509486909455602,71.0,Female,2015-2016
86837,0,0.2283721410861044,0,true_negative,0.25852478343192875,57.0,Male,2015-2016
86848,1,0.22769729502781427,0,false_negative,0.2591996294902189,58.0,Male,2015-2016
86855,0,0.19096074178966146,0,true_negative,0.29593618272837174,39.0,Female,2015-2016
86859,0,0.6933845753932626,1,false_positive,0.2064876508752294,79.0,Male,2015-2016
86875,0,0.5978687445620148,1,false_positive,0.1109718200439816,66.0,Male,2015-2016
86881,0,0.053511056960637286,0,true_negative,0.4333858675573959,51.0,Male,2015-2016
86899,0,0.06805172590017503,0,true_negative,0.4188451986178582,22.0,Male,2015-2016
86916,0,0.6564853743274062,1,false_positive,0.169588449809373,74.0,Female,2015-2016
86920,0,0.07512077403509183,0,true_negative,0.41177615048294136,27.0,Male,2015-2016
86923,0,0.02080187798839889,0,true_negative,0.4660950465296343,31.0,Female,2015-2016
86927,1,0.6943850751822954,1,true_positive,0.20748815066426224,69.0,Female,2015-2016
86928,0,0.6235514670595657,1,false_positive,0.13665454254153248,52.0,Male,2015-2016
86934,0,0.023017609795057927,0,true_negative,0.4638793147229753,29.0,Male,2015-2016
86952,1,0.8114882462113259,1,true_positive,0.3245913216932927,80.0,Female,2015-2016
86961,0,0.018472131110074275,0,true_negative,0.4684247934079589,25.0,Female,2015-2016
86965,0,0.9220330854996448,1,false_positive,0.4351361609816116,80.0,Male,2015-2016
86966,1,0.8117445063653274,1,true_positive,0.3248475818472942,80.0,Female,2015-2016
86967,0,0.12551475690308886,0,true_negative,0.36138216761494435,51.0,Female,2015-2016
86969,0,0.07057594982761567,0,true_negative,0.4163209746904175,41.0,Male,2015-2016
86971,0,0.028640420817017946,0,true_negative,0.4582565037010152,24.0,Male,2015-2016
86972,0,0.030978921530675083,0,true_negative,0.4559180029873581,42.0,Female,2015-2016
86974,0,0.17651587731211515,0,true_negative,0.310381047205918,47.0,Male,2015-2016
86980,0,0.10665420905577022,0,true_negative,0.38024271546226296,54.0,Male,2015-2016
86981,0,0.03512455630751068,0,true_negative,0.4517723682105225,27.0,Female,2015-2016
86987,0,0.7738067077500146,1,false_positive,0.2869097832319814,76.0,Male,2015-2016
86992,0,0.03729544649849153,0,true_negative,0.44960147801954164,23.0,Male,2015-2016
86994,0,0.727774063326199,1,false_positive,0.2408771388081658,70.0,Male,2015-2016
86998,0,0.31763424227450454,0,true_negative,0.16926268224352864,64.0,Male,2015-2016
86999,0,0.642816441827596,1,false_positive,0.15591951730956283,76.0,Male,2015-2016
87000,0,0.3316970328104083,0,true_negative,0.15519989170762488,64.0,Female,2015-2016
87007,0,0.10787905211222615,0,true_negative,0.37901787240580703,45.0,Female,2015-2016
87008,0,0.35824527723156135,0,true_negative,0.12865164728647183,63.0,Male,2015-2016
87021,0,0.9469356295852294,1,false_positive,0.4600387050671962,58.0,Male,2015-2016
87044,0,0.0310530148952626,0,true_negative,0.4558439096227706,32.0,Female,2015-2016
87048,0,0.45252121807553014,0,true_negative,0.03437570644250304,69.0,Male,2015-2016
87051,0,0.02367848557823144,0,true_negative,0.46321843893980175,36.0,Male,2015-2016
87053,0,0.0999722349976992,0,true_negative,0.386924689520334,34.0,Female,2015-2016
87066,0,0.027823804038278884,0,true_negative,0.4590731204797543,28.0,Female,2015-2016
87072,0,0.1746420569760974,0,true_negative,0.31225486754193577,52.0,Male,2015-2016
87073,0,0.012049973998848872,0,true_negative,0.4748469505191843,27.0,Male,2015-2016
87094,0,0.0738970858294039,0,true_negative,0.4129998386886293,33.0,Male,2015-2016
87109,0,0.3999903836509326,0,true_negative,0.08690654086710059,67.0,Female,2015-2016
87112,0,0.21066929866054868,0,true_negative,0.2762276258574845,60.0,Female,2015-2016
87127,0,0.11986393582675277,0,true_negative,0.3670329886912804,51.0,Female,2015-2016
87129,0,0.04950785106589091,0,true_negative,0.4373890734521423,28.0,Female,2015-2016
87131,0,0.04487259993334217,0,true_negative,0.442024324584691,27.0,Female,2015-2016
87140,0,0.04117046670341093,0,true_negative,0.4457264578146223,36.0,Male,2015-2016
87155,0,0.501644824252072,1,false_positive,0.014747899734038838,71.0,Female,2015-2016
87161,0,0.6966078573322037,1,false_positive,0.20971093281417047,80.0,Female,2015-2016
87163,0,0.10521981823670065,0,true_negative,0.38167710628133256,44.0,Female,2015-2016
87165,0,0.04094868217690292,0,true_negative,0.4459482423411303,35.0,Female,2015-2016
87169,0,0.05311832929067729,0,true_negative,0.4337785952273559,39.0,Female,2015-2016
87171,0,0.05693978079838601,0,true_negative,0.42995714371964716,40.0,Female,2015-2016
87180,0,0.059611996139933,0,true_negative,0.42728492837810017,33.0,Female,2015-2016
87190,0,0.055114057726323794,0,true_negative,0.4317828667917094,38.0,Male,2015-2016
87208,0,0.05808704394112878,0,true_negative,0.4288098805769044,35.0,Male,2015-2016
87211,0,0.17404889739000662,0,true_negative,0.31284802712802656,41.0,Male,2015-2016
87214,0,0.05029466919248756,0,true_negative,0.43660225532554564,38.0,Male,2015-2016
87217,0,0.6262716432358659,1,false_positive,0.13937471871783275,73.0,Male,2015-2016
87221,0,0.3585957524010073,0,true_negative,0.1283011721170259,63.0,Male,2015-2016
87223,0,0.1328212037106839,0,true_negative,0.3540757208073493,55.0,Female,2015-2016
87226,0,0.0502773921795165,0,true_negative,0.4366195323385167,41.0,Female,2015-2016
87229,0,0.13187318815295362,0,true_negative,0.35502373636507956,43.0,Female,2015-2016
87235,0,0.0758313760965232,0,true_negative,0.41106554842151,43.0,Male,2015-2016
87237,0,0.2750593382953525,0,true_negative,0.21183758622268067,65.0,Female,2015-2016
87243,0,0.05254284948664123,0,true_negative,0.43435407503139195,33.0,Female,2015-2016
87257,0,0.17104436626763114,0,true_negative,0.31585255825040204,59.0,Female,2015-2016
87264,0,0.24406016395849325,0,true_negative,0.24283676055953993,38.0,Male,2015-2016
87268,0,0.3178774404007597,0,true_negative,0.16901948411727347,56.0,Female,2015-2016
87277,0,0.006820996881869074,0,true_negative,0.48007592763616413,25.0,Female,2015-2016
87310,0,0.020135803717473377,0,true_negative,0.4667611208005598,29.0,Male,2015-2016
87314,0,0.6003969300662296,1,false_positive,0.11350000554819645,67.0,Female,2015-2016
87317,0,0.017088835298297373,0,true_negative,0.4698080892197358,36.0,Female,2015-2016
87329,0,0.09557323609522914,0,true_negative,0.3913236884228041,52.0,Female,2015-2016
87333,0,0.11145548970658235,0,true_negative,0.3754414348114508,40.0,Male,2015-2016
87344,0,0.040557101243991166,0,true_negative,0.44633982327404204,22.0,Male,2015-2016
87346,0,0.16998008848928134,0,true_negative,0.31691683602875187,32.0,Female,2015-2016
87351,0,0.5449990272226293,1,false_positive,0.05810210270459609,38.0,Male,2015-2016
87360,0,0.4338626250589909,0,true_negative,0.053034299459042256,67.0,Female,2015-2016
87362,0,0.050194507999958594,0,true_negative,0.43670241651807457,25.0,Male,2015-2016
87377,0,0.33380600299495206,0,true_negative,0.15309092152308112,54.0,Male,2015-2016
87383,0,0.08848610181456854,0,true_negative,0.3984108227034646,36.0,Male,2015-2016
87388,0,0.30692878039990934,0,true_negative,0.17996814411812384,70.0,Female,2015-2016
87400,0,0.3259485263857164,0,true_negative,0.16094839813231676,56.0,Female,2015-2016
87415,0,0.7138322865136386,1,false_positive,0.22693536199560543,59.0,Male,2015-2016
87416,0,0.18794570421943096,0,true_negative,0.2989512202986022,69.0,Female,2015-2016
87418,0,0.07004992847099525,0,true_negative,0.4168469960470379,31.0,Female,2015-2016
87425,0,0.721040464825197,1,false_positive,0.23414354030716383,79.0,Female,2015-2016
87426,0,0.29182201226636467,0,true_negative,0.1950749122516685,48.0,Male,2015-2016
87427,0,0.10523183535052918,0,true_negative,0.38166508916750397,22.0,Female,2015-2016
87435,0,0.931470676709069,1,false_positive,0.44457375219103584,80.0,Male,2015-2016
87436,0,0.055544551883290307,0,true_negative,0.43135237263474285,36.0,Female,2015-2016
87462,0,0.8071901967864981,1,false_positive,0.3202932722684649,80.0,Female,2015-2016
87470,0,0.1807396532137631,0,true_negative,0.30615727130427006,40.0,Female,2015-2016
87477,1,0.7436208466328889,1,true_positive,0.2567239221148557,59.0,Male,2015-2016
87480,0,0.07552894350204595,0,true_negative,0.41136798101598726,31.0,Female,2015-2016
87482,0,0.04043702203584965,0,true_negative,0.44645990248218353,29.0,Female,2015-2016
87486,0,0.2312328393392901,0,true_negative,0.25566408517874306,46.0,Male,2015-2016
87487,0,0.17415641427320477,0,true_negative,0.3127405102448284,43.0,Female,2015-2016
87488,0,0.25081486998450137,0,true_negative,0.23608205453353182,44.0,Male,2015-2016
87496,0,0.2741851604579064,0,true_negative,0.21271176406012676,58.0,Male,2015-2016
87506,0,0.2617207073922085,0,true_negative,0.2251762171258247,48.0,Male,2015-2016
87510,0,0.02235509966690761,0,true_negative,0.46454182485112555,29.0,Female,2015-2016
87514,0,0.022971423632365668,0,true_negative,0.46392550088566753,23.0,Female,2015-2016
87529,0,0.033244060291647275,0,true_negative,0.4536528642263859,21.0,Male,2015-2016
87531,1,0.9495569979633788,1,true_positive,0.4626600734453456,78.0,Male,2015-2016
87544,0,0.026121738013122286,0,true_negative,0.4607751865049109,28.0,Female,2015-2016
87556,0,0.44936348657438396,0,true_negative,0.03753343794364922,65.0,Male,2015-2016
87577,0,0.16685833517204984,0,true_negative,0.32003858934598334,57.0,Female,2015-2016
87592,0,0.051858421791817357,0,true_negative,0.4350385027262158,38.0,Male,2015-2016
87593,0,0.6417425040642651,1,false_positive,0.15484557954623196,80.0,Male,2015-2016
87600,0,0.03143673875184431,0,true_negative,0.45546018576618885,30.0,Female,2015-2016
87608,0,0.30737133632099833,0,true_negative,0.17952558819703485,53.0,Male,2015-2016
87626,1,0.6354705261212248,1,true_positive,0.1485736016031916,63.0,Male,2015-2016
87645,0,0.14404876710911543,0,true_negative,0.3428481574089177,42.0,Female,2015-2016
87648,0,0.05404403011804259,0,true_negative,0.4328528943999906,39.0,Female,2015-2016
87655,0,0.33153538537596855,0,true_negative,0.15536153914206463,57.0,Male,2015-2016
87661,0,0.17094265967694589,0,true_negative,0.3159542648410873,56.0,Female,2015-2016
87684,0,0.20627828051455438,0,true_negative,0.2806186440034788,44.0,Male,2015-2016
87691,0,0.9238595640965687,1,false_positive,0.4369626395785355,80.0,Male,2015-2016
87694,0,0.014410585562436538,0,true_negative,0.47248633895559666,25.0,Female,2015-2016
87696,1,0.8884203038906097,1,true_positive,0.4015233793725765,66.0,Female,2015-2016
87706,0,0.8546565603981111,1,false_positive,0.36775963588007793,80.0,Female,2015-2016
87712,0,0.07664825822089302,0,true_negative,0.4102486662971402,33.0,Female,2015-2016
87717,0,0.20011558151249012,0,true_negative,0.28678134300554303,59.0,Male,2015-2016
87742,0,0.09018413995261922,0,true_negative,0.396712784565414,41.0,Female,2015-2016
87748,0,0.8903124133668906,1,false_positive,0.4034154888488574,70.0,Male,2015-2016
87756,0,0.1485785734413719,0,true_negative,0.3383183510766613,57.0,Female,2015-2016
87762,0,0.329120784689484,0,true_negative,0.15777613982854916,51.0,Male,2015-2016
87777,0,0.4038752900623486,0,true_negative,0.08302163445568456,67.0,Female,2015-2016
87778,0,0.28326202526227207,0,true_negative,0.20363489925576111,56.0,Female,2015-2016
87788,0,0.03983552129616997,0,true_negative,0.4470614032218632,44.0,Female,2015-2016
87790,0,0.014036774139898907,0,true_negative,0.4728601503781343,24.0,Female,2015-2016
87791,0,0.14795345690600473,0,true_negative,0.3389434676120284,53.0,Male,2015-2016
87805,0,0.08180873281997002,0,true_negative,0.40508819169806315,48.0,Male,2015-2016
87821,0,0.04083946871995174,0,true_negative,0.4460574557980814,20.0,Female,2015-2016
87840,0,0.8297225870713522,1,false_positive,0.342825662553319,80.0,Male,2015-2016
87845,0,0.02578872407131504,0,true_negative,0.46110820044671813,28.0,Female,2015-2016
87849,0,0.05858195675843582,0,true_negative,0.4283149677595974,24.0,Male,2015-2016
87851,0,0.5730951938587916,1,false_positive,0.08619826934075842,72.0,Male,2015-2016
87886,0,0.05066600733355412,0,true_negative,0.43623091718447904,28.0,Male,2015-2016
87905,0,0.26407835994315315,0,true_negative,0.22281856457488003,42.0,Female,2015-2016
87910,0,0.14651471650585457,0,true_negative,0.3403822080121786,50.0,Female,2015-2016
87920,0,0.33214501449538,0,true_negative,0.1547519100226532,75.0,Female,2015-2016
87921,0,0.6710866266803254,1,false_positive,0.1841897021622922,59.0,Male,2015-2016
87923,0,0.3264085005594747,0,true_negative,0.1604884239585585,50.0,Male,2015-2016
87930,0,0.04892951875397765,0,true_negative,0.4379674057640555,27.0,Male,2015-2016
87943,0,0.1076019443106864,0,true_negative,0.37929498020734675,30.0,Male,2015-2016
87947,0,0.06060571101310338,0,true_negative,0.4262912135049298,34.0,Male,2015-2016
87948,0,0.01766514110549015,0,true_negative,0.469231783412543,21.0,Male,2015-2016
87951,0,0.6179383393387791,1,false_positive,0.13104141482074588,70.0,Male,2015-2016
87957,0,0.08086875672199566,0,true_negative,0.4060281677960375,48.0,Female,2015-2016
87959,0,0.06982720766312554,0,true_negative,0.4170697168549076,49.0,Male,2015-2016
87962,0,0.900262749528233,1,false_positive,0.41336582501019986,61.0,Male,2015-2016
87966,0,0.08177342239358586,0,true_negative,0.4051235021244473,27.0,Male,2015-2016
87969,0,0.030294728032431988,0,true_negative,0.4566021964856012,38.0,Female,2015-2016
87974,0,0.07630778775749433,0,true_negative,0.4105891367605389,32.0,Male,2015-2016
87975,0,0.7635921196014701,1,false_positive,0.27669519508343693,70.0,Male,2015-2016
87984,0,0.4355141903922159,0,true_negative,0.051382734125817286,61.0,Female,2015-2016
87985,0,0.26771140898662577,0,true_negative,0.21918551553140742,66.0,Male,2015-2016
87986,0,0.6161872108935913,1,false_positive,0.12929028637555812,72.0,Male,2015-2016
87995,0,0.49408782384376204,1,false_positive,0.007190899325728861,54.0,Female,2015-2016
88000,0,0.17676032081591397,0,true_negative,0.3101366037021192,43.0,Female,2015-2016
88001,0,0.32850785700361695,0,true_negative,0.15838906751441623,63.0,Male,2015-2016
88011,0,0.6363200521218783,1,false_positive,0.14942312760384507,64.0,Female,2015-2016
88022,0,0.34252521638931605,0,true_negative,0.14437170812871714,60.0,Female,2015-2016
88025,0,0.13264370172503587,0,true_negative,0.3542532227929973,43.0,Female,2015-2016
88029,1,0.8678330316396139,1,true_positive,0.3809361071215807,70.0,Male,2015-2016
88047,0,0.03737972813080058,0,true_negative,0.4495171963872326,29.0,Female,2015-2016
88048,0,0.04759231087504777,0,true_negative,0.4393046136429854,31.0,Female,2015-2016
88049,0,0.024384948360747206,0,true_negative,0.46251197615728595,20.0,Female,2015-2016
88055,0,0.06608476298391519,0,true_negative,0.420812161534118,26.0,Female,2015-2016
88056,0,0.008857883160627291,0,true_negative,0.4780390413574059,33.0,Female,2015-2016
88060,0,0.0375542631056123,0,true_negative,0.44934266141242085,23.0,Female,2015-2016
88065,0,0.0236829536240153,0,true_negative,0.4632139708940179,26.0,Female,2015-2016
88069,0,0.8929352825075554,1,false_positive,0.4060383579895222,79.0,Male,2015-2016
88092,0,0.15917678632960305,0,true_negative,0.32772013818843015,40.0,Male,2015-2016
88096,0,0.7530016542256636,1,false_positive,0.2661047297076304,68.0,Male,2015-2016
88103,0,0.3355169304624639,0,true_negative,0.1513799940555693,68.0,Male,2015-2016
88116,0,0.06726973395584433,0,true_negative,0.41962719056218883,41.0,Female,2015-2016
88120,0,0.28451785163770904,0,true_negative,0.20237907288032414,54.0,Male,2015-2016
88126,0,0.06906175522728367,0,true_negative,0.4178351692907495,45.0,Male,2015-2016
88137,0,0.5864587580605787,1,false_positive,0.0995618335425455,66.0,Female,2015-2016
88138,0,0.03047679503568913,0,true_negative,0.45642012948234406,44.0,Female,2015-2016
88146,0,0.043106439535329145,0,true_negative,0.443790484982704,45.0,Male,2015-2016
88148,0,0.5250877788202807,1,false_positive,0.0381908543022475,68.0,Female,2015-2016
88153,0,0.8455920179485564,1,false_positive,0.35869509343052325,80.0,Female,2015-2016
88154,0,0.08424819100933031,0,true_negative,0.4026487335087029,25.0,Male,2015-2016
88164,0,0.19618817658632526,0,true_negative,0.2907087479317079,45.0,Female,2015-2016
88184,0,0.01693212809423751,0,true_negative,0.4699647964237957,23.0,Female,2015-2016
88185,0,0.07577437496529574,0,true_negative,0.4111225495527374,42.0,Female,2015-2016
88194,0,0.8728358342061661,1,false_positive,0.3859389096881329,80.0,Male,2015-2016
88197,0,0.6332293007582225,1,false_positive,0.1463323762401893,80.0,Female,2015-2016
88222,0,0.22437022688406583,0,true_negative,0.26252669763396735,44.0,Male,2015-2016
88238,0,0.28330653471815637,0,true_negative,0.20359038979987681,48.0,Male,2015-2016
88244,0,0.16645635927854713,0,true_negative,0.32044056523948605,57.0,Female,2015-2016
88253,0,0.4358643442466847,0,true_negative,0.05103258027134849,61.0,Male,2015-2016
88258,0,0.4160243825037973,0,true_negative,0.07087254201423587,64.0,Female,2015-2016
88264,0,0.33898695088615755,0,true_negative,0.14790997363187564,63.0,Female,2015-2016
88267,0,0.05262063738776697,0,true_negative,0.4342762871302662,26.0,Male,2015-2016
88285,0,0.6655483711998417,1,false_positive,0.1786514466818085,80.0,Female,2015-2016
88309,0,0.06494479590229495,0,true_negative,0.4219521286157382,36.0,Male,2015-2016
88315,0,0.03531134857692275,0,true_negative,0.45158557594111043,28.0,Female,2015-2016
88317,0,0.055609913518033,0,true_negative,0.43128701100000016,29.0,Male,2015-2016
88318,0,0.026336804971246224,0,true_negative,0.46056011954678694,23.0,Female,2015-2016
88334,0,0.08751027313432957,0,true_negative,0.3993866513837036,39.0,Female,2015-2016
88337,1,0.29645071754249197,0,false_negative,0.1904462069755412,49.0,Male,2015-2016
88343,0,0.06632782156918675,0,true_negative,0.4205691029488464,35.0,Male,2015-2016
88344,0,0.7551648895075453,1,false_positive,0.26826796498951216,80.0,Female,2015-2016
88348,0,0.025564140098239607,0,true_negative,0.4613327844197936,26.0,Female,2015-2016
88351,0,0.7626227806017992,1,false_positive,0.27572585608376604,41.0,Female,2015-2016
88353,0,0.05842083135289729,0,true_negative,0.4284760931651359,34.0,Male,2015-2016
88360,0,0.030231200332373066,0,true_negative,0.4566657241856601,20.0,Female,2015-2016
88366,0,0.04649015461458919,0,true_negative,0.44040676990344396,42.0,Female,2015-2016
88368,0,0.15371250020257862,0,true_negative,0.3331844243154546,51.0,Female,2015-2016
88369,0,0.6308859834222714,1,false_positive,0.14398905890423824,73.0,Female,2015-2016
88376,0,0.1282562643733357,0,true_negative,0.3586406601446975,71.0,Female,2015-2016
88384,0,0.10702708113925624,0,true_negative,0.37986984337877694,37.0,Female,2015-2016
88392,0,0.08271255845583908,0,true_negative,0.4041843660621941,42.0,Female,2015-2016
88395,0,0.4867495028336587,0,true_negative,0.00014742168437448244,65.0,Female,2015-2016
88398,0,0.5609338066483045,1,false_positive,0.07403688213027132,76.0,Male,2015-2016
88400,0,0.2773564498673548,0,true_negative,0.20954047465067838,58.0,Female,2015-2016
88417,0,0.1562926464711192,0,true_negative,0.33060427804691395,59.0,Male,2015-2016
88429,0,0.5479200857888579,1,false_positive,0.06102316127082469,51.0,Male,2015-2016
88432,0,0.05032995641436923,0,true_negative,0.43656696810366397,33.0,Male,2015-2016
88433,0,0.01130773137733319,0,true_negative,0.4755891931407,22.0,Female,2015-2016
88441,1,0.9404635198447142,1,true_positive,0.45356659532668103,76.0,Male,2015-2016
88460,0,0.1246963133279762,0,true_negative,0.362200611190057,46.0,Female,2015-2016
88485,0,0.09885318682800195,0,true_negative,0.3880437376900312,40.0,Female,2015-2016
88496,0,0.09125870358410434,0,true_negative,0.39563822093392886,37.0,Female,2015-2016
88503,0,0.10048739912407921,0,true_negative,0.38640952539395396,48.0,Female,2015-2016
88507,0,0.10438419274006744,0,true_negative,0.38251273177796574,32.0,Female,2015-2016
88514,0,0.6310964549202764,1,false_positive,0.14419953040224326,62.0,Female,2015-2016
88518,0,0.11902758992330602,0,true_negative,0.36786933459472715,56.0,Female,2015-2016
88530,0,0.15699477679913273,0,true_negative,0.3299021477189005,49.0,Female,2015-2016
88542,0,0.015307359468976182,0,true_negative,0.471589565049057,28.0,Female,2015-2016
88549,0,0.23835459339882825,0,true_negative,0.24854233111920493,46.0,Male,2015-2016
88552,0,0.054548942794938195,0,true_negative,0.43234798172309497,42.0,Female,2015-2016
88559,0,0.0981476971397287,0,true_negative,0.3887492273783045,43.0,Male,2015-2016
88575,0,0.1517877129016362,0,true_negative,0.33510921161639695,48.0,Male,2015-2016
88580,0,0.10220115631606765,0,true_negative,0.38469576820196555,27.0,Female,2015-2016
88584,0,0.0904933416683307,0,true_negative,0.39640358284970245,57.0,Male,2015-2016
88590,0,0.250682807199873,0,true_negative,0.23621411731816017,45.0,Male,2015-2016
88607,0,0.010197606961904792,0,true_negative,0.4766993175561284,21.0,Female,2015-2016
88614,0,0.04978420699937213,0,true_negative,0.43711271751866104,35.0,Female,2015-2016
88619,0,0.6266542292699011,1,false_positive,0.13975730475186793,64.0,Female,2015-2016
88627,0,0.0589995380074353,0,true_negative,0.4278973865105979,30.0,Female,2015-2016
88629,0,0.5614757864546538,1,false_positive,0.07457886193662061,70.0,Female,2015-2016
88632,0,0.074815662608279,0,true_negative,0.4120812619097542,42.0,Female,2015-2016
88637,0,0.15928313735105362,0,true_negative,0.32761378716697953,49.0,Male,2015-2016
88640,0,0.3028333080697692,0,true_negative,0.18406361644826397,58.0,Male,2015-2016
88650,0,0.6798322907351235,1,false_positive,0.19293536621709034,80.0,Female,2015-2016
88661,0,0.28440204041428335,0,true_negative,0.20249488410374983,40.0,Male,2015-2016
88673,0,0.03217234394868912,0,true_negative,0.45472458056934406,26.0,Female,2015-2016
88674,0,0.08690185588164853,0,true_negative,0.3999950686363847,27.0,Female,2015-2016
88680,0,0.028259230968562123,0,true_negative,0.45863769354947104,38.0,Female,2015-2016
88691,0,0.03605770763172851,0,true_negative,0.4508392168863047,26.0,Male,2015-2016
88692,0,0.7594297986637067,1,false_positive,0.27253287414567356,71.0,Male,2015-2016
88699,0,0.0609479906585669,0,true_negative,0.4259489338594663,42.0,Female,2015-2016
88702,0,0.039219495149806306,0,true_negative,0.44767742936822685,20.0,Female,2015-2016
88714,0,0.7336619527263307,1,false_positive,0.24676502820829754,60.0,Male,2015-2016
88719,0,0.5069865641003845,1,false_positive,0.02008963958235127,61.0,Male,2015-2016
88724,0,0.34529534525024624,0,true_negative,0.14160157926778694,60.0,Female,2015-2016
88733,0,0.13069303123279255,0,true_negative,0.3562038932852406,50.0,Female,2015-2016
88741,0,0.16730976532174452,0,true_negative,0.31958715919628866,55.0,Male,2015-2016
88742,0,0.07609944865616533,0,true_negative,0.4107974758618679,24.0,Male,2015-2016
88757,0,0.14539871060228846,0,true_negative,0.34149821391574475,54.0,Female,2015-2016
88758,0,0.5179494319566009,1,false_positive,0.031052507438567745,63.0,Female,2015-2016
88766,0,0.0756059403586739,0,true_negative,0.4112909841593593,48.0,Female,2015-2016
88776,0,0.08261882991685042,0,true_negative,0.40427809460118275,42.0,Female,2015-2016
88781,0,0.5883946392918815,1,false_positive,0.10149771477384834,41.0,Male,2015-2016
88787,0,0.2572699937335624,0,true_negative,0.22962693078447077,70.0,Female,2015-2016
88795,0,0.018125062503379342,0,true_negative,0.4687718620146538,30.0,Female,2015-2016
88796,0,0.35786905000421726,0,true_negative,0.12902787451381592,64.0,Female,2015-2016
88809,0,0.060429967849214505,0,true_negative,0.4264669566688187,32.0,Male,2015-2016
88814,0,0.02816952693499827,0,true_negative,0.45872739758303493,30.0,Male,2015-2016
88834,0,0.31534179565282383,0,true_negative,0.17155512886520935,62.0,Female,2015-2016
88841,0,0.17735624828071875,0,true_negative,0.3095406762373144,38.0,Male,2015-2016
88842,0,0.0189665988451033,0,true_negative,0.46793032567292986,26.0,Female,2015-2016
88845,0,0.38132213652338587,0,true_negative,0.10557478799464731,62.0,Female,2015-2016
88855,0,0.31850844146554647,0,true_negative,0.16838848305248671,64.0,Male,2015-2016
88859,0,0.4396353387346555,0,true_negative,0.04726158578337769,50.0,Male,2015-2016
88864,0,0.47501538203606436,0,true_negative,0.011881542481968821,53.0,Male,2015-2016
88867,0,0.0037743197927096587,0,true_negative,0.48312260472532353,28.0,Female,2015-2016
88868,0,0.06170257787312029,0,true_negative,0.4251943466449129,38.0,Female,2015-2016
88871,0,0.3831690786696794,0,true_negative,0.10372784584835376,61.0,Male,2015-2016
88874,1,0.8748869729891838,1,true_positive,0.38799004847115065,64.0,Male,2015-2016
88885,0,0.4019688693562891,0,true_negative,0.08492805516174406,54.0,Male,2015-2016
88891,0,0.10260109820919473,0,true_negative,0.38429582630883846,36.0,Female,2015-2016
88897,0,0.03807364564811092,0,true_negative,0.44882327886992224,31.0,Male,2015-2016
88901,0,0.19727458128059672,0,true_negative,0.28962234323743646,33.0,Male,2015-2016
88919,0,0.6566739580964488,1,false_positive,0.16977703357841561,68.0,Female,2015-2016
88937,0,0.10538603376771975,0,true_negative,0.3815108907503134,48.0,Female,2015-2016
88943,0,0.09325601206331925,0,true_negative,0.39364091245471394,43.0,Male,2015-2016
88949,0,0.1592609431122819,0,true_negative,0.3276359814057513,38.0,Female,2015-2016
88965,0,0.029644154988091954,0,true_negative,0.4572527695299412,22.0,Male,2015-2016
88970,0,0.01574857931234718,0,true_negative,0.471148345205686,23.0,Female,2015-2016
88982,0,0.2064015031956533,0,true_negative,0.28049542132237987,59.0,Female,2015-2016
89005,0,0.3096321505912763,0,true_negative,0.17726477392675688,43.0,Male,2015-2016
89009,0,0.7840156650446964,1,false_positive,0.29711874052666326,71.0,Female,2015-2016
89015,0,0.7897978261818543,1,false_positive,0.30290090166382116,80.0,Male,2015-2016
89019,0,0.03834987541180539,0,true_negative,0.4485470491062278,36.0,Male,2015-2016
89020,0,0.5018536939410466,1,false_positive,0.014956769423013438,57.0,Female,2015-2016
89022,1,0.7328109407647286,1,true_positive,0.24591401624669545,76.0,Male,2015-2016
89025,0,0.19379185690643772,0,true_negative,0.2931050676115955,48.0,Female,2015-2016
89043,0,0.12674608960310668,0,true_negative,0.3601508349149265,49.0,Male,2015-2016
89051,0,0.37373893993352214,0,true_negative,0.11315798458451104,80.0,Female,2015-2016
89067,0,0.05265241443140684,0,true_negative,0.43424451008662635,34.0,Male,2015-2016
89088,0,0.08984127112439935,0,true_negative,0.3970556533936338,36.0,Male,2015-2016
89091,1,0.7836758636793457,1,true_positive,0.29677893916131254,70.0,Male,2015-2016
89093,0,0.36354392659504325,0,true_negative,0.12335299792298993,57.0,Female,2015-2016
89106,0,0.07273928212673508,0,true_negative,0.4141576423912981,44.0,Female,2015-2016
89124,0,0.09954930716205565,0,true_negative,0.38734761735597756,39.0,Male,2015-2016
89126,0,0.03582682658598702,0,true_negative,0.45107009793204617,28.0,Male,2015-2016
89128,0,0.02557751094306801,0,true_negative,0.4613194135749652,28.0,Female,2015-2016
89129,0,0.8198820523352104,1,false_positive,0.3329851278171772,78.0,Female,2015-2016
89130,0,0.2605703218900733,0,true_negative,0.2263266026279599,50.0,Male,2015-2016
89134,0,0.09676779532781432,0,true_negative,0.39012912919021886,37.0,Male,2015-2016
89137,0,0.6287833851841643,1,false_positive,0.14188646066613114,60.0,Male,2015-2016
89160,0,0.023178291742027162,0,true_negative,0.463718632776006,35.0,Female,2015-2016
89161,0,0.4807391548156741,0,true_negative,0.006157769702359095,74.0,Female,2015-2016
89165,0,0.4843928281605782,0,true_negative,0.0025040963574549657,72.0,Female,2015-2016
89173,0,0.5184202176065307,1,false_positive,0.031523293088497495,63.0,Male,2015-2016
89180,0,0.08086260708213402,0,true_negative,0.40603431743589913,32.0,Male,2015-2016
89181,0,0.3078721579325252,0,true_negative,0.17902476658550798,58.0,Male,2015-2016
89185,0,0.08199975010818436,0,true_negative,0.40489717440984885,24.0,Male,2015-2016
89194,0,0.5406028567099744,1,false_positive,0.05370593219194125,49.0,Male,2015-2016
89197,0,0.09874081594794192,0,true_negative,0.38815610857009125,47.0,Female,2015-2016
89214,0,0.22677806253402527,0,true_negative,0.2601188619840079,51.0,Male,2015-2016
89216,0,0.43646991558693937,0,true_negative,0.05042700893109381,70.0,Female,2015-2016
89223,0,0.14205088488026738,0,true_negative,0.34484603963776583,43.0,Female,2015-2016
89231,0,0.31929242732101765,0,true_negative,0.16760449719701553,70.0,Female,2015-2016
89250,0,0.08497968502898283,0,true_negative,0.40191723948905034,56.0,Female,2015-2016
89253,0,0.20523857340871707,0,true_negative,0.28165835110931614,54.0,Female,2015-2016
89255,0,0.09954279617385638,0,true_negative,0.3873541283441768,55.0,Female,2015-2016
89256,0,0.42979715967475485,0,true_negative,0.05709976484327833,35.0,Male,2015-2016
89261,0,0.11653695758783092,0,true_negative,0.37035996693020223,52.0,Female,2015-2016
89275,0,0.9630493254423285,1,false_positive,0.4761524009242953,67.0,Female,2015-2016
89276,0,0.058486074757571165,0,true_negative,0.428410849760462,45.0,Female,2015-2016
89280,0,0.14526220047855273,0,true_negative,0.3416347240394805,57.0,Male,2015-2016
89284,0,0.035345168000554934,0,true_negative,0.45155175651747825,42.0,Female,2015-2016
89288,0,0.07841217408586316,0,true_negative,0.40848475043217003,52.0,Female,2015-2016
89314,0,0.051813833813473445,0,true_negative,0.43508309070455975,39.0,Female,2015-2016
89331,0,0.10324658454481618,0,true_negative,0.383650339973217,35.0,Male,2015-2016
89332,1,0.8989604545194078,1,true_positive,0.4120635300013746,77.0,Female,2015-2016
89340,0,0.027656386564524058,0,true_negative,0.4592405379535091,24.0,Female,2015-2016
89403,1,0.8386831882464735,1,true_positive,0.3517862637284403,74.0,Male,2015-2016
89420,0,0.1453708466007767,0,true_negative,0.3415260779172565,67.0,Female,2015-2016
89437,0,0.8371932868289036,1,false_positive,0.3502963623108704,70.0,Male,2015-2016
89445,0,0.1629298138401396,0,true_negative,0.3239671106778936,32.0,Male,2015-2016
89459,0,0.14385433761643415,0,true_negative,0.34304258690159906,54.0,Male,2015-2016
89462,0,0.04435735919471395,0,true_negative,0.44253956532331923,29.0,Male,2015-2016
89470,0,0.07023113541953883,0,true_negative,0.41666578909849433,46.0,Female,2015-2016
89473,0,0.7555523343111197,1,false_positive,0.2686554097930865,68.0,Female,2015-2016
89477,0,0.032679010455553104,0,true_negative,0.4542179140624801,31.0,Male,2015-2016
89483,0,0.10783864692429908,0,true_negative,0.3790582775937341,56.0,Female,2015-2016
89488,1,0.9373437347262603,1,true_positive,0.45044681020822713,75.0,Male,2015-2016
89493,0,0.05777916297352361,0,true_negative,0.4291177615445096,26.0,Female,2015-2016
89504,0,0.7686807404497695,1,false_positive,0.28178381593173635,80.0,Male,2015-2016
89508,0,0.012380867407786591,0,true_negative,0.4745160571102466,20.0,Female,2015-2016
89511,0,0.31123706929412853,0,true_negative,0.17565985522390465,45.0,Female,2015-2016
89513,0,0.09705319843214737,0,true_negative,0.3898437260858858,49.0,Male,2015-2016
89517,0,0.07148127442275612,0,true_negative,0.41541565009527703,27.0,Male,2015-2016
89518,0,0.6607194381706603,1,false_positive,0.17382251365262708,57.0,Female,2015-2016
89519,0,0.7117926923345229,1,false_positive,0.22489576781648973,65.0,Male,2015-2016
89523,0,0.016142578427237885,0,true_negative,0.4707543460907953,26.0,Female,2015-2016
89529,0,0.021575367839493247,0,true_negative,0.4653215566785399,20.0,Female,2015-2016
89533,0,0.1551112078723794,0,true_negative,0.3317857166456538,38.0,Male,2015-2016
89549,0,0.08556699314698539,0,true_negative,0.4013299313710478,49.0,Male,2015-2016
89566,0,0.6412012202429551,1,false_positive,0.15430429572492194,78.0,Male,2015-2016
89575,0,0.019458976363475534,0,true_negative,0.46743794815455764,25.0,Female,2015-2016
89577,0,0.0815041078836318,0,true_negative,0.4053928166344014,38.0,Male,2015-2016
89578,0,0.07561950025085216,0,true_negative,0.411277424267181,34.0,Male,2015-2016
89579,0,0.0713017216581696,0,true_negative,0.41559520285986357,39.0,Male,2015-2016
89586,0,0.08172207354326816,0,true_negative,0.405174850974765,22.0,Male,2015-2016
89596,0,0.6849286123890352,1,false_positive,0.19803168787100206,80.0,Female,2015-2016
89598,0,0.21224950394020062,0,true_negative,0.27464742057783254,38.0,Male,2015-2016
89606,0,0.08687031543732446,0,true_negative,0.40002660908070875,52.0,Female,2015-2016
89622,0,0.05580911439535234,0,true_negative,0.4310878101226808,46.0,Female,2015-2016
89628,0,0.35648825158745373,0,true_negative,0.13040867293057945,61.0,Female,2015-2016
89635,0,0.2596670831714623,0,true_negative,0.22722984134657087,65.0,Female,2015-2016
89636,0,0.130079596448368,0,true_negative,0.35681732806966515,66.0,Female,2015-2016
89644,0,0.04899910650715243,0,true_negative,0.43789781801088073,39.0,Male,2015-2016
89645,0,0.2007295665852193,0,true_negative,0.2861673579328139,54.0,Female,2015-2016
89648,0,0.22129596014164937,0,true_negative,0.2656009643763838,55.0,Male,2015-2016
89662,0,0.33483284180886647,0,true_negative,0.15206408270916671,59.0,Male,2015-2016
89672,0,0.02899810009838042,0,true_negative,0.45789882441965274,20.0,Male,2015-2016
89674,0,0.0886660665575552,0,true_negative,0.39823085796047797,31.0,Male,2015-2016
89677,0,0.3619376937651055,0,true_negative,0.1249592307529277,60.0,Male,2015-2016
89684,0,0.07025960783917512,0,true_negative,0.41663731667885806,42.0,Female,2015-2016
89692,0,0.32100821256017137,0,true_negative,0.1658887119578618,64.0,Female,2015-2016
89698,0,0.7677901769408926,1,false_positive,0.2808932524228594,80.0,Female,2015-2016
89703,0,0.39621979517830364,0,true_negative,0.09067712933972955,67.0,Female,2015-2016
89719,0,0.05880639149606989,0,true_negative,0.4280905330219633,34.0,Male,2015-2016
89737,0,0.06668858841366682,0,true_negative,0.42020833610436636,46.0,Female,2015-2016
89742,0,0.5846346446167888,1,false_positive,0.09773772009875564,45.0,Male,2015-2016
89752,0,0.008339039285824608,0,true_negative,0.47855788523220855,27.0,Female,2015-2016
89835,0,0.6968290823697717,1,false_positive,0.20993215785173852,75.0,Female,2015-2016
89842,0,0.038363241477960545,0,true_negative,0.44853368304007263,28.0,Male,2015-2016
89845,0,0.5470055229308696,1,false_positive,0.06010859841283639,63.0,Male,2015-2016
89849,1,0.562298612500495,1,true_positive,0.07540168798246177,67.0,Female,2015-2016
89854,0,0.07816921174094406,0,true_negative,0.40872771277708914,37.0,Female,2015-2016
89864,0,0.05298684538661789,0,true_negative,0.43391007913141527,20.0,Male,2015-2016
89881,0,0.03143712301665226,0,true_negative,0.45545980150138093,30.0,Female,2015-2016
89883,0,0.7924121624824811,1,false_positive,0.30551523796444796,72.0,Male,2015-2016
89884,0,0.8384042675361546,1,false_positive,0.3515073430181214,76.0,Female,2015-2016
89886,0,0.06241910954409353,0,true_negative,0.42447781497393966,38.0,Female,2015-2016
89897,0,0.657538935853601,1,false_positive,0.17064201133556783,80.0,Female,2015-2016
89898,0,0.03818427600458985,0,true_negative,0.44871264851344334,26.0,Male,2015-2016
89902,1,0.8804631254135687,1,true_positive,0.39356620089553557,73.0,Male,2015-2016
89905,0,0.24617288766963988,0,true_negative,0.2407240368483933,60.0,Female,2015-2016
89911,0,0.034772573033787474,0,true_negative,0.4521243514842457,32.0,Female,2015-2016
89918,0,0.10748335611210225,0,true_negative,0.37941356840593093,42.0,Male,2015-2016
89919,0,0.03427930865305267,0,true_negative,0.4526176158649805,40.0,Female,2015-2016
89933,0,0.04192102327483558,0,true_negative,0.4449759012431976,31.0,Male,2015-2016
89948,0,0.48834860460897955,1,false_positive,0.0014516800909463723,61.0,Male,2015-2016
89953,0,0.5271976853467542,1,false_positive,0.04030076082872097,65.0,Female,2015-2016
89957,0,0.06261214694779446,0,true_negative,0.42428477757023875,33.0,Female,2015-2016
89959,0,0.08330290726215993,0,true_negative,0.40359401725587324,32.0,Female,2015-2016
89966,0,0.5608678170717317,1,false_positive,0.07397089255369854,69.0,Female,2015-2016
89967,0,0.09858370644567789,0,true_negative,0.3883132180723553,51.0,Male,2015-2016
89970,0,0.26904474586587035,0,true_negative,0.21785217865216283,47.0,Female,2015-2016
89975,0,0.07108417697142444,0,true_negative,0.41581274754660874,26.0,Male,2015-2016
89977,0,0.5683451506434651,1,false_positive,0.08144822612543196,67.0,Female,2015-2016
89980,0,0.10144918108902984,0,true_negative,0.38544774342900334,33.0,Female,2015-2016
89987,0,0.5385505995488864,1,false_positive,0.05165367503085322,69.0,Female,2015-2016
89991,0,0.10728293660143813,0,true_negative,0.37961398791659506,26.0,Male,2015-2016
89993,0,0.16302849585510076,0,true_negative,0.3238684286629324,51.0,Female,2015-2016
89994,0,0.07549403296179284,0,true_negative,0.4114028915562403,45.0,Female,2015-2016
90014,0,0.1313871485919715,0,true_negative,0.3555097759260617,50.0,Female,2015-2016
90016,0,0.14082597389965446,0,true_negative,0.3460709506183787,35.0,Male,2015-2016
90017,0,0.1895976730744028,0,true_negative,0.29729925144363034,43.0,Male,2015-2016
90029,0,0.3647800570120592,0,true_negative,0.122116867505974,52.0,Male,2015-2016
90052,0,0.47994741901500887,0,true_negative,0.006949505503024311,73.0,Female,2015-2016
90055,0,0.6824729258023786,1,false_positive,0.19557600128434544,77.0,Female,2015-2016
90057,1,0.8441066257458903,1,true_positive,0.35720970122785717,68.0,Male,2015-2016
90060,0,0.5415582097796835,1,false_positive,0.054661285261650316,73.0,Male,2015-2016
90067,0,0.12557270552936675,0,true_negative,0.3613242189886664,62.0,Female,2015-2016
90073,0,0.454727094483825,0,true_negative,0.0321698300342082,52.0,Female,2015-2016
90074,0,0.10310975304736779,0,true_negative,0.3837871714706654,42.0,Female,2015-2016
90076,0,0.7685263079679683,1,false_positive,0.2816293834499351,79.0,Female,2015-2016
90078,0,0.7715079701660957,1,false_positive,0.28461104564806256,76.0,Male,2015-2016
90079,1,0.6859484385450463,1,true_positive,0.1990515140270131,80.0,Male,2015-2016
90088,0,0.7196678589968466,1,false_positive,0.23277093447881342,60.0,Male,2015-2016
90089,0,0.07247136631678722,0,true_negative,0.41442555820124594,31.0,Male,2015-2016
90096,0,0.17492038571016225,0,true_negative,0.3119765388078709,51.0,Male,2015-2016
90098,0,0.20599225924832498,0,true_negative,0.2809046652697082,50.0,Male,2015-2016
90106,0,0.4863167165043196,0,true_negative,0.0005802080137135568,52.0,Female,2015-2016
90117,0,0.6894020070250588,1,false_positive,0.20250508250702565,79.0,Female,2015-2016
90122,0,0.04797963412738444,0,true_negative,0.43891729039064875,33.0,Male,2015-2016
90124,0,0.031363809927049235,0,true_negative,0.45553311459098395,29.0,Male,2015-2016
90140,0,0.9037512127455698,1,false_positive,0.4168542882275366,80.0,Female,2015-2016
90143,0,0.03151729254713828,0,true_negative,0.4553796319708949,24.0,Male,2015-2016
90144,0,0.4437812635519329,0,true_negative,0.043115660966100255,72.0,Male,2015-2016
90148,0,0.362507253683048,0,true_negative,0.1243896708349852,60.0,Male,2015-2016
90154,0,0.4660141821206134,0,true_negative,0.020882742397419773,61.0,Male,2015-2016
90181,0,0.07576215992005973,0,true_negative,0.41113476459797343,55.0,Female,2015-2016
90184,0,0.20140287663135986,0,true_negative,0.2854940478866733,36.0,Female,2015-2016
90185,0,0.09737471496311874,0,true_negative,0.38952220955491446,46.0,Female,2015-2016
90186,0,0.05496404399538213,0,true_negative,0.43193288052265105,48.0,Female,2015-2016
90187,0,0.15710869065339142,0,true_negative,0.32978823386464173,51.0,Female,2015-2016
90195,0,0.6694231146178307,1,false_positive,0.18252619009979748,74.0,Female,2015-2016
90214,0,0.2865459441815638,0,true_negative,0.20035098033646936,65.0,Female,2015-2016
90230,0,0.5301693133140334,1,false_positive,0.043272388796000205,48.0,Male,2015-2016
90248,0,0.7095753237460688,1,false_positive,0.22267839922803562,80.0,Female,2015-2016
90250,0,0.012186158576412014,0,true_negative,0.47471076594162115,23.0,Female,2015-2016
90258,0,0.8346347995892412,1,false_positive,0.34773787507120807,79.0,Male,2015-2016
90261,0,0.04286729826590188,0,true_negative,0.44402962625213127,24.0,Male,2015-2016
90268,0,0.03790760750414798,0,true_negative,0.4489893170138852,22.0,Female,2015-2016
90282,0,0.27661190480784553,0,true_negative,0.21028501971018765,49.0,Female,2015-2016
90293,0,0.15383335813538926,0,true_negative,0.3330635663826439,48.0,Female,2015-2016
90297,0,0.028557861338465707,0,true_negative,0.45833906317956746,21.0,Female,2015-2016
90299,0,0.3321413126629765,0,true_negative,0.1547556118550567,54.0,Male,2015-2016
90301,1,0.7395441989930736,1,true_positive,0.2526472744750404,65.0,Female,2015-2016
90304,0,0.3869713240966013,0,true_negative,0.09992560042143189,66.0,Male,2015-2016
90308,0,0.4121265345944966,0,true_negative,0.07477038992353657,61.0,Female,2015-2016
90321,0,0.14728629614023211,0,true_negative,0.3396106283778011,44.0,Female,2015-2016
90324,0,0.06455487304592226,0,true_negative,0.4223420514721109,25.0,Male,2015-2016
90335,0,0.20581232010184386,0,true_negative,0.2810846044161893,52.0,Female,2015-2016
90337,0,0.2467179451169147,0,true_negative,0.2401789794011185,61.0,Female,2015-2016
90347,0,0.20749323317373172,0,true_negative,0.27940369134430143,65.0,Female,2015-2016
90354,0,0.045403180910083746,0,true_negative,0.44149374360794946,43.0,Female,2015-2016
90361,0,0.09223440554563685,0,true_negative,0.39466251897239635,22.0,Female,2015-2016
90363,0,0.7932268326595808,1,false_positive,0.30632990814154765,80.0,Female,2015-2016
90370,0,0.3135970682941817,0,true_negative,0.17329985622385147,51.0,Male,2015-2016
90380,0,0.012435007269734745,0,true_negative,0.47446191724829845,22.0,Male,2015-2016
90391,0,0.21781020272447094,0,true_negative,0.26908672179356224,42.0,Male,2015-2016
90396,0,0.1752623483823994,0,true_negative,0.3116345761356338,48.0,Male,2015-2016
90398,0,0.021032077160409307,0,true_negative,0.4658648473576239,23.0,Female,2015-2016
90399,0,0.15317912479320506,0,true_negative,0.3337177997248281,62.0,Female,2015-2016
90404,0,0.3699536522287829,0,true_negative,0.11694327228925028,58.0,Male,2015-2016
90417,1,0.8580800522351203,1,true_positive,0.3711831277170871,76.0,Female,2015-2016
90419,0,0.9398696203626835,1,false_positive,0.45297269584465033,80.0,Male,2015-2016
90429,0,0.052780426236396505,0,true_negative,0.4341164982816367,35.0,Male,2015-2016
90436,0,0.8161841879618854,1,false_positive,0.32928726344385223,59.0,Male,2015-2016
90444,0,0.318834919039818,0,true_negative,0.1680620054782152,62.0,Female,2015-2016
90452,0,0.5474284018725184,1,false_positive,0.06053147735448522,64.0,Male,2015-2016
90456,0,0.5928563996483055,1,false_positive,0.10595947513027232,76.0,Female,2015-2016
90486,0,0.7650623277645111,1,false_positive,0.2781654032464779,80.0,Male,2015-2016
90500,0,0.5505074070667606,1,false_positive,0.06361048254872742,72.0,Female,2015-2016
90507,0,0.6955148240845297,1,false_positive,0.2086178995664965,77.0,Female,2015-2016
90511,0,0.7601460670751304,1,false_positive,0.27324914255709726,60.0,Male,2015-2016
90525,0,0.2729335242377349,0,true_negative,0.21396340028029825,60.0,Female,2015-2016
90527,0,0.354297051126109,0,true_negative,0.1325998733919242,38.0,Female,2015-2016
90528,0,0.11533501637378478,0,true_negative,0.3715619081442484,40.0,Female,2015-2016
90533,0,0.15046640441487205,0,true_negative,0.3364305201031611,34.0,Female,2015-2016
90545,0,0.5676260334123553,1,false_positive,0.08072910889432211,80.0,Male,2015-2016
90563,1,0.8415908289950758,1,true_positive,0.3546939044770426,80.0,Female,2015-2016
90569,0,0.026263032740170195,0,true_negative,0.46063389177786296,36.0,Female,2015-2016
90572,0,0.18126894431866195,0,true_negative,0.3056279801993712,39.0,Male,2015-2016
90577,0,0.2896513985685016,0,true_negative,0.1972455259495316,75.0,Female,2015-2016
90583,0,0.09923532415277384,0,true_negative,0.3876616003652593,41.0,Male,2015-2016
90591,0,0.05008055816241621,0,true_negative,0.436816366355617,20.0,Male,2015-2016
90594,0,0.28155461459750314,0,true_negative,0.20534230992053004,63.0,Male,2015-2016
90599,0,0.05674473968848996,0,true_negative,0.4301521848295432,40.0,Female,2015-2016
90609,0,0.4348245741952777,0,true_negative,0.05207235032275548,49.0,Female,2015-2016
90610,0,0.24621406235476068,0,true_negative,0.2406828621632725,43.0,Female,2015-2016
90613,0,0.296434566270689,0,true_negative,0.1904623582473442,57.0,Male,2015-2016
90614,0,0.06964861020973984,0,true_negative,0.41724831430829334,23.0,Female,2015-2016
90617,0,0.4667654375000015,0,true_negative,0.02013148701803169,65.0,Female,2015-2016
90618,0,0.03992308392933371,0,true_negative,0.4469738405886995,34.0,Female,2015-2016
90625,0,0.06727763533681706,0,true_negative,0.4196192891812161,31.0,Male,2015-2016
90631,0,0.017890904364445438,0,true_negative,0.4690060201535877,28.0,Male,2015-2016
90640,0,0.11544618258905243,0,true_negative,0.37145074192898075,41.0,Female,2015-2016
90645,0,0.38288017918577893,0,true_negative,0.10401674533225425,57.0,Male,2015-2016
90652,0,0.47156492576389497,0,true_negative,0.01533199875413821,70.0,Female,2015-2016
90655,0,0.6693431960965158,1,false_positive,0.18244627157848264,72.0,Female,2015-2016
90656,0,0.11919995896348916,0,true_negative,0.367696965554544,34.0,Male,2015-2016
90666,0,0.33390813132749003,0,true_negative,0.15298879319054315,68.0,Male,2015-2016
90670,0,0.112571352964992,0,true_negative,0.3743255715530412,34.0,Female,2015-2016
90673,0,0.1011443214447878,0,true_negative,0.3857526030732454,53.0,Male,2015-2016
90694,0,0.8713180273061158,1,false_positive,0.38442110278808267,61.0,Male,2015-2016
90701,1,0.3909939324269826,0,false_negative,0.09590299209105058,57.0,Female,2015-2016
90702,0,0.2147196761123784,0,true_negative,0.27217724840565477,49.0,Male,2015-2016
90715,0,0.17422317371118545,0,true_negative,0.31267375080684773,20.0,Male,2015-2016
90718,0,0.025345993000729733,0,true_negative,0.4615509315173034,31.0,Female,2015-2016
90720,0,0.053793527088165836,0,true_negative,0.43310339742986736,44.0,Female,2015-2016
90721,0,0.10924821107563698,0,true_negative,0.3776487134423962,43.0,Female,2015-2016
90745,0,0.07723299092525601,0,true_negative,0.4096639335927772,32.0,Female,2015-2016
90793,0,0.18987599913031375,0,true_negative,0.2970209253877194,53.0,Female,2015-2016
90796,0,0.06483918330068483,0,true_negative,0.42205774121734835,28.0,Male,2015-2016
90803,0,0.05952011066447025,0,true_negative,0.4273768138535629,25.0,Male,2015-2016
90818,0,0.03699438415086095,0,true_negative,0.44990254036717225,22.0,Male,2015-2016
90831,0,0.964491847933926,1,false_positive,0.47759492341589277,80.0,Male,2015-2016
90845,0,0.06270568505831882,0,true_negative,0.4241912394597144,22.0,Male,2015-2016
90846,0,0.07223557194989429,0,true_negative,0.4146613525681389,48.0,Female,2015-2016
90848,0,0.4755389595272154,0,true_negative,0.01135796499081776,45.0,Male,2015-2016
90849,0,0.4558559657529862,0,true_negative,0.031040958765046978,60.0,Male,2015-2016
90852,0,0.09405638357421406,0,true_negative,0.39284054094381915,34.0,Female,2015-2016
90878,0,0.7649985695747925,1,false_positive,0.27810164505675933,64.0,Male,2015-2016
90889,0,0.09979061156692268,0,true_negative,0.38710631295111053,47.0,Female,2015-2016
90895,0,0.052633237357182755,0,true_negative,0.4342636871608504,49.0,Female,2015-2016
90900,0,0.38262834001841595,0,true_negative,0.10426858449961723,73.0,Female,2015-2016
90904,0,0.19386761442797176,0,true_negative,0.2930293100900614,39.0,Male,2015-2016
90913,0,0.007610500024729054,0,true_negative,0.4792864244933041,25.0,Male,2015-2016
90914,0,0.02322008345783854,0,true_negative,0.46367684106019463,23.0,Female,2015-2016
90925,0,0.011019837054470544,0,true_negative,0.4758770874635626,23.0,Female,2015-2016
90938,0,0.7927811341624666,1,false_positive,0.30588420964443347,55.0,Male,2015-2016
90951,0,0.034424730617021684,0,true_negative,0.4524721939010115,36.0,Male,2015-2016
90970,0,0.16845967631095482,0,true_negative,0.31843724820707836,46.0,Female,2015-2016
90982,0,0.6005343867904569,1,false_positive,0.11363746227242372,62.0,Female,2015-2016
90983,0,0.08060778344378494,0,true_negative,0.40628914107424824,37.0,Female,2015-2016
90986,0,0.8729220051628419,1,false_positive,0.3860250806448087,74.0,Female,2015-2016
90993,0,0.2742309115052665,0,true_negative,0.21266601301276666,59.0,Male,2015-2016
91026,0,0.22698426264756136,0,true_negative,0.2599126618704718,45.0,Female,2015-2016
91042,0,0.054405819252472315,0,true_negative,0.4324911052655609,38.0,Male,2015-2016
91064,0,0.04486107770748959,0,true_negative,0.4420358468105436,58.0,Female,2015-2016
91066,0,0.0531988887322967,0,true_negative,0.43369803578573646,45.0,Male,2015-2016
91074,0,0.03468363223345798,0,true_negative,0.4522132922845752,24.0,Female,2015-2016
91078,0,0.14628820651535632,0,true_negative,0.3406087180026769,36.0,Female,2015-2016
91087,0,0.7259275098644205,1,false_positive,0.23903058534638727,77.0,Male,2015-2016
91111,0,0.19002820980093513,0,true_negative,0.2968687147170981,46.0,Female,2015-2016
91112,0,0.10452910054936539,0,true_negative,0.3823678239686678,39.0,Female,2015-2016
91113,0,0.029092699681134506,0,true_negative,0.4578042248368987,31.0,Female,2015-2016
91128,0,0.038380043659996886,0,true_negative,0.4485168808580363,54.0,Female,2015-2016
91130,0,0.6296367419372854,1,false_positive,0.14273981741925218,60.0,Male,2015-2016
91133,0,0.038578510301739824,0,true_negative,0.44831841421629337,24.0,Female,2015-2016
91135,0,0.050411710127076834,0,true_negative,0.43648521439095633,54.0,Female,2015-2016
91137,0,0.6971590919165788,1,false_positive,0.21026216739854559,74.0,Male,2015-2016
91139,0,0.04289681032944395,0,true_negative,0.4440001141885892,32.0,Female,2015-2016
91155,0,0.15021263286149483,0,true_negative,0.33668429165653835,44.0,Female,2015-2016
91156,0,0.02166141731122791,0,true_negative,0.4652355072068053,29.0,Female,2015-2016
91159,0,0.11281978058178692,0,true_negative,0.37407714393624625,51.0,Male,2015-2016
91161,0,0.013321431685657914,0,true_negative,0.47357549283237527,28.0,Female,2015-2016
91163,0,0.02870489623299994,0,true_negative,0.45819202828503325,28.0,Female,2015-2016
91171,0,0.8400370709794523,1,false_positive,0.35314014646141917,80.0,Female,2015-2016
91177,0,0.22085895238146863,0,true_negative,0.26603797213656455,52.0,Male,2015-2016
91182,0,0.03587654333551103,0,true_negative,0.45102038118252213,29.0,Male,2015-2016
91183,0,0.11796559509032294,0,true_negative,0.36893132942771023,46.0,Male,2015-2016
91196,0,0.243058989205294,0,true_negative,0.24383793531273917,59.0,Female,2015-2016
91206,0,0.06854528244280966,0,true_negative,0.4183516420752235,38.0,Male,2015-2016
91216,0,0.027051128530956214,0,true_negative,0.459845795987077,29.0,Female,2015-2016
91217,0,0.30354527184089247,0,true_negative,0.1833516526771407,54.0,Male,2015-2016
91225,0,0.17491288716163977,0,true_negative,0.3119840373563934,43.0,Male,2015-2016
91247,0,0.04927960093771988,0,true_negative,0.4376173235803133,51.0,Female,2015-2016
91251,0,0.15781753721331498,0,true_negative,0.3290793873047182,43.0,Male,2015-2016
91266,0,0.17741124568692196,0,true_negative,0.3094856788311112,60.0,Male,2015-2016
91272,0,0.5035227368757829,1,false_positive,0.01662581235774968,80.0,Female,2015-2016
91288,0,0.18247787565789592,0,true_negative,0.30441904886013726,44.0,Male,2015-2016
91290,0,0.0845166716027531,0,true_negative,0.40238025291528007,39.0,Female,2015-2016
91305,0,0.05111840884986554,0,true_negative,0.4357785156681676,22.0,Female,2015-2016
91336,0,0.09912258352159982,0,true_negative,0.3877743409964334,25.0,Female,2015-2016
91338,0,0.11468817972966866,0,true_negative,0.3722087447883645,40.0,Female,2015-2016
91354,0,0.5413082505344649,1,false_positive,0.05441132601643167,52.0,Male,2015-2016
91358,0,0.2684615010723566,0,true_negative,0.21843542344567657,43.0,Female,2015-2016
91361,0,0.13374751689579967,0,true_negative,0.3531494076222335,41.0,Male,2015-2016
91363,0,0.048593188084985216,0,true_negative,0.438303736433048,40.0,Female,2015-2016
91364,0,0.04487523986223845,0,true_negative,0.4420216846557947,41.0,Male,2015-2016
91384,0,0.209147028615104,0,true_negative,0.2777498959029292,46.0,Male,2015-2016
91393,0,0.10878827194067557,0,true_negative,0.3781086525773576,31.0,Male,2015-2016
91408,0,0.47659028502274114,0,true_negative,0.010306639495292036,60.0,Female,2015-2016
91427,0,0.07150189044650071,0,true_negative,0.41539503407153244,36.0,Male,2015-2016
91428,0,0.0458593052242353,0,true_negative,0.44103761929379787,22.0,Male,2015-2016
91433,0,0.16619028722461573,0,true_negative,0.3207066372934174,64.0,Female,2015-2016
91445,0,0.01655261971945982,0,true_negative,0.47034430479857336,25.0,Female,2015-2016
91449,0,0.11244627301508857,0,true_negative,0.3744506515029446,50.0,Female,2015-2016
91450,0,0.9046183623408866,1,false_positive,0.41772143782285337,65.0,Male,2015-2016
91451,0,0.16419943598780656,0,true_negative,0.3226974885302266,20.0,Male,2015-2016
91454,0,0.31661553669204084,0,true_negative,0.17028138782599234,68.0,Female,2015-2016
91461,0,0.41286896077677815,0,true_negative,0.07402796374125503,68.0,Male,2015-2016
91468,0,0.29081967912594464,0,true_negative,0.19607724539208854,52.0,Male,2015-2016
91475,0,0.11261539756563341,0,true_negative,0.3742815269523998,24.0,Female,2015-2016
91477,0,0.08307417129960433,0,true_negative,0.40382275321842886,35.0,Female,2015-2016
91481,1,0.8508396232510789,1,true_positive,0.3639426987330457,80.0,Male,2015-2016
91485,0,0.006322108527226734,0,true_negative,0.4805748159908064,24.0,Female,2015-2016
91487,0,0.04585249333294703,0,true_negative,0.4410444311850861,37.0,Female,2015-2016
91492,0,0.26903020236245445,0,true_negative,0.21786672215557873,70.0,Female,2015-2016
91493,0,0.3761921708959527,0,true_negative,0.11070475362208049,62.0,Female,2015-2016
91495,0,0.6507996009764963,1,false_positive,0.16390267645846307,55.0,Male,2015-2016
91502,0,0.1180395918951376,0,true_negative,0.36885733262289555,36.0,Male,2015-2016
91504,0,0.04673573196705561,0,true_negative,0.4401611925509776,21.0,Male,2015-2016
91507,0,0.31520248222293373,0,true_negative,0.17169444229509945,53.0,Female,2015-2016
91516,0,0.8484488473504874,1,false_positive,0.36155192283245424,80.0,Female,2015-2016
91530,0,0.015228745094305331,0,true_negative,0.47166817942372785,26.0,Female,2015-2016
91532,0,0.03126774982113438,0,true_negative,0.4556291746968988,22.0,Male,2015-2016
91549,0,0.170090434081815,0,true_negative,0.31680649043621817,46.0,Male,2015-2016
91552,0,0.2045092398919906,0,true_negative,0.2823876846260426,43.0,Male,2015-2016
91562,0,0.04668603117864735,0,true_negative,0.44021089333938584,41.0,Male,2015-2016
91563,1,0.9370569723381883,1,true_positive,0.4501600478201551,80.0,Male,2015-2016
91564,0,0.2416914207437838,0,true_negative,0.24520550377424938,59.0,Male,2015-2016
91572,0,0.5609494728271218,1,false_positive,0.07405254830908864,80.0,Female,2015-2016
91581,0,0.023328013216348073,0,true_negative,0.4635689113016851,35.0,Female,2015-2016
91622,0,0.11944087337171762,0,true_negative,0.3674560511463156,34.0,Female,2015-2016
91632,1,0.7645358747586735,1,true_positive,0.2776389502406403,60.0,Male,2015-2016
91633,0,0.027353677195255745,0,true_negative,0.45954324732277746,42.0,Female,2015-2016
91638,0,0.29998180690832044,0,true_negative,0.18691511760971274,47.0,Male,2015-2016
91654,0,0.8918054791912489,1,false_positive,0.4049085546732157,71.0,Male,2015-2016
91663,0,0.1432323608229412,0,true_negative,0.343664563695092,46.0,Female,2015-2016
91673,0,0.7679003353776558,1,false_positive,0.2810034108596226,79.0,Male,2015-2016
91683,0,0.31111516725215066,0,true_negative,0.17578175726588252,59.0,Female,2015-2016
91711,0,0.13511529569072664,0,true_negative,0.35178162882730657,34.0,Female,2015-2016
91712,0,0.14991013297404246,0,true_negative,0.3369867915439907,35.0,Male,2015-2016
91713,1,0.9852461673108882,1,true_positive,0.49834924279285503,80.0,Male,2015-2016
91714,0,0.017684445676688584,0,true_negative,0.4692124788413446,35.0,Female,2015-2016
91715,1,0.7532149309765415,1,true_positive,0.2663180064585083,73.0,Male,2015-2016
91717,0,0.34743769484082854,0,true_negative,0.13945922967720464,55.0,Female,2015-2016
91718,0,0.18196521208766478,0,true_negative,0.30493171243036843,58.0,Female,2015-2016
91721,0,0.04571874044166169,0,true_negative,0.4411781840763715,26.0,Female,2015-2016
91723,0,0.05440610818217242,0,true_negative,0.4324908163358608,48.0,Female,2015-2016
91737,0,0.8615551662890073,1,false_positive,0.3746582417709741,80.0,Female,2015-2016
91739,0,0.6977190253680619,1,false_positive,0.21082210085002867,70.0,Male,2015-2016
91747,0,0.6353131005677469,1,false_positive,0.14841617604971374,66.0,Male,2015-2016
91753,0,0.09111141278550035,0,true_negative,0.39578551173253285,48.0,Female,2015-2016
91758,0,0.21465566373368952,0,true_negative,0.27224126078434363,62.0,Female,2015-2016
91771,0,0.09803453176433304,0,true_negative,0.38886239275370016,39.0,Female,2015-2016
91772,0,0.15156417209680795,0,true_negative,0.33533275242122523,48.0,Male,2015-2016
91775,0,0.030028669286198528,0,true_negative,0.45686825523183466,30.0,Female,2015-2016
91776,0,0.7621364065693815,1,false_positive,0.27523948205134835,80.0,Male,2015-2016
91790,0,0.018801238416515143,0,true_negative,0.468095686101518,23.0,Female,2015-2016
91792,0,0.4487425591326303,0,true_negative,0.0381543653854029,68.0,Female,2015-2016
91793,0,0.13201624268210826,0,true_negative,0.3548806818359249,44.0,Female,2015-2016
91794,0,0.02230466371210916,0,true_negative,0.46459226080592403,25.0,Female,2015-2016
91799,0,0.8499173585336591,1,false_positive,0.36302043401562595,66.0,Male,2015-2016
91804,0,0.13272469112852558,0,true_negative,0.3541722333895076,45.0,Female,2015-2016
91816,0,0.04357602667178166,0,true_negative,0.4433208978462515,29.0,Male,2015-2016
91820,1,0.8707021670077155,1,true_positive,0.38380524248968234,80.0,Male,2015-2016
91824,0,0.23598635742785862,0,true_negative,0.25091056709017456,60.0,Female,2015-2016
91826,0,0.24005015428947457,0,true_negative,0.2468467702285586,42.0,Female,2015-2016
91833,0,0.0163035166391131,0,true_negative,0.47059340787892007,27.0,Female,2015-2016
91837,0,0.4810780727192976,0,true_negative,0.0058188517987355914,72.0,Male,2015-2016
91839,0,0.11687296577497783,0,true_negative,0.3700239587430554,35.0,Female,2015-2016
91849,0,0.07271794424585919,0,true_negative,0.414178980272174,41.0,Male,2015-2016
91852,0,0.02861289539245175,0,true_negative,0.4582840291255814,24.0,Female,2015-2016
91861,0,0.12191893480614385,0,true_negative,0.36497798971188933,46.0,Male,2015-2016
91869,0,0.026415283829330023,0,true_negative,0.4604816406887032,25.0,Female,2015-2016
91876,0,0.0512128698099226,0,true_negative,0.43568405470811056,33.0,Female,2015-2016
91887,0,0.019256272600045338,0,true_negative,0.46764065191798787,28.0,Female,2015-2016
91890,0,0.7596229773095383,1,false_positive,0.27272605279150514,60.0,Male,2015-2016
91893,0,0.20543799371377988,0,true_negative,0.2814589308042533,33.0,Female,2015-2016
91911,0,0.09412012129157896,0,true_negative,0.39277680322645425,51.0,Female,2015-2016
91915,0,0.6306810819813697,1,false_positive,0.14378415746333656,67.0,Male,2015-2016
91938,0,0.025552702647373804,0,true_negative,0.4613442218706594,32.0,Female,2015-2016
91944,0,0.0600415033894754,0,true_negative,0.4268554211285578,31.0,Male,2015-2016
91970,0,0.22200076305574323,0,true_negative,0.26489616146228995,59.0,Male,2015-2016
91978,0,0.017603169091168516,0,true_negative,0.4692937554268647,22.0,Male,2015-2016
91994,0,0.04408806530791644,0,true_negative,0.44280885921011676,30.0,Male,2015-2016
92000,0,0.06253068324946329,0,true_negative,0.4243662412685699,34.0,Male,2015-2016
92001,0,0.75602238604494,1,false_positive,0.2691254615269068,65.0,Female,2015-2016
92003,0,0.10102736016500652,0,true_negative,0.38586956435302666,31.0,Male,2015-2016
92021,0,0.3050728681564529,0,true_negative,0.18182405636158028,75.0,Female,2015-2016
92025,0,0.058659807602489684,0,true_negative,0.4282371169155435,22.0,Male,2015-2016
92026,0,0.010396611978924202,0,true_negative,0.47650031253910896,42.0,Female,2015-2016
92027,0,0.5188434885259687,1,false_positive,0.03194656400793555,65.0,Female,2015-2016
92030,0,0.4547701246233295,0,true_negative,0.032126799894703684,78.0,Female,2015-2016
92037,0,0.012547321128496018,0,true_negative,0.4743496033895372,26.0,Female,2015-2016
92044,0,0.09080740648574746,0,true_negative,0.3960895180322857,21.0,Male,2015-2016
92045,0,0.1884447236332368,0,true_negative,0.2984522008847964,40.0,Male,2015-2016
92058,0,0.37781176878551215,0,true_negative,0.10908515573252103,65.0,Male,2015-2016
92060,0,0.6818071264126948,1,false_positive,0.19491020189466163,65.0,Male,2015-2016
92065,0,0.25839271729573826,0,true_negative,0.22850420722229492,47.0,Female,2015-2016
92081,0,0.06492277330310353,0,true_negative,0.42197415121492965,49.0,Female,2015-2016
92089,0,0.3819435094445137,0,true_negative,0.10495341507351946,61.0,Female,2015-2016
92098,0,0.5540595712712733,1,false_positive,0.06716264675324007,63.0,Male,2015-2016
92110,0,0.6777169133664291,1,false_positive,0.19081998884839596,80.0,Female,2015-2016
92111,0,0.2265354855986627,0,true_negative,0.26036143891937047,60.0,Female,2015-2016
92119,0,0.5039966578110575,1,false_positive,0.017099733293024333,58.0,Female,2015-2016
92131,0,0.423544613874366,0,true_negative,0.0633523106436672,61.0,Female,2015-2016
92170,0,0.8256449340377036,1,false_positive,0.3387480095196704,64.0,Male,2015-2016
92179,0,0.09630910639837258,0,true_negative,0.3905878181196606,37.0,Female,2015-2016
92185,0,0.5977955770399556,1,false_positive,0.11089865252192238,63.0,Male,2015-2016
92203,0,0.07269518714889875,0,true_negative,0.41420173736913446,40.0,Female,2015-2016
92218,0,0.5924555964760922,1,false_positive,0.10555867195805907,64.0,Male,2015-2016
92220,0,0.06989556605079397,0,true_negative,0.4170013584672392,39.0,Female,2015-2016
92233,0,0.08091462607149164,0,true_negative,0.40598229844654155,49.0,Female,2015-2016
92259,0,0.8282194428219147,1,false_positive,0.34132251830388155,80.0,Male,2015-2016
92263,0,0.03108994178782642,0,true_negative,0.45580698273020676,29.0,Male,2015-2016
92269,0,0.9383044101903146,1,false_positive,0.45140748567228145,80.0,Female,2015-2016
92275,0,0.24507479165202076,0,true_negative,0.24182213286601242,42.0,Male,2015-2016
92276,0,0.561654415600327,1,false_positive,0.07475749108229385,68.0,Female,2015-2016
92281,0,0.2946506880878016,0,true_negative,0.1922462364302316,38.0,Male,2015-2016
92286,0,0.5750785759014939,1,false_positive,0.08818165138346074,65.0,Male,2015-2016
92298,0,0.5652470674348594,1,false_positive,0.07835014291682624,57.0,Female,2015-2016
92299,0,0.3333563111319667,0,true_negative,0.1535406133860665,55.0,Female,2015-2016
92302,0,0.05115410786724305,0,true_negative,0.4357428166507901,33.0,Female,2015-2016
92319,0,0.06137302313132386,0,true_negative,0.4255239013867093,40.0,Female,2015-2016
92320,0,0.02588010362725895,0,true_negative,0.4610168208907742,29.0,Female,2015-2016
92331,0,0.21466108956338348,0,true_negative,0.2722358349546497,57.0,Male,2015-2016
92337,0,0.11725903694877139,0,true_negative,0.3696378875692618,55.0,Female,2015-2016
92345,0,0.05076470780996763,0,true_negative,0.43613221670806557,23.0,Male,2015-2016
92348,0,0.01919408287520022,0,true_negative,0.46770284164283293,26.0,Male,2015-2016
92351,0,0.23792119376097648,0,true_negative,0.2489757307570567,69.0,Female,2015-2016
92353,0,0.2599775198132934,0,true_negative,0.22691940470473976,47.0,Female,2015-2016
92356,0,0.477417286130146,0,true_negative,0.00947963838788718,54.0,Male,2015-2016
92363,0,0.17447062403868677,0,true_negative,0.3124263004793464,27.0,Female,2015-2016
92365,0,0.18849884994718538,0,true_negative,0.29839807457084777,36.0,Male,2015-2016
92373,0,0.9133564699082911,1,false_positive,0.42645954539025793,80.0,Male,2015-2016
92377,0,0.12868313009998053,0,true_negative,0.3582137944180527,45.0,Male,2015-2016
92380,0,0.045792514502556565,0,true_negative,0.4411044100154766,24.0,Male,2015-2016
92389,0,0.9251458023390581,1,false_positive,0.4382488778210249,63.0,Female,2015-2016
92390,0,0.11648324198168418,0,true_negative,0.370413682536349,47.0,Male,2015-2016
92393,0,0.0264174045176061,0,true_negative,0.4604795200004271,42.0,Male,2015-2016
92394,0,0.5520593845849536,1,false_positive,0.06516246006692045,59.0,Female,2015-2016
92397,0,0.03675466052623523,0,true_negative,0.45014226399179796,32.0,Female,2015-2016
92403,0,0.17702937279514713,0,true_negative,0.30986755172288605,57.0,Female,2015-2016
92415,0,0.823858538340361,1,false_positive,0.33696161382232787,80.0,Male,2015-2016
92419,0,0.10126362403969652,0,true_negative,0.38563330047833666,45.0,Female,2015-2016
92423,0,0.12508339410257976,0,true_negative,0.3618135304154534,37.0,Female,2015-2016
92424,0,0.5652976801120935,1,false_positive,0.07840075559406029,65.0,Male,2015-2016
92426,0,0.9162663854500607,1,false_positive,0.4293694609320275,79.0,Male,2015-2016
92432,0,0.5808789094693034,1,false_positive,0.09398198495127025,76.0,Female,2015-2016
92436,0,0.3106943443021018,0,true_negative,0.17620258021593138,62.0,Female,2015-2016
92443,0,0.0667637022985843,0,true_negative,0.4201332222194489,32.0,Male,2015-2016
92454,0,0.9156421853970765,1,false_positive,0.42874526087904336,72.0,Male,2015-2016
92475,0,0.035467869603914993,0,true_negative,0.45142905491411817,49.0,Female,2015-2016
92476,0,0.029670723727927072,0,true_negative,0.4572262007901061,27.0,Male,2015-2016
92482,0,0.6403571896018023,1,false_positive,0.15346026508376914,62.0,Female,2015-2016
92503,0,0.062061355056587116,0,true_negative,0.42483556946144607,36.0,Male,2015-2016
92507,0,0.8738595020795068,1,false_positive,0.3869625775614736,80.0,Male,2015-2016
92508,0,0.04898008649515184,0,true_negative,0.43791683802288134,27.0,Male,2015-2016
92512,0,0.1509269007891054,0,true_negative,0.3359700237289278,36.0,Male,2015-2016
92513,0,0.5626336557806736,1,false_positive,0.07573673126264041,65.0,Male,2015-2016
92524,0,0.05348124006623837,0,true_negative,0.4334156844517948,54.0,Female,2015-2016
92531,0,0.9149586396874433,1,false_positive,0.4280617151694101,80.0,Male,2015-2016
92541,0,0.3709576510592799,0,true_negative,0.11593927345875327,40.0,Male,2015-2016
92548,0,0.6629622360923849,1,false_positive,0.17606531157435173,58.0,Male,2015-2016
92555,0,0.6785894765874567,1,false_positive,0.19169255206942354,37.0,Female,2015-2016
92556,0,0.10333763561748657,0,true_negative,0.3835592889005466,30.0,Male,2015-2016
92557,0,0.45800994479911433,0,true_negative,0.028886979718918848,71.0,Male,2015-2016
92559,0,0.04190348137457287,0,true_negative,0.4449934431434603,41.0,Male,2015-2016
92568,0,0.2886521119655487,0,true_negative,0.1982448125524845,55.0,Female,2015-2016
92584,0,0.10773584098535881,0,true_negative,0.37916108353267436,39.0,Male,2015-2016
92603,0,0.6784798453357607,1,false_positive,0.1915829208177275,70.0,Male,2015-2016
92610,0,0.03060534347603959,0,true_negative,0.4562915810419936,26.0,Male,2015-2016
92614,0,0.1658923170639809,0,true_negative,0.3210046074540523,43.0,Male,2015-2016
92628,0,0.5230491343474568,1,false_positive,0.03615220982942363,68.0,Male,2015-2016
92645,0,0.1288697504381892,0,true_negative,0.35802717407984397,60.0,Female,2015-2016
92649,0,0.7420612372280411,1,false_positive,0.2551643127100079,78.0,Male,2015-2016
92651,0,0.017956273493591805,0,true_negative,0.4689406510244414,33.0,Female,2015-2016
92654,0,0.2043048519722717,0,true_negative,0.28259207254576146,49.0,Male,2015-2016
92661,0,0.6936792130398441,1,false_positive,0.20678228852181096,80.0,Female,2015-2016
92667,0,0.4284173163396842,0,true_negative,0.05847960817834896,60.0,Female,2015-2016
92703,0,0.4147771610999869,0,true_negative,0.07211976341804627,51.0,Female,2015-2016
92716,0,0.5858054441982518,1,false_positive,0.09890851968021858,67.0,Male,2015-2016
92720,0,0.16780253629010866,0,true_negative,0.3190943882279245,61.0,Female,2015-2016
92724,0,0.06102081410050802,0,true_negative,0.42587611041752516,31.0,Male,2015-2016
92745,0,0.02372692076886951,0,true_negative,0.4631700037491637,23.0,Female,2015-2016
92753,0,0.10835973799050796,0,true_negative,0.3785371865275252,41.0,Male,2015-2016
92758,0,0.5997945247060106,1,false_positive,0.1128976001879774,57.0,Female,2015-2016
92761,0,0.0761366360635046,0,true_negative,0.4107602884545286,26.0,Female,2015-2016
92774,0,0.06111012062942739,0,true_negative,0.4257868038886058,40.0,Male,2015-2016
92785,0,0.10762736482026806,0,true_negative,0.3792695596977651,25.0,Male,2015-2016
92808,0,0.26142652452934223,0,true_negative,0.22547039998869095,34.0,Male,2015-2016
92815,0,0.020122435292793558,0,true_negative,0.4667744892252396,22.0,Female,2015-2016
92821,0,0.07282534596772425,0,true_negative,0.41407157855030896,72.0,Female,2015-2016
92824,0,0.3737334486406986,0,true_negative,0.11316347587733461,60.0,Female,2015-2016
92828,0,0.22987773118269367,0,true_negative,0.2570191933353395,60.0,Male,2015-2016
92838,0,0.03390550050659298,0,true_negative,0.4529914240114402,47.0,Female,2015-2016
92840,0,0.04001967785377496,0,true_negative,0.4468772466642582,35.0,Male,2015-2016
92846,0,0.03540705619916202,0,true_negative,0.45148986831887117,23.0,Female,2015-2016
92847,0,0.034025456576697276,0,true_negative,0.4528714679413359,26.0,Male,2015-2016
92856,0,0.05143397582991342,0,true_negative,0.43546294868811974,27.0,Female,2015-2016
92881,0,0.43041621128838037,0,true_negative,0.05648071322965281,54.0,Female,2015-2016
92885,0,0.1896319462116351,0,true_negative,0.2972649783063981,23.0,Male,2015-2016
92891,0,0.05182737356048867,0,true_negative,0.4350695509575445,49.0,Female,2015-2016
92895,0,0.30420796308766773,0,true_negative,0.18268896143036545,52.0,Male,2015-2016
92897,0,0.4205308914963754,0,true_negative,0.06636603302165778,60.0,Male,2015-2016
92911,0,0.10903167553820446,0,true_negative,0.3778652489798287,51.0,Female,2015-2016
92922,0,0.09582695554037918,0,true_negative,0.391069968977654,30.0,Female,2015-2016
92923,0,0.02904472618377929,0,true_negative,0.4578521983342539,29.0,Male,2015-2016
92929,0,0.05603404419457259,0,true_negative,0.4308628803234606,50.0,Female,2015-2016
92930,0,0.038139921900065245,0,true_negative,0.4487570026179679,29.0,Male,2015-2016
92936,0,0.2643078843907908,0,true_negative,0.2225890401272424,61.0,Female,2015-2016
92938,0,0.023661767904864153,0,true_negative,0.46323515661316905,30.0,Female,2015-2016
92941,0,0.06690498873816851,0,true_negative,0.41999193577986466,33.0,Male,2015-2016
92953,0,0.7955889337945006,1,false_positive,0.3086920092764674,80.0,Female,2015-2016
92957,0,0.017395593322632123,0,true_negative,0.46950133119540105,24.0,Female,2015-2016
92960,1,0.9314228233280698,1,true_positive,0.4445258988100366,75.0,Male,2015-2016
92970,0,0.04926757864816841,0,true_negative,0.4376293458698648,25.0,Female,2015-2016
92978,0,0.7694152772928414,1,false_positive,0.28251835277480825,64.0,Male,2015-2016
92987,0,0.1984546050852881,0,true_negative,0.2884423194327451,40.0,Male,2015-2016
92993,0,0.512245464625271,1,false_positive,0.025348540107237805,70.0,Male,2015-2016
93000,0,0.6620023209252256,1,false_positive,0.17510539640719242,80.0,Female,2015-2016
93001,1,0.9800151880391688,1,true_positive,0.4931182635211356,74.0,Female,2015-2016
93004,0,0.16064966316088994,0,true_negative,0.3262472613571432,60.0,Male,2015-2016
93007,0,0.07841538821376773,0,true_negative,0.4084815363042654,23.0,Male,2015-2016
93011,0,0.8681599805543075,1,false_positive,0.38126305603627436,61.0,Male,2015-2016
93015,0,0.039861622318433786,0,true_negative,0.4470353021995994,53.0,Female,2015-2016
93018,0,0.6708788145176993,1,false_positive,0.18398188999966608,75.0,Female,2015-2016
93034,0,0.02345350521895189,0,true_negative,0.4634434192990813,36.0,Female,2015-2016
93044,0,0.22528263341917387,0,true_negative,0.2616142910988593,41.0,Male,2015-2016
93051,1,0.8488274101940384,1,true_positive,0.3619304856760052,74.0,Male,2015-2016
93069,0,0.9001007268506543,1,false_positive,0.41320380233262116,73.0,Male,2015-2016
93072,0,0.1822961496605041,0,true_negative,0.3046007748575291,55.0,Female,2015-2016
93083,0,0.10546594266071559,0,true_negative,0.3814309818573176,30.0,Male,2015-2016
93085,0,0.4600323577135052,0,true_negative,0.02686456680452798,56.0,Male,2015-2016
93113,0,0.11201691070078322,0,true_negative,0.37488001381724995,56.0,Female,2015-2016
93120,0,0.029564072124220585,0,true_negative,0.4573328523938126,30.0,Female,2015-2016
93140,0,0.09665983045469022,0,true_negative,0.39023709406334295,20.0,Male,2015-2016
93142,0,0.20330833984829655,0,true_negative,0.28358858466973663,64.0,Female,2015-2016
93168,0,0.8529582152120028,1,false_positive,0.3660612906939696,64.0,Male,2015-2016
93174,0,0.01773832658114391,0,true_negative,0.4691585979368893,23.0,Female,2015-2016
93185,0,0.07005274806891168,0,true_negative,0.41684417644912153,44.0,Female,2015-2016
93186,0,0.009086841355243153,0,true_negative,0.47781008316279006,38.0,Female,2015-2016
93189,0,0.042690317414731296,0,true_negative,0.4442066071033019,47.0,Female,2015-2016
93214,0,0.020853095219181765,0,true_negative,0.4660438292988514,31.0,Female,2015-2016
93220,1,0.8756704229787856,1,true_positive,0.38877349846075243,76.0,Male,2015-2016
93223,0,0.0643204478597388,0,true_negative,0.4225764766582944,34.0,Male,2015-2016
93240,0,0.03810396075082533,0,true_negative,0.44879296376720784,31.0,Female,2015-2016
93247,0,0.05074824002642311,0,true_negative,0.4361486844916101,28.0,Male,2015-2016
93261,0,0.0283776909797271,0,true_negative,0.4585192335383061,24.0,Female,2015-2016
93273,0,0.15853976067353412,0,true_negative,0.3283571638444991,53.0,Male,2015-2016
93274,0,0.05063715898094258,0,true_negative,0.4362597655370906,23.0,Female,2015-2016
93281,0,0.7530389189538748,1,false_positive,0.2661419944358416,80.0,Male,2015-2016
93283,0,0.6099264351142888,1,false_positive,0.12302951059625561,76.0,Female,2015-2016
93290,0,0.9468546231093556,1,false_positive,0.45995769859132246,77.0,Male,2015-2016
93291,0,0.022121927675171096,0,true_negative,0.4647749968428621,24.0,Female,2015-2016
93306,0,0.07881337517791899,0,true_negative,0.4080835493401142,43.0,Female,2015-2016
93318,0,0.7575759049628138,1,false_positive,0.2706789804447806,80.0,Female,2015-2016
93322,0,0.05408879241478128,0,true_negative,0.4328081321032519,23.0,Female,2015-2016
93328,0,0.11098825626449348,0,true_negative,0.3759086682535397,34.0,Male,2015-2016
93334,0,0.24989892024944385,0,true_negative,0.23699800426858933,53.0,Male,2015-2016
93337,1,0.8408809836484981,1,true_positive,0.3539840591304649,75.0,Male,2015-2016
93345,0,0.031101644187777822,0,true_negative,0.45579528033025535,36.0,Female,2015-2016
93351,0,0.04469759538646136,0,true_negative,0.44219932913157184,27.0,Male,2015-2016
93356,0,0.05070318171356762,0,true_negative,0.43619374280446555,35.0,Male,2015-2016
93360,0,0.3118793332876377,0,true_negative,0.1750175912303955,62.0,Female,2015-2016
93363,0,0.04344943037653746,0,true_negative,0.4434474941414957,35.0,Male,2015-2016
93366,1,0.9743580993064939,1,true_positive,0.4874611747884607,74.0,Male,2015-2016
93367,0,0.1471314037293304,0,true_negative,0.3397655207887028,38.0,Male,2015-2016
93368,0,0.03820157418922842,0,true_negative,0.44869535032880475,35.0,Female,2015-2016
93395,0,0.8868781451736822,1,false_positive,0.39998122065564906,72.0,Male,2015-2016
93407,0,0.4511876114415075,0,true_negative,0.035709313076525695,60.0,Male,2015-2016
93417,0,0.5480799305845994,1,false_positive,0.06118300606656618,51.0,Female,2015-2016
93431,0,0.181685341194594,0,true_negative,0.3052115833234392,54.0,Female,2015-2016
93433,0,0.4101923640251237,0,true_negative,0.07670456049290947,71.0,Male,2015-2016
93436,0,0.8197405177531193,1,false_positive,0.3328435932350861,52.0,Female,2015-2016
93442,0,0.9506509256225828,1,false_positive,0.4637540011045496,80.0,Male,2015-2016
93445,0,0.21962596531763479,0,true_negative,0.2672709592003984,38.0,Male,2015-2016
93459,0,0.06898497053812629,0,true_negative,0.4179119539799069,44.0,Female,2015-2016
93469,0,0.19754887876996027,0,true_negative,0.28934804574807294,50.0,Male,2015-2016
93473,0,0.02896196349358111,0,true_negative,0.4579349610244521,22.0,Male,2015-2016
93476,0,0.8150946130225663,1,false_positive,0.32819768850453307,77.0,Female,2015-2016
93498,0,0.10009375314806278,0,true_negative,0.3868031713699704,54.0,Male,2015-2016
93509,0,0.019223190594117024,0,true_negative,0.46767373392391615,21.0,Female,2015-2016
93514,0,0.2049200679976854,0,true_negative,0.28197685652034776,56.0,Female,2015-2016
93524,0,0.13109905625923515,0,true_negative,0.355797868258798,26.0,Female,2015-2016
93531,0,0.17601635550689196,0,true_negative,0.31088056901114125,52.0,Female,2015-2016
93547,0,0.1926236307110663,0,true_negative,0.2942732938069669,48.0,Male,2015-2016
93550,0,0.06459649164004161,0,true_negative,0.42230043287799157,37.0,Male,2015-2016
93572,0,0.9446207186254695,1,false_positive,0.4577237941074363,80.0,Male,2015-2016
93582,0,0.03288206903556099,0,true_negative,0.45401485548247217,20.0,Male,2015-2016
93585,0,0.042217653406886935,0,true_negative,0.44467927111114625,34.0,Female,2015-2016
93587,0,0.07956775077530454,0,true_negative,0.40732917374272865,29.0,Male,2015-2016
93589,0,0.31370058530813777,0,true_negative,0.1731963392098954,66.0,Male,2015-2016
93592,0,0.2096806388374583,0,true_negative,0.2772162856805749,36.0,Male,2015-2016
93625,0,0.23294630067751357,0,true_negative,0.2539506238405196,26.0,Male,2015-2016
93644,0,0.4206525400246075,0,true_negative,0.06624438449342568,75.0,Female,2015-2016
93661,0,0.04431399252183678,0,true_negative,0.4425829319961964,27.0,Female,2015-2016
93672,0,0.7343037713452912,1,false_positive,0.24740684682725805,63.0,Female,2015-2016
93679,0,0.7656407631487708,1,false_positive,0.27874383863073765,72.0,Female,2015-2016
93691,0,0.06269003689490492,0,true_negative,0.42420688762312825,25.0,Male,2015-2016
93705,0,0.645126928440841,1,false_positive,0.15823000392280778,66.0,Female,2017-2018
93709,0,0.7028322719019888,1,false_positive,0.21593534738395564,75.0,Female,2017-2018
93711,0,0.2114480941655143,0,true_negative,0.2754488303525189,56.0,Male,2017-2018
93714,0,0.17261425495556465,0,true_negative,0.31428266956246853,54.0,Female,2017-2018
93721,0,0.27031636376185886,0,true_negative,0.21658056075617432,60.0,Female,2017-2018
93722,0,0.31501206733352394,0,true_negative,0.17188485718450924,60.0,Female,2017-2018
93727,0,0.4328413779368651,0,true_negative,0.05405554658116807,70.0,Male,2017-2018
93738,0,0.047779916132416896,0,true_negative,0.4391170083856163,26.0,Male,2017-2018
93752,0,0.2555922086532272,0,true_negative,0.231304715864806,73.0,Female,2017-2018
93757,0,0.711093732047094,1,false_positive,0.22419680752906085,63.0,Male,2017-2018
93758,1,0.38216585799611263,0,false_negative,0.10473106652192055,55.0,Female,2017-2018
93759,0,0.779706443418195,1,false_positive,0.29280951890016177,60.0,Male,2017-2018
93760,0,0.13973745869631105,0,true_negative,0.34715946582172214,54.0,Female,2017-2018
93775,0,0.23948310156607877,0,true_negative,0.2474138229519544,47.0,Female,2017-2018
93791,0,0.09913012165239145,0,true_negative,0.38776680286564175,20.0,Male,2017-2018
93794,0,0.22303671209100612,0,true_negative,0.26386021242702706,62.0,Female,2017-2018
93816,1,0.6770412022668766,1,true_positive,0.1901442777488434,80.0,Female,2017-2018
93825,0,0.9130452640930579,1,false_positive,0.4261483395750247,74.0,Male,2017-2018
93832,0,0.59611305831136,1,false_positive,0.10921613379332679,63.0,Male,2017-2018
93834,0,0.6712252014356742,1,false_positive,0.18432827691764103,48.0,Female,2017-2018
93837,0,0.40350064611330433,0,true_negative,0.08339627840472885,35.0,Female,2017-2018
93839,0,0.06033919609328467,0,true_negative,0.4265577284247485,50.0,Female,2017-2018
93843,0,0.055904328937232885,0,true_negative,0.4309925955808003,42.0,Female,2017-2018
93851,0,0.7851556875392731,1,false_positive,0.29825876302123994,74.0,Female,2017-2018
93852,0,0.28779938511336284,0,true_negative,0.19909753940467034,45.0,Female,2017-2018
93855,0,0.8228081676739878,1,false_positive,0.3359112431559546,71.0,Male,2017-2018
93859,0,0.4520349769944146,0,true_negative,0.0348619475236186,73.0,Male,2017-2018
93866,0,0.07950283956749062,0,true_negative,0.4073940849505426,26.0,Male,2017-2018
93869,0,0.8625463010959687,1,false_positive,0.37564937657793557,80.0,Male,2017-2018
93875,0,0.0700224364515979,0,true_negative,0.4168744880664353,37.0,Male,2017-2018
93883,0,0.10167020443611444,0,true_negative,0.3852267200819187,30.0,Female,2017-2018
93887,0,0.7984625540770995,1,false_positive,0.31156562955906636,63.0,Male,2017-2018
93892,1,0.9251401231651677,1,true_positive,0.4382431986471345,80.0,Female,2017-2018
93900,0,0.08964658271090557,0,true_negative,0.3972503418071276,48.0,Male,2017-2018
93909,0,0.10047240929316016,0,true_negative,0.38642451522487303,41.0,Male,2017-2018
93912,0,0.04426845514051092,0,true_negative,0.44262846937752226,25.0,Female,2017-2018
93923,0,0.7011877113939803,1,false_positive,0.2142907868759471,52.0,Male,2017-2018
93924,0,0.3886471266664941,0,true_negative,0.09824979785153909,70.0,Female,2017-2018
93929,0,0.014675883033177933,0,true_negative,0.4722210414848552,35.0,Female,2017-2018
93935,0,0.08279290827112688,0,true_negative,0.4041040162469063,39.0,Male,2017-2018
93939,0,0.09362063209611703,0,true_negative,0.39327629242191614,40.0,Female,2017-2018
93941,0,0.24807909480991708,0,true_negative,0.2388178297081161,42.0,Male,2017-2018
93955,0,0.3850209721279907,0,true_negative,0.10187595239004249,66.0,Female,2017-2018
93957,0,0.4395785225096334,0,true_negative,0.04731840200839976,41.0,Female,2017-2018
93964,0,0.34985760131130145,0,true_negative,0.13703932320673173,52.0,Male,2017-2018
93971,0,0.045168278039800815,0,true_negative,0.44172864647823235,40.0,Male,2017-2018
93983,0,0.4980023809677164,1,false_positive,0.011105456449683193,75.0,Female,2017-2018
93989,0,0.04591736113483406,0,true_negative,0.4409795633831991,39.0,Female,2017-2018
93990,0,0.1370653625958135,0,true_negative,0.34983156192221965,64.0,Female,2017-2018
94002,0,0.06588612198219701,0,true_negative,0.42101080253583617,27.0,Female,2017-2018
94007,0,0.6867070234018832,1,false_positive,0.19981009888384998,79.0,Male,2017-2018
94008,0,0.06731984130792114,0,true_negative,0.41957708321011206,46.0,Female,2017-2018
94010,1,0.722310011161611,1,true_positive,0.2354130866435778,71.0,Male,2017-2018
94012,0,0.01899772885551299,0,true_negative,0.4678991956625202,25.0,Female,2017-2018
94015,0,0.10487661985906782,0,true_negative,0.38202030465896536,30.0,Female,2017-2018
94016,0,0.9612344161702651,1,false_positive,0.4743374916522319,70.0,Male,2017-2018
94019,0,0.29889934664510953,0,true_negative,0.18799757787292365,64.0,Female,2017-2018
94029,0,0.02876843350052033,0,true_negative,0.45812849101751285,46.0,Female,2017-2018
94037,1,0.4828654714529442,0,false_negative,0.004031453065089008,59.0,Male,2017-2018
94042,0,0.04980873361540447,0,true_negative,0.43708819090262874,26.0,Male,2017-2018
94047,0,0.13643250826674877,0,true_negative,0.35046441625128444,45.0,Female,2017-2018
94051,0,0.628014500016464,1,false_positive,0.1411175754984308,80.0,Female,2017-2018
94059,0,0.19495930287495483,0,true_negative,0.29193762164307835,54.0,Female,2017-2018
94061,0,0.08009560888094443,0,true_negative,0.40680131563708877,36.0,Female,2017-2018
94093,0,0.06947747770164091,0,true_negative,0.41741944681639226,36.0,Male,2017-2018
94101,0,0.4150769871132723,0,true_negative,0.07181993740476089,64.0,Female,2017-2018
94113,0,0.09749681423348455,0,true_negative,0.38940011028454863,60.0,Female,2017-2018
94118,0,0.0970499955260084,0,true_negative,0.3898469289920248,50.0,Female,2017-2018
94119,1,0.582659437169976,1,true_positive,0.09576251265194285,57.0,Male,2017-2018
94128,0,0.0369431580401912,0,true_negative,0.44995376647784197,35.0,Male,2017-2018
94130,0,0.021995591308822456,0,true_negative,0.46490133320921073,27.0,Female,2017-2018
94135,0,0.1607298308068834,0,true_negative,0.32616709371114977,37.0,Female,2017-2018
94151,0,0.10140569324681334,0,true_negative,0.38549123127121987,23.0,Male,2017-2018
94154,0,0.6061561877237506,1,false_positive,0.11925926320571739,80.0,Female,2017-2018
94163,0,0.18707549120638023,0,true_negative,0.29982143331165295,35.0,Male,2017-2018
94169,0,0.029366837019647322,0,true_negative,0.45753008749838586,26.0,Male,2017-2018
94174,0,0.029677627821775278,0,true_negative,0.4572192966962579,45.0,Female,2017-2018
94177,0,0.09577660673502433,0,true_negative,0.3911203177830088,59.0,Female,2017-2018
94198,0,0.10553287477698395,0,true_negative,0.3813640497410492,63.0,Female,2017-2018
94199,0,0.903929120083999,1,false_positive,0.41703219556596577,69.0,Male,2017-2018
94205,0,0.8054359293198304,1,false_positive,0.31853900480179725,73.0,Female,2017-2018
94207,0,0.423506268995973,0,true_negative,0.06339065552206019,62.0,Male,2017-2018
94212,0,0.734648294198958,1,false_positive,0.24775136968092487,67.0,Female,2017-2018
94223,0,0.12196251223129864,0,true_negative,0.3649344122867345,43.0,Female,2017-2018
94224,0,0.14772058250796433,0,true_negative,0.33917634201006885,23.0,Male,2017-2018
94237,0,0.7968313848953924,1,false_positive,0.3099344603773592,63.0,Male,2017-2018
94241,0,0.016143904417114205,0,true_negative,0.47075302010091896,30.0,Female,2017-2018
94248,0,0.03971763309233054,0,true_negative,0.4471792914257026,38.0,Female,2017-2018
94249,0,0.34831859729157616,0,true_negative,0.13857832722645702,66.0,Female,2017-2018
94250,0,0.12752882331908155,0,true_negative,0.35936810119895163,23.0,Female,2017-2018
94255,0,0.08235562374574747,0,true_negative,0.40454130077228573,43.0,Male,2017-2018
94259,0,0.038509166793252,0,true_negative,0.4483877577247812,50.0,Female,2017-2018
94273,0,0.37691357836083933,0,true_negative,0.10998334615719385,63.0,Male,2017-2018
94275,0,0.15359759426714836,0,true_negative,0.3332993302508848,54.0,Male,2017-2018
94277,0,0.07128450508346408,0,true_negative,0.4156124194345691,41.0,Female,2017-2018
94286,0,0.27014925172446463,0,true_negative,0.21674767279356855,75.0,Female,2017-2018
94290,0,0.011800707336387228,0,true_negative,0.47509621718164596,35.0,Female,2017-2018
94291,0,0.03533022057763968,0,true_negative,0.4515667039403935,27.0,Female,2017-2018
94295,0,0.07736446697269533,0,true_negative,0.40953245754533785,48.0,Female,2017-2018
94300,0,0.527107620275333,1,false_positive,0.0402106957572998,69.0,Female,2017-2018
94303,0,0.8415103899563099,1,false_positive,0.3546134654382767,65.0,Male,2017-2018
94306,0,0.027127572990356535,0,true_negative,0.4597693515276766,22.0,Female,2017-2018
94311,0,0.08682802496654651,0,true_negative,0.40006889955148667,41.0,Female,2017-2018
94313,0,0.0942733023098823,0,true_negative,0.3926236222081509,41.0,Male,2017-2018
94319,0,0.06439813122216073,0,true_negative,0.4224987932958725,44.0,Male,2017-2018
94322,0,0.07429580188834818,0,true_negative,0.412601122629685,20.0,Male,2017-2018
94340,0,0.05511437333879041,0,true_negative,0.4317825511792428,25.0,Male,2017-2018
94362,0,0.946697957120601,1,false_positive,0.4598010326025678,79.0,Male,2017-2018
94373,0,0.6173243630462719,1,false_positive,0.13042743852823874,80.0,Female,2017-2018
94374,0,0.15814990824902775,0,true_negative,0.32874701626900543,52.0,Female,2017-2018
94379,0,0.26843364529461605,0,true_negative,0.21846327922341713,24.0,Female,2017-2018
94381,0,0.6417093852674624,1,false_positive,0.15481246074942917,80.0,Female,2017-2018
94392,0,0.05135764269887188,0,true_negative,0.4355392818191613,25.0,Male,2017-2018
94393,0,0.02929017193707112,0,true_negative,0.45760675258096206,36.0,Male,2017-2018
94405,0,0.11597567275867372,0,true_negative,0.37092125175935947,39.0,Female,2017-2018
94412,0,0.8306170158052845,1,false_positive,0.3437200912872513,80.0,Male,2017-2018
94420,0,0.8067358978009943,1,false_positive,0.3198389732829611,80.0,Female,2017-2018
94427,0,0.25712368851684647,0,true_negative,0.2297732360011867,49.0,Female,2017-2018
94436,0,0.03770247663557221,0,true_negative,0.449194447882461,31.0,Female,2017-2018
94438,0,0.8014882190303603,1,false_positive,0.3145912945123271,80.0,Male,2017-2018
94457,0,0.11260263165859517,0,true_negative,0.374294292859438,46.0,Female,2017-2018
94459,0,0.4125920838300714,0,true_negative,0.07430484068796178,52.0,Female,2017-2018
94465,0,0.1302521596739031,0,true_negative,0.3566447648441301,31.0,Male,2017-2018
94473,0,0.48409893865890635,0,true_negative,0.002797985859126828,73.0,Female,2017-2018
94478,0,0.03131207098584074,0,true_negative,0.45558485353219247,37.0,Female,2017-2018
94479,0,0.6725905261655462,1,false_positive,0.18569360164751297,64.0,Female,2017-2018
94481,0,0.044764170633197306,0,true_negative,0.44213275388483586,31.0,Female,2017-2018
94486,0,0.38574776267957517,0,true_negative,0.10114916183845801,44.0,Female,2017-2018
94499,0,0.5687079086012538,1,false_positive,0.08181098408322057,62.0,Male,2017-2018
94501,0,0.049013495856909166,0,true_negative,0.437883428661124,41.0,Female,2017-2018
94512,0,0.06502725439744773,0,true_negative,0.42186967012058546,43.0,Female,2017-2018
94515,0,0.268774240720335,0,true_negative,0.21812268379769817,58.0,Female,2017-2018
94522,0,0.4329837446833531,0,true_negative,0.05391317983468008,60.0,Male,2017-2018
94528,0,0.09072183850284858,0,true_negative,0.3961750860151846,34.0,Male,2017-2018
94539,0,0.8386353023127509,1,false_positive,0.35173837779471767,55.0,Female,2017-2018
94541,0,0.5897901284530503,1,false_positive,0.10289320393501716,79.0,Female,2017-2018
94554,0,0.4694334737931449,0,true_negative,0.017463450724888308,69.0,Male,2017-2018
94560,0,0.04971189085333016,0,true_negative,0.437185033664703,24.0,Female,2017-2018
94568,0,0.16859669358339635,0,true_negative,0.31830023093463683,60.0,Female,2017-2018
94570,0,0.09323359207126637,0,true_negative,0.3936633324467668,48.0,Male,2017-2018
94577,0,0.006770052513511493,0,true_negative,0.4801268720045217,30.0,Female,2017-2018
94583,0,0.9444641213475403,1,false_positive,0.45756719682950714,80.0,Male,2017-2018
94589,0,0.08997711934077203,0,true_negative,0.39691980517726116,33.0,Male,2017-2018
94594,0,0.290351190165952,0,true_negative,0.19654573435208117,42.0,Female,2017-2018
94595,0,0.26065998134474383,0,true_negative,0.22623694317328935,28.0,Male,2017-2018
94600,0,0.830388620855056,1,false_positive,0.34349169633702287,77.0,Female,2017-2018
94605,0,0.2658549997654971,0,true_negative,0.2210419247525361,42.0,Male,2017-2018
94606,0,0.23660545548778786,0,true_negative,0.25029146903024535,57.0,Female,2017-2018
94616,0,0.4312281904767705,0,true_negative,0.05566873404126266,62.0,Male,2017-2018
94624,0,0.062495114811270513,0,true_negative,0.42440180970676267,38.0,Male,2017-2018
94633,0,0.28650781358574245,0,true_negative,0.20038911093229073,68.0,Female,2017-2018
94634,0,0.8538464191295917,1,false_positive,0.3669494946115585,80.0,Female,2017-2018
94640,0,0.10781270838912435,0,true_negative,0.37908421612890886,55.0,Female,2017-2018
94647,0,0.10041243269997585,0,true_negative,0.38648449181805733,38.0,Female,2017-2018
94649,0,0.8579294989921268,1,false_positive,0.3710325744740936,67.0,Male,2017-2018
94660,0,0.030368074618965638,0,true_negative,0.45652884989906756,40.0,Female,2017-2018
94666,0,0.15788791370939975,0,true_negative,0.32900901080863343,38.0,Female,2017-2018
94678,0,0.09524584500215424,0,true_negative,0.39165107951587896,58.0,Female,2017-2018
94685,0,0.24143202137019498,0,true_negative,0.2454649031478382,47.0,Female,2017-2018
94695,0,0.25593186922894257,0,true_negative,0.23096505528909061,56.0,Female,2017-2018
94696,0,0.1516464715771227,0,true_negative,0.3352504529409105,43.0,Female,2017-2018
94697,0,0.02570499459492655,0,true_negative,0.46119192992310665,23.0,Female,2017-2018
94706,0,0.06651411274912557,0,true_negative,0.4203828117689076,43.0,Female,2017-2018
94736,0,0.10681171191082126,0,true_negative,0.38008521260721195,51.0,Male,2017-2018
94747,0,0.09086286203775429,0,true_negative,0.3960340624802789,59.0,Female,2017-2018
94754,0,0.1837964891742698,0,true_negative,0.3031004353437634,65.0,Female,2017-2018
94761,0,0.03905940426520069,0,true_negative,0.4478375202528325,24.0,Male,2017-2018
94763,0,0.2646903791629142,0,true_negative,0.22220654535511897,43.0,Male,2017-2018
94768,0,0.8346253915842461,1,false_positive,0.3477284670662129,80.0,Male,2017-2018
94777,0,0.664305829522392,1,false_positive,0.17740890500435885,80.0,Female,2017-2018
94788,0,0.09652569782279367,0,true_negative,0.3903712266952395,53.0,Female,2017-2018
94797,0,0.3996001013077657,0,true_negative,0.0872968232102675,66.0,Female,2017-2018
94808,0,0.040278321477239844,0,true_negative,0.4466186030407933,41.0,Female,2017-2018
94829,0,0.765294260972451,1,false_positive,0.27839733645441783,80.0,Female,2017-2018
94832,0,0.8276777831625297,1,false_positive,0.34078085864449653,71.0,Female,2017-2018
94861,0,0.42745249329961554,0,true_negative,0.05944443121841764,56.0,Female,2017-2018
94873,0,0.04098021887367163,0,true_negative,0.44591670564436153,21.0,Male,2017-2018
94879,0,0.2012480120718747,0,true_negative,0.2856489124461585,48.0,Female,2017-2018
94885,0,0.7477232097969754,1,false_positive,0.2608262852789422,64.0,Male,2017-2018
94894,0,0.3672496898937393,0,true_negative,0.11964723462429389,50.0,Male,2017-2018
94899,0,0.09392491804561566,0,true_negative,0.39297200647241753,32.0,Female,2017-2018
94909,0,0.4914730944064079,1,false_positive,0.004576169888374726,59.0,Male,2017-2018
94927,0,0.039997509553473136,0,true_negative,0.44689941496456004,28.0,Female,2017-2018
94933,0,0.3913587147732024,0,true_negative,0.0955382097448308,54.0,Female,2017-2018
94936,0,0.016240504727144604,0,true_negative,0.47065641979088857,25.0,Female,2017-2018
94941,0,0.050641841276063464,0,true_negative,0.4362550832419697,28.0,Male,2017-2018
94959,0,0.13639012073847093,0,true_negative,0.3505068037795622,48.0,Male,2017-2018
94962,0,0.054972085857675664,0,true_negative,0.4319248386603575,57.0,Female,2017-2018
94966,0,0.42638035123130574,0,true_negative,0.06051657328672744,44.0,Male,2017-2018
94979,0,0.5497032516672701,1,false_positive,0.0628063271492369,66.0,Male,2017-2018
94998,0,0.19805301849671322,0,true_negative,0.28884390602131993,45.0,Male,2017-2018
95007,0,0.7913654841663804,1,false_positive,0.30446855964834724,79.0,Male,2017-2018
95014,0,0.03978854860719423,0,true_negative,0.44710837591083896,35.0,Male,2017-2018
95016,0,0.7937258270075037,1,false_positive,0.30682890248947053,73.0,Male,2017-2018
95030,0,0.38981567992643834,0,true_negative,0.09708124459159484,63.0,Male,2017-2018
95033,0,0.13492790595786705,0,true_negative,0.35196901856016616,49.0,Female,2017-2018
95035,0,0.2717634182487392,0,true_negative,0.215133506269294,42.0,Male,2017-2018
95036,0,0.9000792388715514,1,false_positive,0.4131823143535182,80.0,Male,2017-2018
95037,0,0.006978135220864807,0,true_negative,0.47991878929716836,20.0,Female,2017-2018
95041,0,0.20919942518989285,0,true_negative,0.27769749932814036,60.0,Female,2017-2018
95046,0,0.5155096915831836,1,false_positive,0.028612767065150424,63.0,Female,2017-2018
95052,0,0.05626820602410814,0,true_negative,0.43062871849392503,40.0,Female,2017-2018
95059,0,0.5923974027937543,1,false_positive,0.10550047827572112,53.0,Male,2017-2018
95063,0,0.0836134122793043,0,true_negative,0.4032835122387289,46.0,Female,2017-2018
95068,0,0.8999340362469436,1,false_positive,0.4130371117289104,80.0,Female,2017-2018
95070,0,0.884392968522342,1,false_positive,0.39749604400430877,61.0,Male,2017-2018
95091,0,0.3611899769916547,0,true_negative,0.12570694752637845,62.0,Male,2017-2018
95101,0,0.8555944306993991,1,false_positive,0.36869750618136593,80.0,Female,2017-2018
95105,0,0.7036123694534813,1,false_positive,0.2167154449354481,67.0,Male,2017-2018
95114,0,0.17283194279870193,0,true_negative,0.3140649817193313,34.0,Male,2017-2018
95115,0,0.027444395669750647,0,true_negative,0.4594525288482825,33.0,Female,2017-2018
95116,0,0.5389803379524548,1,false_positive,0.05208341343442163,62.0,Male,2017-2018
95121,0,0.3960298526756502,0,true_negative,0.09086707184238296,66.0,Female,2017-2018
95126,1,0.08843645651556724,0,false_negative,0.39846046800246593,59.0,Female,2017-2018
95137,0,0.26111116093762937,0,true_negative,0.2257857635804038,53.0,Female,2017-2018
95153,0,0.03721630513608185,0,true_negative,0.4496806193819513,23.0,Female,2017-2018
95163,1,0.8386840534035187,1,true_positive,0.3517871288854855,68.0,Male,2017-2018
95165,0,0.05132235137671497,0,true_negative,0.4355745731413182,39.0,Female,2017-2018
95170,0,0.3957415013080899,0,true_negative,0.0911554232099433,67.0,Female,2017-2018
95172,0,0.3381569495390892,0,true_negative,0.14873997497894398,71.0,Female,2017-2018
95191,0,0.2484152437486261,0,true_negative,0.23848168076940707,54.0,Female,2017-2018
95200,0,0.017893021280806692,0,true_negative,0.4690039032372265,23.0,Female,2017-2018
95213,0,0.06346102590605741,0,true_negative,0.4234358986119758,25.0,Male,2017-2018
95215,0,0.2571675219062232,0,true_negative,0.22972940261180996,52.0,Female,2017-2018
95220,0,0.25424837207239587,0,true_negative,0.2326485524456373,61.0,Female,2017-2018
95221,0,0.3466222046543043,0,true_negative,0.14027471986372886,35.0,Female,2017-2018
95227,0,0.02378272964529206,0,true_negative,0.46311419487274114,22.0,Male,2017-2018
95228,0,0.1639360437407404,0,true_negative,0.3229608807772928,46.0,Male,2017-2018
95232,0,0.017700472996548887,0,true_negative,0.4691964515214843,23.0,Female,2017-2018
95236,0,0.694605707171022,1,false_positive,0.2077087826529888,76.0,Female,2017-2018
95242,0,0.19102170687381206,0,true_negative,0.2958752176442211,58.0,Female,2017-2018
95251,0,0.22014934107212247,0,true_negative,0.2667475834459107,38.0,Female,2017-2018
95258,0,0.7954267833629498,1,false_positive,0.3085298588449166,62.0,Male,2017-2018
95259,0,0.6461925490454669,1,false_positive,0.15929562452743368,80.0,Male,2017-2018
95266,0,0.16795354145131122,0,true_negative,0.318943383066722,58.0,Female,2017-2018
95272,0,0.4405840638194014,0,true_negative,0.046312860698631775,80.0,Female,2017-2018
95279,0,0.07952303041262171,0,true_negative,0.40737389410541147,36.0,Male,2017-2018
95281,0,0.5929614825631925,1,false_positive,0.1060645580451593,61.0,Female,2017-2018
95289,0,0.06247549295363097,0,true_negative,0.4244214315644022,56.0,Female,2017-2018
95308,0,0.4406890148317921,0,true_negative,0.046207909686241055,64.0,Female,2017-2018
95318,0,0.4906919429380004,1,false_positive,0.003795018419967211,60.0,Female,2017-2018
95326,0,0.8396791113664347,1,false_positive,0.3527821868484015,72.0,Male,2017-2018
95332,0,0.7008158348724123,1,false_positive,0.2139189103543791,75.0,Female,2017-2018
95333,0,0.10376192705371734,0,true_negative,0.38313499746431584,39.0,Male,2017-2018
95338,0,0.7633284369992609,1,false_positive,0.2764315124812277,72.0,Male,2017-2018
95348,0,0.09667230304864785,0,true_negative,0.3902246214693853,39.0,Female,2017-2018
95351,0,0.017352657718994358,0,true_negative,0.4695442667990388,25.0,Female,2017-2018
95356,0,0.4856311188250089,0,true_negative,0.0012658056930242578,61.0,Male,2017-2018
95391,0,0.05619235079326093,0,true_negative,0.4307045737247722,44.0,Female,2017-2018
95397,1,0.9277060172532534,1,true_positive,0.44080909273522023,68.0,Male,2017-2018
95401,0,0.6261630436850171,1,false_positive,0.1392661191669839,80.0,Female,2017-2018
95403,0,0.438703789435843,0,true_negative,0.0481931350821902,49.0,Female,2017-2018
95406,1,0.8453920856800757,1,true_positive,0.35849516116204255,80.0,Male,2017-2018
95414,0,0.05795418643653262,0,true_negative,0.4289427380815006,27.0,Male,2017-2018
95415,0,0.0512068241238547,0,true_negative,0.4356901003941785,36.0,Female,2017-2018
95421,0,0.8444573379063957,1,false_positive,0.3575604133883625,78.0,Male,2017-2018
95423,0,0.07638214651870076,0,true_negative,0.41051477799933245,33.0,Female,2017-2018
95434,1,0.9584868780562126,1,true_positive,0.4715899535381794,78.0,Female,2017-2018
95436,0,0.026323979390079966,0,true_negative,0.4605729451279532,43.0,Female,2017-2018
95446,0,0.07706255222593697,0,true_negative,0.4098343722920962,42.0,Male,2017-2018
95450,0,0.02898916123870503,0,true_negative,0.45790776327932814,38.0,Male,2017-2018
95469,0,0.07423822664142138,0,true_negative,0.4126586978766118,28.0,Male,2017-2018
95474,0,0.14117276095178888,0,true_negative,0.3457241635662443,34.0,Female,2017-2018
95486,0,0.02670149627358016,0,true_negative,0.46019542824445303,36.0,Female,2017-2018
95495,0,0.5296527227979277,1,false_positive,0.042755798279894563,75.0,Male,2017-2018
95509,0,0.16794327479475646,0,true_negative,0.3189536497232767,51.0,Female,2017-2018
95519,0,0.19226555290570543,0,true_negative,0.2946313716123278,53.0,Female,2017-2018
95524,0,0.29317983021593663,0,true_negative,0.19371709430209655,62.0,Female,2017-2018
95526,0,0.7690489848961467,1,false_positive,0.2821520603781135,80.0,Female,2017-2018
95535,0,0.38361332339190457,0,true_negative,0.10328360112612861,46.0,Male,2017-2018
95543,0,0.021005142618814508,0,true_negative,0.46589178189921865,28.0,Female,2017-2018
95568,0,0.0576583593457672,0,true_negative,0.429238565172266,34.0,Female,2017-2018
95574,0,0.04669300118930623,0,true_negative,0.44020392332872693,36.0,Female,2017-2018
95583,0,0.5841322054829082,1,false_positive,0.09723528096487505,69.0,Female,2017-2018
95594,0,0.3662271143635317,0,true_negative,0.12066981015450146,50.0,Male,2017-2018
95606,0,0.03321556277582981,0,true_negative,0.45368136174220336,25.0,Male,2017-2018
95615,0,0.8090959583485341,1,false_positive,0.3221990338305009,78.0,Male,2017-2018
95623,0,0.3222084257628648,0,true_negative,0.1646884987551684,60.0,Female,2017-2018
95630,0,0.8987837301058379,1,false_positive,0.4118868055878047,80.0,Female,2017-2018
95643,0,0.10792309795269672,0,true_negative,0.37897382656533646,20.0,Male,2017-2018
95644,0,0.48256809704806863,0,true_negative,0.004328827469964547,62.0,Female,2017-2018
95652,0,0.1756394125389561,0,true_negative,0.3112575119790771,44.0,Female,2017-2018
95659,0,0.21991976919978015,0,true_negative,0.26697715531825306,46.0,Male,2017-2018
95671,0,0.47116036939535827,0,true_negative,0.01573655512267491,66.0,Female,2017-2018
95673,1,0.6342864291929533,1,true_positive,0.14738950467492012,80.0,Male,2017-2018
95680,0,0.1311249632767848,0,true_negative,0.3557719612412484,45.0,Female,2017-2018
95685,0,0.15650032327370936,0,true_negative,0.3303966012443238,30.0,Male,2017-2018
95689,0,0.18134214348231395,0,true_negative,0.3055547810357192,60.0,Female,2017-2018
95694,0,0.049037052970711675,0,true_negative,0.43785987154732153,50.0,Female,2017-2018
95700,0,0.21633084309828812,0,true_negative,0.27056608141974503,59.0,Female,2017-2018
95704,0,0.2420003187765582,0,true_negative,0.24489660574147498,50.0,Male,2017-2018
95708,0,0.14321950467045602,0,true_negative,0.34367741984757716,52.0,Male,2017-2018
95714,0,0.2579688705744294,0,true_negative,0.22892805394360377,63.0,Female,2017-2018
95720,0,0.24182682940072459,0,true_negative,0.2450700951173086,59.0,Female,2017-2018
95722,0,0.08991494041510303,0,true_negative,0.3969819841029302,38.0,Male,2017-2018
95723,1,0.8971855376628144,1,true_positive,0.4102886131447812,80.0,Female,2017-2018
95727,0,0.44105584507368073,0,true_negative,0.04584107944435245,52.0,Male,2017-2018
95731,0,0.17119517634600154,0,true_negative,0.31570174817203167,47.0,Female,2017-2018
95736,0,0.570855447147345,1,false_positive,0.08395852262931186,58.0,Male,2017-2018
95744,0,0.06415757285510612,0,true_negative,0.4227393516629271,57.0,Female,2017-2018
95745,0,0.3053375113961031,0,true_negative,0.18155941312193008,60.0,Female,2017-2018
95752,1,0.8437664448042632,1,true_positive,0.35686952028623004,80.0,Male,2017-2018
95754,0,0.15643134769852632,0,true_negative,0.33046557681950683,33.0,Male,2017-2018
95763,1,0.8702013325619069,1,true_positive,0.3833044080438737,75.0,Male,2017-2018
95765,0,0.3009453997578741,0,true_negative,0.18595152476015908,51.0,Male,2017-2018
95770,0,0.5331108660855629,1,false_positive,0.046213941567529726,50.0,Male,2017-2018
95771,0,0.4291541249712133,0,true_negative,0.05774279954681988,63.0,Female,2017-2018
95773,0,0.7472156354329562,1,false_positive,0.26031871091492303,66.0,Female,2017-2018
95777,0,0.7433309524059248,1,false_positive,0.25643402788789166,78.0,Female,2017-2018
95780,0,0.8596822251038758,1,false_positive,0.37278530058584264,78.0,Female,2017-2018
95788,0,0.024292910612052923,0,true_negative,0.46260401390598027,28.0,Female,2017-2018
95789,0,0.08240647884126218,0,true_negative,0.404490445676771,48.0,Female,2017-2018
95791,0,0.1206220425987286,0,true_negative,0.3662748819193046,33.0,Male,2017-2018
95798,1,0.9456890988005057,1,true_positive,0.4587921742824725,76.0,Female,2017-2018
95812,0,0.360517898498334,0,true_negative,0.1263790260196992,63.0,Female,2017-2018
95819,0,0.8252186228319358,1,false_positive,0.33832169831390263,80.0,Male,2017-2018
95822,0,0.26424786059488914,0,true_negative,0.22264906392314404,66.0,Male,2017-2018
95831,1,0.3508394030919898,0,false_negative,0.13605752142604338,63.0,Female,2017-2018
95836,0,0.23217320423471574,0,true_negative,0.25472372028331747,55.0,Female,2017-2018
95853,0,0.03885548079993232,0,true_negative,0.44804144371810084,24.0,Female,2017-2018
95860,0,0.26113310719510585,0,true_negative,0.22576381732292733,51.0,Female,2017-2018
95862,0,0.9578490953918131,1,false_positive,0.4709521708737799,80.0,Male,2017-2018
95866,1,0.7749443789016708,1,true_positive,0.2880474543836376,80.0,Female,2017-2018
95867,0,0.2737447376542469,0,true_negative,0.21315218686378629,34.0,Female,2017-2018
95873,0,0.9191018258527388,1,false_positive,0.4322049013347056,76.0,Male,2017-2018
95886,0,0.14982822149404423,0,true_negative,0.33706870302398895,57.0,Female,2017-2018
95903,0,0.016828322393304705,0,true_negative,0.47006860212472845,21.0,Male,2017-2018
95904,0,0.04300325585542251,0,true_negative,0.44389366866261065,53.0,Female,2017-2018
95910,0,0.13413205927765756,0,true_negative,0.35276486524037565,50.0,Male,2017-2018
95913,0,0.3522800756016496,0,true_negative,0.1346168489163836,80.0,Female,2017-2018
95939,0,0.9072129865235533,1,false_positive,0.42031606200552013,76.0,Male,2017-2018
95944,1,0.7272429192739635,1,true_positive,0.24034599475593027,54.0,Male,2017-2018
95951,0,0.03586291697303345,0,true_negative,0.4510340075449997,24.0,Male,2017-2018
95952,0,0.43553663442481194,0,true_negative,0.05136029009322124,68.0,Male,2017-2018
95955,0,0.03314958247113516,0,true_negative,0.45374734204689804,22.0,Female,2017-2018
95962,0,0.07686765574741027,0,true_negative,0.4100292687706229,32.0,Male,2017-2018
95964,0,0.3652292210140038,0,true_negative,0.12166770350402939,80.0,Female,2017-2018
95985,1,0.6029483626216471,1,true_positive,0.1160514381036139,62.0,Male,2017-2018
95990,0,0.037314128551385,0,true_negative,0.4495827959666482,28.0,Female,2017-2018
96008,0,0.12014528923090179,0,true_negative,0.3667516352871314,52.0,Male,2017-2018
96010,0,0.29759518609331026,0,true_negative,0.18930173842472292,64.0,Male,2017-2018
96017,0,0.5135326329018453,1,false_positive,0.026635708383812073,64.0,Male,2017-2018
96020,0,0.778899055879973,1,false_positive,0.2920021313619398,80.0,Female,2017-2018
96023,0,0.8599413880291954,1,false_positive,0.3730444635111622,73.0,Female,2017-2018
96034,0,0.17304153706929254,0,true_negative,0.31385538744874064,57.0,Male,2017-2018
96050,0,0.13992410413669898,0,true_negative,0.3469728203813342,46.0,Female,2017-2018
96063,0,0.023379642271130915,0,true_negative,0.46351728224690225,27.0,Female,2017-2018
96079,0,0.28443738458169304,0,true_negative,0.20245953993634014,52.0,Male,2017-2018
96085,0,0.21784052451188737,0,true_negative,0.26905640000614583,25.0,Male,2017-2018
96089,0,0.977816508619724,1,false_positive,0.49091958410169084,76.0,Male,2017-2018
96100,0,0.819656031081925,1,false_positive,0.3327591065638918,65.0,Male,2017-2018
96122,0,0.1200871169586397,0,true_negative,0.36680980755939346,54.0,Female,2017-2018
96133,0,0.01540684776495647,0,true_negative,0.4714900767530767,32.0,Male,2017-2018
96135,0,0.37670593320059864,0,true_negative,0.11019099131743454,73.0,Female,2017-2018
96143,0,0.28862984942659026,0,true_negative,0.19826707509144292,55.0,Male,2017-2018
96150,0,0.12256133986729652,0,true_negative,0.3643355846507367,23.0,Male,2017-2018
96162,0,0.33555036435056185,0,true_negative,0.15134656016747133,60.0,Female,2017-2018
96164,0,0.23120930558992786,0,true_negative,0.2556876189281053,64.0,Female,2017-2018
96171,0,0.4703627446615845,0,true_negative,0.016534179856448672,80.0,Female,2017-2018
96172,0,0.5849492625510769,1,false_positive,0.09805233803304375,80.0,Female,2017-2018
96178,0,0.19546638734978655,0,true_negative,0.29143053716824663,63.0,Male,2017-2018
96181,0,0.8296978226732973,1,false_positive,0.3428008981552641,74.0,Male,2017-2018
96186,0,0.5189976438241567,1,false_positive,0.032100719306123515,45.0,Male,2017-2018
96191,0,0.060483543241981075,0,true_negative,0.4264133812760521,39.0,Female,2017-2018
96198,0,0.054421143394753936,0,true_negative,0.4324757811232792,29.0,Female,2017-2018
96217,1,0.9642772021622232,1,true_positive,0.47738027764419005,71.0,Male,2017-2018
96224,0,0.17960215215399594,0,true_negative,0.30729477236403724,59.0,Female,2017-2018
96239,0,0.4543256479088061,0,true_negative,0.032571276609227096,69.0,Female,2017-2018
96243,0,0.004350121884941977,0,true_negative,0.4825468026330912,29.0,Female,2017-2018
96244,0,0.022686887400634088,0,true_negative,0.4642100371173991,38.0,Female,2017-2018
96257,0,0.033218860464751795,0,true_negative,0.45367806405328137,32.0,Female,2017-2018
96264,0,0.05840382104713119,0,true_negative,0.42849310347090197,45.0,Female,2017-2018
96270,0,0.06828840869695747,0,true_negative,0.4186085158210757,25.0,Male,2017-2018
96271,0,0.5354539475009353,1,false_positive,0.048557022982902154,70.0,Male,2017-2018
96272,0,0.044370497413435725,0,true_negative,0.44252642710459744,29.0,Male,2017-2018
96279,0,0.5531400290876723,1,false_positive,0.06624310456963917,54.0,Female,2017-2018
96296,0,0.7980129300384455,1,false_positive,0.31111600552041235,72.0,Female,2017-2018
96321,0,0.9380207851862147,1,false_positive,0.4511238606681815,69.0,Male,2017-2018
96329,0,0.055696673426797405,0,true_negative,0.4312002510912358,42.0,Female,2017-2018
96348,0,0.536610753084333,1,false_positive,0.049713828566299856,54.0,Male,2017-2018
96352,0,0.828132810134557,1,false_positive,0.3412358856165238,67.0,Male,2017-2018
96368,0,0.143976192322008,0,true_negative,0.34292073219602515,31.0,Female,2017-2018
96370,1,0.4392933311320629,0,false_negative,0.047603593385970255,77.0,Female,2017-2018
96377,0,0.05144089919966954,0,true_negative,0.43545602531836364,52.0,Female,2017-2018
96379,0,0.011522881935052232,0,true_negative,0.47537404258298094,21.0,Female,2017-2018
96380,0,0.104842470253047,0,true_negative,0.3820544542649862,43.0,Male,2017-2018
96390,0,0.030348715746286073,0,true_negative,0.4565482087717471,46.0,Male,2017-2018
96396,0,0.03405240174402957,0,true_negative,0.4528445227740036,38.0,Male,2017-2018
96398,0,0.03559334957362392,0,true_negative,0.45130357494440926,32.0,Male,2017-2018
96411,0,0.16542804203199807,0,true_negative,0.3214688824860351,60.0,Female,2017-2018
96413,0,0.6022471784121044,1,false_positive,0.11535025389407122,71.0,Male,2017-2018
96415,0,0.1410170574556192,0,true_negative,0.34587986706241397,36.0,Male,2017-2018
96420,0,0.19988300471101583,0,true_negative,0.28701391980701735,60.0,Male,2017-2018
96428,0,0.044209801593350986,0,true_negative,0.4426871229246822,37.0,Female,2017-2018
96432,0,0.11331620620078087,0,true_negative,0.3735807183172523,47.0,Female,2017-2018
96433,0,0.09660915027806116,0,true_negative,0.390287774239972,35.0,Female,2017-2018
96443,0,0.014762824078321057,0,true_negative,0.4721341004397121,24.0,Female,2017-2018
96450,0,0.6835852450363905,1,false_positive,0.19668832051835733,53.0,Female,2017-2018
96455,0,0.07365075111376855,0,true_negative,0.4132461734042646,34.0,Male,2017-2018
96457,0,0.4160031345959505,0,true_negative,0.07089378992208267,58.0,Male,2017-2018
96471,0,0.5158602947525823,1,false_positive,0.028963370234549146,65.0,Male,2017-2018
96473,0,0.765074106090402,1,false_positive,0.27817718157236887,79.0,Male,2017-2018
96480,0,0.6393831501177494,1,false_positive,0.1524862255997162,65.0,Male,2017-2018
96501,0,0.6680787969223099,1,false_positive,0.1811818724042767,50.0,Male,2017-2018
96508,0,0.05298292606802655,0,true_negative,0.4339139984500066,46.0,Female,2017-2018
96513,0,0.18975920329187998,0,true_negative,0.29713772122615323,24.0,Male,2017-2018
96515,0,0.40078461191341574,0,true_negative,0.08611231260461744,69.0,Male,2017-2018
96519,0,0.030191641822652965,0,true_negative,0.45670528269538024,33.0,Female,2017-2018
96521,0,0.8122811886708547,1,false_positive,0.32538426415282157,62.0,Male,2017-2018
96522,0,0.09528736515793705,0,true_negative,0.3916095593600961,52.0,Female,2017-2018
96532,0,0.15091916802194827,0,true_negative,0.3359777564960849,45.0,Female,2017-2018
96552,0,0.04637533015000431,0,true_negative,0.44052159436802885,43.0,Male,2017-2018
96553,0,0.4171693585717534,0,true_negative,0.06972756594627977,58.0,Male,2017-2018
96561,0,0.15831143370970965,0,true_negative,0.32858549080832355,53.0,Male,2017-2018
96573,0,0.06783116688370203,0,true_negative,0.4190657576343312,46.0,Female,2017-2018
96586,0,0.2697900977197335,0,true_negative,0.21710682679829968,65.0,Female,2017-2018
96596,0,0.0317753450488812,0,true_negative,0.455121579469152,35.0,Male,2017-2018
96598,0,0.31619480995898025,0,true_negative,0.17070211455905293,67.0,Female,2017-2018
96602,0,0.8754938615528617,1,false_positive,0.3885969370348285,80.0,Male,2017-2018
96608,0,0.0639572722283693,0,true_negative,0.4229396522896639,30.0,Male,2017-2018
96609,0,0.12133232374346772,0,true_negative,0.36556460077456543,36.0,Female,2017-2018
96610,0,0.04006414561363475,0,true_negative,0.44683277890439843,34.0,Female,2017-2018
96614,0,0.9262806657733003,1,false_positive,0.4393837412552671,79.0,Male,2017-2018
96615,0,0.7189734596845235,1,false_positive,0.23207653516649035,62.0,Male,2017-2018
96616,0,0.05569444657918574,0,true_negative,0.4312024779388474,51.0,Male,2017-2018
96623,0,0.14363343067074263,0,true_negative,0.34326349384729055,53.0,Male,2017-2018
96626,0,0.027577468337528565,0,true_negative,0.4593194561805046,23.0,Male,2017-2018
96629,0,0.040899700707647056,0,true_negative,0.44599722381038615,46.0,Female,2017-2018
96638,0,0.5301714390681755,1,false_positive,0.04327451455014236,58.0,Male,2017-2018
96642,1,0.491848906947963,1,true_positive,0.004951982429929835,67.0,Male,2017-2018
96653,0,0.039147264294456634,0,true_negative,0.44774966022357654,28.0,Male,2017-2018
96656,0,0.15812566367454461,0,true_negative,0.32877126084348857,24.0,Male,2017-2018
96672,0,0.03273777325964482,0,true_negative,0.45415915125838835,32.0,Male,2017-2018
96719,0,0.17812992302169106,0,true_negative,0.3087670014963421,50.0,Female,2017-2018
96722,0,0.8602312867747871,1,false_positive,0.3733343622567539,68.0,Male,2017-2018
96725,0,0.06546811868178996,0,true_negative,0.4214288058362432,33.0,Female,2017-2018
96745,0,0.16568134249375238,0,true_negative,0.3212155820242808,52.0,Female,2017-2018
96748,0,0.0568850493267669,0,true_negative,0.43001187519126627,37.0,Female,2017-2018
96753,0,0.8130847505888738,1,false_positive,0.32618782607084057,78.0,Male,2017-2018
96785,0,0.7203656255915847,1,false_positive,0.2334687010735515,80.0,Female,2017-2018
96789,0,0.8011341886213389,1,false_positive,0.3142372641033057,80.0,Female,2017-2018
96795,0,0.02236224538598524,0,true_negative,0.46453467913204793,22.0,Male,2017-2018
96804,0,0.7540121667087608,1,false_positive,0.26711524219072763,67.0,Male,2017-2018
96805,0,0.4534737745713661,0,true_negative,0.03342314994666706,64.0,Female,2017-2018
96810,0,0.12249157292417424,0,true_negative,0.36440535159385895,39.0,Female,2017-2018
96816,0,0.1950645910271792,0,true_negative,0.29183233349085397,60.0,Female,2017-2018
96827,0,0.6665066230891958,1,false_positive,0.17960969857116266,73.0,Male,2017-2018
96833,0,0.16610453072413586,0,true_negative,0.32079239379389735,34.0,Female,2017-2018
96836,0,0.577912619740299,1,false_positive,0.09101569522226577,59.0,Female,2017-2018
96839,0,0.04117698558445966,0,true_negative,0.44571993893357353,22.0,Female,2017-2018
96844,0,0.29233238928157135,0,true_negative,0.19456453523646183,55.0,Male,2017-2018
96851,0,0.4905279423860536,1,false_positive,0.003631017868020392,61.0,Female,2017-2018
96855,0,0.8990424163860228,1,false_positive,0.4121454918679896,80.0,Female,2017-2018
96862,0,0.11848083443689636,0,true_negative,0.36841609008113685,51.0,Female,2017-2018
96865,0,0.034065909480872236,0,true_negative,0.45283101503716094,28.0,Female,2017-2018
96871,0,0.7230666332207467,1,false_positive,0.23616970870271353,72.0,Male,2017-2018
96878,0,0.8985255950662802,1,false_positive,0.411628670548247,80.0,Male,2017-2018
96884,0,0.0955257285563045,0,true_negative,0.39137119596172865,55.0,Female,2017-2018
96891,0,0.14702593811585923,0,true_negative,0.33987098640217395,41.0,Male,2017-2018
96895,0,0.10807286665464858,0,true_negative,0.3788240578633846,60.0,Female,2017-2018
96907,0,0.09027296661735856,0,true_negative,0.3966239579006746,35.0,Female,2017-2018
96908,0,0.7453377924098994,1,false_positive,0.2584408678918662,73.0,Female,2017-2018
96912,0,0.17097184370306098,0,true_negative,0.31592508081497217,50.0,Male,2017-2018
96915,0,0.2955046163838292,0,true_negative,0.191392308134204,49.0,Male,2017-2018
96916,0,0.2328837575426051,0,true_negative,0.2540131669754281,69.0,Female,2017-2018
96927,0,0.7205589344960037,1,false_positive,0.23366200997797054,70.0,Male,2017-2018
96941,0,0.03396875984709123,0,true_negative,0.45292816467094194,39.0,Female,2017-2018
96953,0,0.6761527795392063,1,false_positive,0.1892558550211731,60.0,Female,2017-2018
96960,0,0.14035973199930896,0,true_negative,0.3465371925187242,47.0,Female,2017-2018
96965,0,0.3336292719252768,0,true_negative,0.15326765259275638,52.0,Male,2017-2018
96969,0,0.07730348748621188,0,true_negative,0.4095934370318213,38.0,Male,2017-2018
96975,0,0.025317756957854744,0,true_negative,0.4615791675601784,30.0,Female,2017-2018
96976,1,0.6937786941463,1,true_positive,0.20688176962826682,63.0,Male,2017-2018
96998,0,0.6829130065984915,1,false_positive,0.19601608208045834,68.0,Female,2017-2018
97025,0,0.021876654080248963,0,true_negative,0.4650202704377842,36.0,Female,2017-2018
97036,0,0.016898968119755213,0,true_negative,0.46999795639827796,28.0,Female,2017-2018
97038,0,0.16367882051869218,0,true_negative,0.32321810399934103,53.0,Female,2017-2018
97040,0,0.29976716248307994,0,true_negative,0.18712976203495324,58.0,Female,2017-2018
97065,0,0.08861137672713562,0,true_negative,0.39828554779089753,42.0,Male,2017-2018
97088,0,0.4966936508418357,1,false_positive,0.009796726323802518,60.0,Male,2017-2018
97093,0,0.022001746671708667,0,true_negative,0.4648951778463245,35.0,Female,2017-2018
97095,0,0.1883478910419525,0,true_negative,0.2985490334760807,44.0,Female,2017-2018
97104,0,0.16528068893102116,0,true_negative,0.321616235587012,38.0,Male,2017-2018
97106,0,0.01435416663206293,0,true_negative,0.4725427578859703,20.0,Female,2017-2018
97107,0,0.3356842646720324,0,true_negative,0.1512126598460008,49.0,Male,2017-2018
97117,0,0.42313483310888556,0,true_negative,0.06376209140914763,63.0,Female,2017-2018
97121,0,0.21812205254175554,0,true_negative,0.26877487197627764,44.0,Female,2017-2018
97129,0,0.04205756821869166,0,true_negative,0.4448393562993415,40.0,Female,2017-2018
97131,0,0.15930607756626844,0,true_negative,0.32759084695176477,53.0,Female,2017-2018
97138,0,0.052274265144272775,0,true_negative,0.43462265937376043,47.0,Female,2017-2018
97142,0,0.13418149173027583,0,true_negative,0.35271543278775735,44.0,Female,2017-2018
97143,0,0.473640982800448,0,true_negative,0.013255941717585207,61.0,Male,2017-2018
97145,0,0.11520513721197641,0,true_negative,0.3716917873060568,46.0,Female,2017-2018
97152,0,0.1418877997467176,0,true_negative,0.34500912477131557,45.0,Female,2017-2018
97163,0,0.21395895368752477,0,true_negative,0.2729379708305084,55.0,Male,2017-2018
97169,0,0.39489753375204245,0,true_negative,0.09199939076599073,67.0,Female,2017-2018
97171,0,0.18523639297849323,0,true_negative,0.30166053153954,74.0,Female,2017-2018
97174,0,0.09275078705482011,0,true_negative,0.3941461374632131,26.0,Female,2017-2018
97177,0,0.06340841538122562,0,true_negative,0.4234885091368076,41.0,Male,2017-2018
97180,0,0.7066137324288886,1,false_positive,0.2197168079108554,80.0,Female,2017-2018
97193,0,0.01786572749920912,0,true_negative,0.46903119701882406,28.0,Male,2017-2018
97198,0,0.6330241609083487,1,false_positive,0.1461272363903155,73.0,Female,2017-2018
97200,0,0.1533448344102871,0,true_negative,0.3335520901077461,56.0,Male,2017-2018
97206,0,0.4733471553039741,0,true_negative,0.013549769214059093,69.0,Male,2017-2018
97210,0,0.20106291416620978,0,true_negative,0.28583401035182343,47.0,Male,2017-2018
97221,1,0.8042412248744574,1,true_positive,0.3173443003564242,78.0,Male,2017-2018
97222,0,0.05999991026637924,0,true_negative,0.42689701425165394,53.0,Female,2017-2018
97229,0,0.6012905921365921,1,false_positive,0.1143936676185589,80.0,Female,2017-2018
97235,0,0.1528445596653137,0,true_negative,0.3340523648527195,35.0,Female,2017-2018
97236,0,0.1390569741101968,0,true_negative,0.3478399504078364,45.0,Male,2017-2018
97237,0,0.8264837510209773,1,false_positive,0.3395868265029441,80.0,Female,2017-2018
97260,0,0.06331669108093312,0,true_negative,0.42358023343710005,45.0,Female,2017-2018
97263,0,0.057367717731848934,0,true_negative,0.4295292067861842,41.0,Female,2017-2018
97266,0,0.24221559216829208,0,true_negative,0.2446813323497411,43.0,Male,2017-2018
97272,0,0.9518544897543385,1,false_positive,0.4649575652363053,80.0,Female,2017-2018
97274,0,0.6748987934801347,1,false_positive,0.18800186896210153,80.0,Male,2017-2018
97282,0,0.3173887707847781,0,true_negative,0.16950815373325506,65.0,Female,2017-2018
97289,0,0.10295597404608807,0,true_negative,0.3839409504719451,48.0,Female,2017-2018
97301,0,0.39210713938890207,0,true_negative,0.09478978512913111,64.0,Male,2017-2018
97307,1,0.8129064188018047,1,true_positive,0.3260094942837715,63.0,Male,2017-2018
97314,0,0.06297417672732847,0,true_negative,0.4239227477907047,29.0,Female,2017-2018
97319,0,0.11894906762374823,0,true_negative,0.36794785689428494,32.0,Male,2017-2018
97320,0,0.4788290740178311,0,true_negative,0.00806785050020209,65.0,Male,2017-2018
97321,0,0.14829907370533227,0,true_negative,0.3385978508127009,37.0,Male,2017-2018
97323,0,0.24828629506273955,0,true_negative,0.23861062945529363,67.0,Female,2017-2018
97338,0,0.08091161231331094,0,true_negative,0.4059853122047222,37.0,Female,2017-2018
97339,0,0.9719873603553204,1,false_positive,0.4850904358372872,80.0,Male,2017-2018
97343,0,0.05693553339215639,0,true_negative,0.4299613911258768,57.0,Female,2017-2018
97356,0,0.027294493413918763,0,true_negative,0.4596024311041144,29.0,Female,2017-2018
97370,0,0.17741209378822329,0,true_negative,0.3094848307298099,62.0,Female,2017-2018
97373,0,0.31939176926795126,0,true_negative,0.16750515525008192,41.0,Female,2017-2018
97384,0,0.16222774584268665,0,true_negative,0.3246691786753465,31.0,Male,2017-2018
97388,0,0.964949120535432,1,false_positive,0.47805219601739884,66.0,Female,2017-2018
97389,0,0.9450936695124865,1,false_positive,0.45819674499445334,80.0,Male,2017-2018
97398,0,0.8122554530390834,1,false_positive,0.32535852852105024,69.0,Male,2017-2018
97402,0,0.01753585220795348,0,true_negative,0.46936107231007973,23.0,Female,2017-2018
97408,0,0.9213322837302498,1,false_positive,0.4344353592122166,67.0,Male,2017-2018
97409,0,0.08613386258505315,0,true_negative,0.40076306193298006,32.0,Male,2017-2018
97429,0,0.49923866941288886,1,false_positive,0.012341744894855677,51.0,Male,2017-2018
97441,0,0.33890454931846486,0,true_negative,0.14799237519956832,61.0,Male,2017-2018
97443,0,0.05334851594178172,0,true_negative,0.43354840857625143,56.0,Female,2017-2018
97451,0,0.08712001336517496,0,true_negative,0.39977691115285824,34.0,Female,2017-2018
97452,0,0.19920097554073402,0,true_negative,0.28769594897729917,47.0,Female,2017-2018
97462,0,0.24114701190837243,0,true_negative,0.24574991260966075,50.0,Male,2017-2018
97468,0,0.3328279188943379,0,true_negative,0.1540690056236953,46.0,Male,2017-2018
97471,0,0.6663332295217584,1,false_positive,0.17943630500372526,80.0,Female,2017-2018
97473,0,0.14664604697239764,0,true_negative,0.34025087754563554,53.0,Male,2017-2018
97482,0,0.8308701331601989,1,false_positive,0.3439732086421657,70.0,Female,2017-2018
97486,0,0.7223497879900965,1,false_positive,0.23545286347206335,69.0,Female,2017-2018
97487,0,0.08120146398881045,0,true_negative,0.40569546052922273,53.0,Female,2017-2018
97488,0,0.7827161387713958,1,false_positive,0.2958192142533626,80.0,Female,2017-2018
97497,0,0.03439162337626883,0,true_negative,0.45250530114176435,24.0,Male,2017-2018
97507,0,0.031014507143027305,0,true_negative,0.4558824173750059,20.0,Female,2017-2018
97510,0,0.23266459167043224,0,true_negative,0.25423233284760094,61.0,Female,2017-2018
97513,0,0.6153940876546942,1,false_positive,0.12849716313666099,54.0,Male,2017-2018
97523,1,0.9219908322992191,1,true_positive,0.4350939077811859,80.0,Male,2017-2018
97535,0,0.5670436153509533,1,false_positive,0.08014669083292009,63.0,Female,2017-2018
97536,0,0.7935054693424699,1,false_positive,0.3066085448244367,80.0,Male,2017-2018
97538,0,0.2409963424946629,0,true_negative,0.24590058202337028,54.0,Female,2017-2018
97548,0,0.13549100608606807,0,true_negative,0.3514059184319651,50.0,Female,2017-2018
97561,0,0.1383800599357481,0,true_negative,0.3485168645822851,46.0,Male,2017-2018
97571,0,0.44265193513846535,0,true_negative,0.044244989379567834,54.0,Male,2017-2018
97577,0,0.733566969930016,1,false_positive,0.24667004541198284,56.0,Female,2017-2018
97585,0,0.02763570302541985,0,true_negative,0.45926122149261334,21.0,Male,2017-2018
97591,0,0.09878822129155536,0,true_negative,0.38810870322647784,29.0,Male,2017-2018
97592,0,0.46560262448701145,0,true_negative,0.02129430003102173,63.0,Male,2017-2018
97594,0,0.11690141703682833,0,true_negative,0.36999550748120485,56.0,Female,2017-2018
97608,0,0.7467621051170695,1,false_positive,0.25986518059903635,79.0,Male,2017-2018
97611,0,0.8741991529074162,1,false_positive,0.38730222838938305,68.0,Male,2017-2018
97620,0,0.02616501351271132,0,true_negative,0.46073191100532185,41.0,Female,2017-2018
97624,0,0.009608130591235609,0,true_negative,0.47728879392679757,32.0,Female,2017-2018
97627,0,0.04982794274700656,0,true_negative,0.4370689817710266,34.0,Female,2017-2018
97635,0,0.15677401646926195,0,true_negative,0.3301229080487712,56.0,Female,2017-2018
97648,0,0.08975814558208194,0,true_negative,0.39713877893595123,32.0,Female,2017-2018
97683,0,0.06430137994164618,0,true_negative,0.422595544576387,49.0,Female,2017-2018
97684,0,0.21328836258158948,0,true_negative,0.2736085619364437,47.0,Female,2017-2018
97688,0,0.3707108672992506,0,true_negative,0.11618605721878256,56.0,Female,2017-2018
97699,0,0.1028683554203341,0,true_negative,0.3840285690976991,55.0,Female,2017-2018
97702,0,0.01803055125994246,0,true_negative,0.4688663732580907,21.0,Female,2017-2018
97722,0,0.08911179056288134,0,true_negative,0.39778513395515186,24.0,Female,2017-2018
97724,0,0.8309276529899007,1,false_positive,0.3440307284718675,80.0,Male,2017-2018
97726,0,0.10071823460559942,0,true_negative,0.38617868991243376,39.0,Female,2017-2018
97740,0,0.17261595404727026,0,true_negative,0.3142809704707629,52.0,Female,2017-2018
97747,0,0.09164060401487538,0,true_negative,0.3952563205031578,47.0,Male,2017-2018
97761,0,0.27290785460622163,0,true_negative,0.21398906991181155,56.0,Female,2017-2018
97762,0,0.18585406274584762,0,true_negative,0.30104286177218553,50.0,Female,2017-2018
97766,0,0.6752858117027125,1,false_positive,0.18838888718467933,65.0,Male,2017-2018
97770,0,0.8609786455187626,1,false_positive,0.3740817210007294,61.0,Female,2017-2018
97809,0,0.7533492122239811,1,false_positive,0.2664522877059479,71.0,Male,2017-2018
97813,0,0.09508955809143935,0,true_negative,0.39180736642659386,60.0,Female,2017-2018
97829,0,0.031208103961166668,0,true_negative,0.4556888205568665,24.0,Male,2017-2018
97835,0,0.06709669510558629,0,true_negative,0.4198002294124469,49.0,Female,2017-2018
97841,0,0.06094477353503857,0,true_negative,0.4259521509829946,44.0,Female,2017-2018
97851,0,0.022977846268173698,0,true_negative,0.4639190782498595,23.0,Male,2017-2018
97859,0,0.4117657623706353,0,true_negative,0.0751311621473979,60.0,Male,2017-2018
97874,0,0.20206400394482724,0,true_negative,0.28483292057320597,55.0,Female,2017-2018
97878,0,0.08548822415093917,0,true_negative,0.40140870036709403,49.0,Female,2017-2018
97902,0,0.5355335072206454,1,false_positive,0.04863658270261223,62.0,Male,2017-2018
97908,0,0.7391099670692146,1,false_positive,0.25221304255118143,62.0,Male,2017-2018
97916,0,0.4797196125172106,0,true_negative,0.0071773120008225555,73.0,Female,2017-2018
97935,0,0.07133472909842223,0,true_negative,0.4155621954196109,22.0,Male,2017-2018
97940,0,0.03713904050652741,0,true_negative,0.4497578840115058,29.0,Male,2017-2018
97944,0,0.5990299852159067,1,false_positive,0.11213306069787349,63.0,Female,2017-2018
97951,0,0.01921912803326595,0,true_negative,0.4676777964847672,24.0,Female,2017-2018
97963,0,0.053791312437582416,0,true_negative,0.4331056120804508,29.0,Male,2017-2018
97965,0,0.038484986000684396,0,true_negative,0.4484119385173488,32.0,Male,2017-2018
97966,0,0.265506063409146,0,true_negative,0.22139086110888717,54.0,Female,2017-2018
97967,0,0.04744979230447286,0,true_negative,0.4394471322135603,40.0,Female,2017-2018
97980,1,0.9372730852428856,1,true_positive,0.45037616072485237,78.0,Male,2017-2018
97982,0,0.12790948931365365,0,true_negative,0.35898743520437953,52.0,Female,2017-2018
97985,0,0.38821116879993284,0,true_negative,0.09868575571810034,80.0,Female,2017-2018
97995,0,0.061731113141180495,0,true_negative,0.42516581137685266,47.0,Male,2017-2018
98007,0,0.03884821160399619,0,true_negative,0.448048712914037,31.0,Male,2017-2018
98008,0,0.6245311913660697,1,false_positive,0.13763426684803653,80.0,Female,2017-2018
98023,0,0.042882185171500685,0,true_negative,0.4440147393465325,37.0,Female,2017-2018
98024,1,0.42717181803548737,0,false_negative,0.05972510648254581,61.0,Female,2017-2018
98028,0,0.34059157099749815,0,true_negative,0.14630535352053503,34.0,Female,2017-2018
98031,0,0.3040509730549104,0,true_negative,0.18284595146312277,31.0,Male,2017-2018
98032,1,0.8625757476948506,1,true_positive,0.3756788231768174,72.0,Male,2017-2018
98035,0,0.03348901444982879,0,true_negative,0.4534079100682044,35.0,Female,2017-2018
98040,0,0.7018775833260076,1,false_positive,0.2149806588079744,65.0,Male,2017-2018
98041,0,0.2553839274483899,0,true_negative,0.2315129970696433,55.0,Female,2017-2018
98052,0,0.016909401897930595,0,true_negative,0.46998752262010257,26.0,Female,2017-2018
98054,0,0.26172432935271794,0,true_negative,0.22517259516531524,43.0,Male,2017-2018
98058,0,0.23984162757622446,0,true_negative,0.24705529694180872,80.0,Female,2017-2018
98060,1,0.7258755978559064,1,true_positive,0.2389786733378732,80.0,Male,2017-2018
98062,0,0.5941530817437437,1,false_positive,0.10725615722571052,80.0,Female,2017-2018
98101,0,0.28677661960032874,0,true_negative,0.20012030491770444,48.0,Male,2017-2018
98102,0,0.06392970986869716,0,true_negative,0.422967214649336,35.0,Female,2017-2018
98103,0,0.10038670909129108,0,true_negative,0.38651021542674213,37.0,Male,2017-2018
98109,0,0.8416871376523707,1,false_positive,0.3547902131343375,77.0,Male,2017-2018
98121,0,0.9396390343869119,1,false_positive,0.4527421098688787,73.0,Male,2017-2018
98133,0,0.5914819731664848,1,false_positive,0.10458504864845158,80.0,Female,2017-2018
98134,1,0.3403555849450844,0,false_negative,0.1465413395729488,62.0,Male,2017-2018
98135,0,0.28426209237702194,0,true_negative,0.20263483214101125,42.0,Female,2017-2018
98138,0,0.12777272229162018,0,true_negative,0.359124202226413,40.0,Male,2017-2018
98141,0,0.16334636128918237,0,true_negative,0.3235505632288508,56.0,Female,2017-2018
98145,0,0.06671271615603463,0,true_negative,0.42018420836199855,24.0,Female,2017-2018
98147,0,0.07903085883469219,0,true_negative,0.407866065683341,29.0,Male,2017-2018
98148,0,0.110429448766146,0,true_negative,0.3764674757518872,37.0,Female,2017-2018
98194,0,0.4666792837630396,0,true_negative,0.020217640754993604,60.0,Female,2017-2018
98203,0,0.21272494756810953,0,true_negative,0.2741719769499237,35.0,Male,2017-2018
98204,0,0.2532419277890714,0,true_negative,0.23365499672896178,60.0,Male,2017-2018
98214,0,0.0560477035161936,0,true_negative,0.4308492210018396,37.0,Female,2017-2018
98218,0,0.03275106833719824,0,true_negative,0.4541458561808349,33.0,Female,2017-2018
98223,0,0.28730984707780327,0,true_negative,0.1995870774402299,52.0,Male,2017-2018
98236,0,0.6834496425425931,1,false_positive,0.19655271802455992,80.0,Female,2017-2018
98238,0,0.15217931625150646,0,true_negative,0.33471760826652674,44.0,Female,2017-2018
98241,0,0.08064851997589335,0,true_negative,0.40624840454213984,32.0,Male,2017-2018
98251,0,0.25591560109790085,0,true_negative,0.23098132342013233,47.0,Male,2017-2018
98262,0,0.4399764563960624,0,true_negative,0.04692046812197076,59.0,Male,2017-2018
98269,1,0.8579386139445234,1,true_positive,0.37104168942649024,76.0,Male,2017-2018
98274,0,0.18198255911139746,0,true_negative,0.30491436540663575,52.0,Female,2017-2018
98280,0,0.08136518906376637,0,true_negative,0.4055317354542668,31.0,Female,2017-2018
98285,0,0.02217249571130123,0,true_negative,0.4647244288067319,24.0,Female,2017-2018
98287,0,0.29753631298456806,0,true_negative,0.18936061153346512,61.0,Female,2017-2018
98293,0,0.19580500881638477,0,true_negative,0.2910919157016484,52.0,Female,2017-2018
98301,0,0.6116102144835535,1,false_positive,0.12471328996552028,68.0,Female,2017-2018
98314,0,0.21578287559049134,0,true_negative,0.2711140489275419,25.0,Male,2017-2018
98332,0,0.04629169314959936,0,true_negative,0.4406052313684338,34.0,Female,2017-2018
98333,0,0.12529384511021785,0,true_negative,0.36160307940781533,36.0,Male,2017-2018
98336,0,0.09014797448727897,0,true_negative,0.3967489500307542,41.0,Female,2017-2018
98341,0,0.8717994162568978,1,false_positive,0.38490249173886465,71.0,Male,2017-2018
98345,0,0.03562102675911662,0,true_negative,0.4512758977589166,22.0,Male,2017-2018
98357,0,0.02641674273282931,0,true_negative,0.4604801817852039,21.0,Male,2017-2018
98358,0,0.05683625329005186,0,true_negative,0.4300606712279813,33.0,Male,2017-2018
98383,0,0.5296590771207258,1,false_positive,0.042762152602692616,69.0,Male,2017-2018
98384,0,0.051013585088002925,0,true_negative,0.43588333943003027,54.0,Female,2017-2018
98385,0,0.3688999278319301,0,true_negative,0.11799699668610308,61.0,Male,2017-2018
98393,0,0.7088267044391358,1,false_positive,0.22192977992110258,80.0,Female,2017-2018
98394,0,0.02825626309713901,0,true_negative,0.45864066142089416,38.0,Female,2017-2018
98401,0,0.2318179251607402,0,true_negative,0.25507899935729295,41.0,Male,2017-2018
98414,0,0.7371610759218746,1,false_positive,0.25026415140384145,70.0,Female,2017-2018
98417,0,0.6481196475857754,1,false_positive,0.16122272306774227,79.0,Female,2017-2018
98428,0,0.06132350162707633,0,true_negative,0.42557342289095684,25.0,Female,2017-2018
98429,0,0.6344265589540081,1,false_positive,0.14752963443597494,80.0,Female,2017-2018
98447,0,0.2191370262029628,0,true_negative,0.2677598983150704,32.0,Male,2017-2018
98461,0,0.1737907191112684,0,true_negative,0.3131062054067648,54.0,Female,2017-2018
98469,0,0.08624164664546613,0,true_negative,0.40065527787256705,41.0,Male,2017-2018
98470,0,0.09842770066738214,0,true_negative,0.388469223850651,38.0,Female,2017-2018
98474,0,0.0657462463412871,0,true_negative,0.42115067817674606,35.0,Male,2017-2018
98475,0,0.019278852146215657,0,true_negative,0.4676180723718175,22.0,Male,2017-2018
98483,0,0.07353953974410686,0,true_negative,0.4133573847739263,26.0,Female,2017-2018
98500,0,0.15765388136571193,0,true_negative,0.3292430431523212,56.0,Female,2017-2018
98502,0,0.8351591146188541,1,false_positive,0.3482621901008209,80.0,Female,2017-2018
98526,0,0.23671434968029353,0,true_negative,0.25018257483773965,67.0,Male,2017-2018
98540,0,0.28179375127626877,0,true_negative,0.2051031732417644,63.0,Male,2017-2018
98542,0,0.15588064106675703,0,true_negative,0.33101628345127615,54.0,Female,2017-2018
98544,0,0.038912718366533795,0,true_negative,0.44798420615149936,29.0,Female,2017-2018
98548,0,0.25978625113053133,0,true_negative,0.22711067338750185,43.0,Male,2017-2018
98551,0,0.038524848089377645,0,true_negative,0.4483720764286555,32.0,Female,2017-2018
98553,0,0.09835762038014954,0,true_negative,0.3885393041378836,40.0,Female,2017-2018
98556,0,0.06636920723616288,0,true_negative,0.42052771728187033,48.0,Male,2017-2018
98561,0,0.22420946590376556,0,true_negative,0.2626874586142676,44.0,Male,2017-2018
98564,0,0.039456726708061225,0,true_negative,0.44744019780997196,39.0,Female,2017-2018
98565,0,0.5048102218197924,1,false_positive,0.017913297301759223,57.0,Female,2017-2018
98569,0,0.3752935828445271,0,true_negative,0.1116033416735061,65.0,Male,2017-2018
98592,0,0.3358045639595128,0,true_negative,0.15109236055852038,68.0,Female,2017-2018
98601,0,0.18569261282622535,0,true_negative,0.30120431169180784,41.0,Female,2017-2018
98603,0,0.5233714999210138,1,false_positive,0.03647457540298066,69.0,Female,2017-2018
98605,0,0.08040040253799668,0,true_negative,0.4064965219800365,55.0,Female,2017-2018
98609,0,0.1803958030109653,0,true_negative,0.3065011215070679,62.0,Female,2017-2018
98631,0,0.06894613310838328,0,true_negative,0.4179507914096499,43.0,Female,2017-2018
98648,0,0.6414795659886688,1,false_positive,0.15458264147063566,80.0,Female,2017-2018
98661,0,0.06797332995710524,0,true_negative,0.4189235945609279,31.0,Female,2017-2018
98669,1,0.7654198525685476,1,true_positive,0.27852292805051443,63.0,Male,2017-2018
98675,0,0.37766864230107927,0,true_negative,0.10922828221695391,61.0,Male,2017-2018
98710,0,0.05218632723416658,0,true_negative,0.43471059728386663,24.0,Male,2017-2018
98711,0,0.3898486286457486,0,true_negative,0.09704829587228458,53.0,Male,2017-2018
98716,0,0.06873308774631441,0,true_negative,0.41816383677171876,41.0,Female,2017-2018
98721,0,0.21230887355571618,0,true_negative,0.274588050962317,55.0,Female,2017-2018
98722,0,0.6306130708705429,1,false_positive,0.14371614635250968,57.0,Female,2017-2018
98728,0,0.21733074216970566,0,true_negative,0.2695661823483275,41.0,Male,2017-2018
98732,0,0.8640051505537061,1,false_positive,0.3771082260356729,66.0,Male,2017-2018
98740,0,0.07597464008433646,0,true_negative,0.4109222844336967,31.0,Male,2017-2018
98744,0,0.1601157341848059,0,true_negative,0.3267811903332273,64.0,Female,2017-2018
98745,0,0.34595052927970865,0,true_negative,0.14094639523832453,60.0,Female,2017-2018
98746,0,0.7691159561309687,1,false_positive,0.28221903161293554,60.0,Female,2017-2018
98748,0,0.5744384564632026,1,false_positive,0.08754153194516939,50.0,Male,2017-2018
98749,0,0.6750971291891852,1,false_positive,0.188200204671152,37.0,Male,2017-2018
98755,0,0.6801746057379603,1,false_positive,0.1932776812199271,68.0,Female,2017-2018
98759,0,0.522934349044865,1,false_positive,0.03603742452683184,80.0,Male,2017-2018
98775,0,0.059756064958752686,0,true_negative,0.4271408595592805,26.0,Male,2017-2018
98776,0,0.16842126332743607,0,true_negative,0.3184756611905971,45.0,Female,2017-2018
98782,0,0.07598392516222104,0,true_negative,0.41091299935581216,43.0,Female,2017-2018
98799,0,0.05879750146975116,0,true_negative,0.428099423048282,32.0,Female,2017-2018
98803,0,0.16118192673446288,0,true_negative,0.32571499778357027,45.0,Male,2017-2018
98810,0,0.4869578032931215,1,false_positive,6.08787750883133e-05,55.0,Female,2017-2018
98820,1,0.38683274350660535,0,false_negative,0.10006418101142783,63.0,Male,2017-2018
98824,0,0.11900919538541761,0,true_negative,0.3678877291326156,24.0,Male,2017-2018
98828,0,0.0690146549622686,0,true_negative,0.4178822695557646,29.0,Female,2017-2018
98843,0,0.5326888194369432,1,false_positive,0.04579189491891006,56.0,Male,2017-2018
98848,0,0.3900466245739723,0,true_negative,0.09685029994406086,78.0,Female,2017-2018
98851,0,0.016193390720121457,0,true_negative,0.47070353379791174,23.0,Female,2017-2018
98854,0,0.038042462489226,0,true_negative,0.4488544620288072,22.0,Male,2017-2018
98864,0,0.5767057524488466,1,false_positive,0.0898088279308134,62.0,Male,2017-2018
98865,0,0.05767744014179577,0,true_negative,0.4292194843762374,36.0,Male,2017-2018
98868,0,0.046086494507500846,0,true_negative,0.44081043001053233,20.0,Male,2017-2018
98869,0,0.8275383870475804,1,false_positive,0.34064146252954725,75.0,Male,2017-2018
98878,0,0.07748537708305403,0,true_negative,0.40941154743497915,42.0,Female,2017-2018
98898,0,0.8457425598877449,1,false_positive,0.35884563536971176,80.0,Male,2017-2018
98903,0,0.47735687253916115,0,true_negative,0.009540051978872033,73.0,Female,2017-2018
98909,0,0.6241749490415174,1,false_positive,0.1372780245234842,68.0,Male,2017-2018
98918,0,0.024660393281064615,0,true_negative,0.46223653123696856,24.0,Male,2017-2018
98921,0,0.027625221036842087,0,true_negative,0.4592717034811911,26.0,Female,2017-2018
98928,0,0.7640147357593002,1,false_positive,0.27711781124126705,64.0,Male,2017-2018
98929,0,0.6424036036804569,1,false_positive,0.15550667916242372,62.0,Male,2017-2018
98940,0,0.30986576861371695,0,true_negative,0.17703115590431623,64.0,Female,2017-2018
98945,0,0.3704550013037865,0,true_negative,0.11644192321424668,43.0,Male,2017-2018
98952,0,0.009794005692085427,0,true_negative,0.47710291882594774,24.0,Male,2017-2018
98958,0,0.03527828063122377,0,true_negative,0.4516186438868094,23.0,Female,2017-2018
98961,0,0.31813347321240576,0,true_negative,0.16876345130562742,77.0,Female,2017-2018
98971,0,0.03096662764731557,0,true_negative,0.4559302968707176,28.0,Female,2017-2018
98977,0,0.5230681122022359,1,false_positive,0.036171187684202744,67.0,Female,2017-2018
98989,0,0.9310259876551853,1,false_positive,0.4441290631371521,76.0,Female,2017-2018
98996,0,0.7682175889687238,1,false_positive,0.28132066445069065,69.0,Female,2017-2018
99002,1,0.9716497513900302,1,true_positive,0.484752826871997,73.0,Male,2017-2018
99005,0,0.029822401051398193,0,true_negative,0.45707452346663496,26.0,Female,2017-2018
99007,0,0.2107849141707365,0,true_negative,0.2761120103472967,26.0,Male,2017-2018
99009,0,0.06008042578905876,0,true_negative,0.4268164987289744,38.0,Female,2017-2018
99024,0,0.09030164985262948,0,true_negative,0.3965952746654037,38.0,Female,2017-2018
99056,0,0.69662519135912,1,false_positive,0.20972826684108686,80.0,Female,2017-2018
99060,1,0.6182560762228375,1,true_positive,0.13135915170480433,55.0,Male,2017-2018
99062,0,0.024087042344360085,0,true_negative,0.4628098821736731,29.0,Female,2017-2018
99067,0,0.14763834738354903,0,true_negative,0.33925857713448415,39.0,Male,2017-2018
99070,0,0.5302778674187338,1,false_positive,0.04338094290070066,70.0,Male,2017-2018
99089,0,0.020439687081715684,0,true_negative,0.4664572374363175,25.0,Female,2017-2018
99098,0,0.03916292477309133,0,true_negative,0.4477339997449419,39.0,Female,2017-2018
99100,0,0.9521481446933905,1,false_positive,0.4652512201753573,75.0,Male,2017-2018
99121,0,0.045796700414732286,0,true_negative,0.4411002241033009,20.0,Female,2017-2018
99133,0,0.9648889229988339,1,false_positive,0.4779919984808007,74.0,Male,2017-2018
99134,0,0.5168967859323836,1,false_positive,0.02999986141435046,71.0,Male,2017-2018
99144,0,0.5740743351662194,1,false_positive,0.08717741064818624,78.0,Female,2017-2018
99155,0,0.06196087574251373,0,true_negative,0.42493604877551944,28.0,Male,2017-2018
99168,0,0.031404691306811484,0,true_negative,0.4554922332112217,40.0,Female,2017-2018
99169,0,0.2931833864715886,0,true_negative,0.1937135380464446,60.0,Male,2017-2018
99183,1,0.4681270050487192,0,false_negative,0.018769919469314,68.0,Male,2017-2018
99209,0,0.6577981390015551,1,false_positive,0.17090121448352197,80.0,Female,2017-2018
99212,0,0.0743322638679534,0,true_negative,0.4125646606500798,33.0,Male,2017-2018
99231,0,0.05244601092977896,0,true_negative,0.4344509135882542,37.0,Female,2017-2018
99232,0,0.009177432991828258,0,true_negative,0.4777194915262049,30.0,Male,2017-2018
99234,0,0.18949135026554903,0,true_negative,0.29740557425248415,33.0,Male,2017-2018
99247,0,0.09036241767238787,0,true_negative,0.3965345068456453,23.0,Male,2017-2018
99270,0,0.55837226117788,1,false_positive,0.07147533665984679,62.0,Female,2017-2018
99271,0,0.06139194378297564,0,true_negative,0.42550498073505755,56.0,Female,2017-2018
99274,0,0.6275860574003147,1,false_positive,0.14068913288228152,53.0,Female,2017-2018
99284,0,0.13769472617127185,0,true_negative,0.34920219834676136,37.0,Male,2017-2018
99293,0,0.538636237524099,1,false_positive,0.05173931300606577,75.0,Male,2017-2018
99299,1,0.49656960712793313,1,true_positive,0.009672682609899952,62.0,Female,2017-2018
99300,0,0.09245939359442965,0,true_negative,0.39443753092360356,44.0,Female,2017-2018
99303,0,0.30429695328238654,0,true_negative,0.18259997123564664,68.0,Female,2017-2018
99309,0,0.7975216715681082,1,false_positive,0.310624747050075,80.0,Female,2017-2018
99318,0,0.020332630659911262,0,true_negative,0.4665642938581219,28.0,Female,2017-2018
99330,0,0.13162652888006188,0,true_negative,0.3552703956379713,35.0,Male,2017-2018
99349,0,0.11257305950029763,0,true_negative,0.37432386501773557,37.0,Male,2017-2018
99353,0,0.020854342966127603,0,true_negative,0.4660425815519056,30.0,Female,2017-2018
99388,0,0.12800846729647053,0,true_negative,0.35888845722156265,55.0,Female,2017-2018
99389,0,0.28283580532923835,0,true_negative,0.20406111918879483,59.0,Female,2017-2018
99390,0,0.09577238519450108,0,true_negative,0.3911245393235321,41.0,Female,2017-2018
99402,0,0.4733515659377614,0,true_negative,0.013545358580271782,60.0,Male,2017-2018
99410,0,0.7512943550043889,1,false_positive,0.2643974304863557,52.0,Female,2017-2018
99412,0,0.698615419175178,1,false_positive,0.21171849465714482,70.0,Male,2017-2018
99415,0,0.038252327564149924,0,true_negative,0.44864459695388326,73.0,Female,2017-2018
99422,0,0.45792236800825115,0,true_negative,0.028974556509782035,57.0,Male,2017-2018
99434,0,0.056703472441368,0,true_negative,0.43019345207666515,34.0,Male,2017-2018
99438,0,0.08965415846284686,0,true_negative,0.3972427660551863,41.0,Female,2017-2018
99442,0,0.09566574776869487,0,true_negative,0.3912311767493383,35.0,Female,2017-2018
99443,0,0.6497810596421881,1,false_positive,0.16288413512415495,57.0,Male,2017-2018
99460,0,0.07899940034104785,0,true_negative,0.4078975241769853,30.0,Male,2017-2018
99464,0,0.3876794909186546,0,true_negative,0.09921743359937857,48.0,Male,2017-2018
99470,0,0.12756219716293224,0,true_negative,0.35933472735510097,56.0,Female,2017-2018
99481,0,0.05440243100657463,0,true_negative,0.4324944935114585,32.0,Female,2017-2018
99483,0,0.6064585214926692,1,false_positive,0.11956159697463603,74.0,Male,2017-2018
99484,0,0.7233540092872006,1,false_positive,0.23645708476916744,51.0,Female,2017-2018
99486,0,0.4272340494689872,0,true_negative,0.059662875049045994,62.0,Male,2017-2018
99498,0,0.13584335147227414,0,true_negative,0.351053573045759,32.0,Male,2017-2018
99506,0,0.8364986329429125,1,false_positive,0.3496017084248793,69.0,Male,2017-2018
99509,0,0.6832934079752864,1,false_positive,0.1963964834572532,73.0,Female,2017-2018
99513,0,0.08447803632838154,0,true_negative,0.40241888818965166,36.0,Female,2017-2018
99514,0,0.44317726144016917,0,true_negative,0.04371966307786401,73.0,Male,2017-2018
99519,0,0.3243272483723702,0,true_negative,0.16256967614566298,65.0,Female,2017-2018
99531,0,0.3417386112553154,0,true_negative,0.14515831326271778,55.0,Female,2017-2018
99539,0,0.014058804780839033,0,true_negative,0.47283811973719414,22.0,Male,2017-2018
99541,0,0.06413698649826738,0,true_negative,0.4227599380197658,43.0,Male,2017-2018
99554,1,0.9089957045323193,1,true_positive,0.4220987800142861,72.0,Male,2017-2018
99564,0,0.06898958891413708,0,true_negative,0.4179073356038961,76.0,Female,2017-2018
99568,0,0.08237645858232445,0,true_negative,0.40452046593570873,52.0,Female,2017-2018
99580,1,0.7464594291156978,1,true_positive,0.25956250459766467,66.0,Male,2017-2018
99583,0,0.01846502837959025,0,true_negative,0.46843189613844294,23.0,Female,2017-2018
99604,0,0.7581032854524278,1,false_positive,0.2712063609343946,80.0,Male,2017-2018
99605,0,0.5563616689080614,1,false_positive,0.0694647443900282,46.0,Male,2017-2018
99609,0,0.11947385433613576,0,true_negative,0.3674230701818974,46.0,Male,2017-2018
99621,0,0.4888750820508082,1,false_positive,0.0019781575327750267,63.0,Male,2017-2018
99631,0,0.20197499834797109,0,true_negative,0.28492192617006207,40.0,Male,2017-2018
99633,0,0.3457536540947928,0,true_negative,0.14114327042324037,60.0,Male,2017-2018
99636,0,0.16249303037920484,0,true_negative,0.3244038941388283,53.0,Female,2017-2018
99637,0,0.027980194428982103,0,true_negative,0.4589167300890511,30.0,Male,2017-2018
99655,0,0.11954011639956903,0,true_negative,0.36735680811846416,38.0,Male,2017-2018
99661,0,0.07800094705132542,0,true_negative,0.40889597746670775,48.0,Female,2017-2018
99662,0,0.52924691360631,1,false_positive,0.04234998908827686,65.0,Female,2017-2018
99683,0,0.6381281791683955,1,false_positive,0.1512312546503623,80.0,Female,2017-2018
99689,0,0.0979747473430453,0,true_negative,0.3889221771749879,28.0,Male,2017-2018
99695,0,0.060899675380893525,0,true_negative,0.42599724913713966,37.0,Female,2017-2018
99702,0,0.3991425565926003,0,true_negative,0.0877543679254329,65.0,Male,2017-2018
99703,0,0.6765289973982553,1,false_positive,0.18963207288022216,80.0,Female,2017-2018
99709,0,0.05318552667461972,0,true_negative,0.43371139784341345,26.0,Male,2017-2018
99736,0,0.26567790596487806,0,true_negative,0.22121901855315512,62.0,Male,2017-2018
99742,0,0.9673205654267758,1,false_positive,0.4804236409087426,79.0,Male,2017-2018
99747,1,0.8626017173362381,1,true_positive,0.37570479281820496,80.0,Female,2017-2018
99749,0,0.023211873056486306,0,true_negative,0.46368505146154687,33.0,Female,2017-2018
99754,0,0.12063375047877824,0,true_negative,0.36626317403925496,36.0,Male,2017-2018
99759,0,0.3117389438063814,0,true_negative,0.17515798071165178,50.0,Male,2017-2018
99772,0,0.08537174118735359,0,true_negative,0.4015251833306796,43.0,Female,2017-2018
99790,0,0.037563828570133684,0,true_negative,0.4493330959478995,24.0,Male,2017-2018
99793,0,0.030564410666364342,0,true_negative,0.45633251385166884,26.0,Female,2017-2018
99811,0,0.08368734322508796,0,true_negative,0.4032095812929452,48.0,Female,2017-2018
99813,0,0.2136383461558235,0,true_negative,0.2732585783622097,48.0,Male,2017-2018
99817,0,0.11739482641612087,0,true_negative,0.3695020981019123,57.0,Female,2017-2018
99819,0,0.24733455340787533,0,true_negative,0.23956237111015785,50.0,Male,2017-2018
99820,1,0.9292728380368662,1,true_positive,0.44237591351883304,80.0,Male,2017-2018
99844,0,0.14715333103230166,0,true_negative,0.3397435934857315,45.0,Male,2017-2018
99854,0,0.7995567190654966,1,false_positive,0.31265979454746345,69.0,Female,2017-2018
99855,0,0.07470238137890585,0,true_negative,0.41219454313912735,34.0,Male,2017-2018
99857,0,0.01811295037348086,0,true_negative,0.4687839741445523,36.0,Female,2017-2018
99864,0,0.1724637229382681,0,true_negative,0.31443320157976506,36.0,Female,2017-2018
99884,1,0.6676870398525105,1,true_positive,0.18079011533447736,64.0,Male,2017-2018
99886,0,0.24354125251817094,0,true_negative,0.24335567199986224,63.0,Female,2017-2018
99901,0,0.03331064470036495,0,true_negative,0.45358627981766825,36.0,Female,2017-2018
99905,0,0.11326938258870735,0,true_negative,0.37362754192932585,45.0,Male,2017-2018
99913,0,0.7742135458578352,1,false_positive,0.287316621339802,74.0,Male,2017-2018
99918,0,0.077967876738376,0,true_negative,0.40892904777965716,33.0,Female,2017-2018
99922,0,0.753207894231205,1,false_positive,0.26631096971317186,63.0,Male,2017-2018
99930,0,0.288952356135262,0,true_negative,0.1979445683827712,63.0,Female,2017-2018
99949,0,0.01345362065432523,0,true_negative,0.473443303863708,21.0,Female,2017-2018
99953,0,0.6862435597253047,1,false_positive,0.19934663520727153,73.0,Male,2017-2018
99964,0,0.02495134536427341,0,true_negative,0.4619455791537598,21.0,Female,2017-2018
99974,0,0.04936456755664032,0,true_negative,0.43753235696139287,26.0,Female,2017-2018
99990,0,0.9193448492601921,1,false_positive,0.43244792474215893,80.0,Male,2017-2018
100000,0,0.02367591395990772,0,true_negative,0.4632210105581255,21.0,Female,2017-2018
100004,0,0.3171280436046927,0,true_negative,0.16976888091334047,65.0,Female,2017-2018
100010,0,0.8173758197043535,1,false_positive,0.3304788951863203,80.0,Male,2017-2018
100015,0,0.23062140349375743,0,true_negative,0.25627552102427575,27.0,Male,2017-2018
100018,0,0.059845795906476734,0,true_negative,0.4270511286115565,22.0,Male,2017-2018
100032,0,0.017603066759446173,0,true_negative,0.469293857758587,27.0,Female,2017-2018
100041,0,0.2716357846092684,0,true_negative,0.21526113990876478,47.0,Male,2017-2018
100061,0,0.1407926895890908,0,true_negative,0.3461042349289424,55.0,Female,2017-2018
100068,0,0.05181364357854545,0,true_negative,0.4350832809394877,22.0,Female,2017-2018
100077,0,0.03997435879175977,0,true_negative,0.4469225657262734,32.0,Female,2017-2018
100089,0,0.024813447327013523,0,true_negative,0.46208347719101966,24.0,Female,2017-2018
100094,0,0.4886709528391652,1,false_positive,0.001774028321131993,66.0,Female,2017-2018
100103,0,0.2934201712034192,0,true_negative,0.193476753314614,61.0,Male,2017-2018
100105,0,0.4149011192379873,0,true_negative,0.0719958052800459,50.0,Female,2017-2018
100118,1,0.9001962767895514,1,true_positive,0.4132993522715182,78.0,Male,2017-2018
100119,0,0.2867357077637258,0,true_negative,0.20016121675430737,47.0,Female,2017-2018
100127,0,0.2652963616626643,0,true_negative,0.2216005628553689,55.0,Male,2017-2018
100142,1,0.8616105818398034,1,true_positive,0.37471365732177025,72.0,Male,2017-2018
100145,0,0.10071624747674635,0,true_negative,0.38618067704128684,45.0,Female,2017-2018
100160,0,0.08311285623287978,0,true_negative,0.4037840682851534,26.0,Female,2017-2018
100181,0,0.04617613106623147,0,true_negative,0.4407207934518017,37.0,Female,2017-2018
100186,0,0.0476320263842074,0,true_negative,0.4392648981338258,32.0,Male,2017-2018
100190,0,0.12266045022676351,0,true_negative,0.36423647429126965,32.0,Female,2017-2018
100191,0,0.07335718548498074,0,true_negative,0.4135397390330524,42.0,Female,2017-2018
100211,0,0.162511993547565,0,true_negative,0.32438493097046817,41.0,Female,2017-2018
100216,0,0.02486650406333861,0,true_negative,0.46203042045469456,42.0,Female,2017-2018
100221,0,0.04089222336881055,0,true_negative,0.44600470114922264,30.0,Female,2017-2018
100222,1,0.9229218073355443,1,true_positive,0.4360248828175111,65.0,Female,2017-2018
100229,0,0.7114127871230446,1,false_positive,0.22451586260501138,59.0,Male,2017-2018
100236,0,0.5291054820708144,1,false_positive,0.042208557552781245,61.0,Male,2017-2018
100241,0,0.0322601940872899,0,true_negative,0.45463673043074326,36.0,Female,2017-2018
100243,0,0.9958236152262919,1,false_positive,0.5089266907082588,70.0,Male,2017-2018
100247,0,0.41120917139152313,0,true_negative,0.07568775312651005,61.0,Female,2017-2018
100257,0,0.1855504870036495,0,true_negative,0.30134643751438367,55.0,Female,2017-2018
100261,0,0.5687463037789535,1,false_positive,0.08184937926092034,80.0,Female,2017-2018
100266,0,0.09246663967570352,0,true_negative,0.39443028484232967,40.0,Female,2017-2018
100272,0,0.05145591225421814,0,true_negative,0.43544101226381504,35.0,Male,2017-2018
100273,0,0.6954250333308232,1,false_positive,0.20852810881279,71.0,Male,2017-2018
100299,0,0.012198282805409516,0,true_negative,0.47469864171262366,27.0,Female,2017-2018
100305,0,0.5549710663814605,1,false_positive,0.06807414186342736,48.0,Male,2017-2018
100309,0,0.8524538320409335,1,false_positive,0.3655569075229003,80.0,Female,2017-2018
100318,0,0.23861919986096639,0,true_negative,0.2482777246570668,41.0,Male,2017-2018
100333,0,0.03660427053441742,0,true_negative,0.45029265398361573,29.0,Male,2017-2018
100338,0,0.3338031538075173,0,true_negative,0.1530937707105159,45.0,Male,2017-2018
100346,0,0.7226136721747479,1,false_positive,0.23571674765671474,79.0,Female,2017-2018
100353,0,0.3310833336331602,0,true_negative,0.15581359088487295,59.0,Male,2017-2018
100378,0,0.20209280216029107,0,true_negative,0.2848041223577421,44.0,Female,2017-2018
100393,0,0.26257775567246916,0,true_negative,0.22431916884556402,52.0,Male,2017-2018
100399,0,0.6793075058944195,1,false_positive,0.19241058137638628,74.0,Female,2017-2018
100407,0,0.6773314319028618,1,false_positive,0.19043450738482864,55.0,Male,2017-2018
100414,1,0.8937176168919957,1,true_positive,0.4068206923739625,80.0,Male,2017-2018
100418,0,0.051675823762323214,0,true_negative,0.43522110075570997,31.0,Male,2017-2018
100419,0,0.26715081433807936,0,true_negative,0.21974611017995382,40.0,Male,2017-2018
100420,0,0.05943410891910309,0,true_negative,0.42746281559893007,34.0,Male,2017-2018
100422,0,0.5914452426690531,1,false_positive,0.10454831815101989,66.0,Male,2017-2018
100427,0,0.008904425648470288,0,true_negative,0.4779924988695629,38.0,Female,2017-2018
100447,1,0.5428764007919837,1,true_positive,0.05597947627395056,50.0,Male,2017-2018
100464,0,0.1378781742064144,0,true_negative,0.3490187503116188,32.0,Male,2017-2018
100474,0,0.6823780687923786,1,false_positive,0.19548114427434543,67.0,Female,2017-2018
100476,0,0.05037711731641937,0,true_negative,0.4365198072016138,38.0,Female,2017-2018
100484,0,0.4897169493950853,1,false_positive,0.0028200248770521297,55.0,Female,2017-2018
100499,0,0.578903735572577,1,false_positive,0.09200681105454384,52.0,Female,2017-2018
100501,0,0.7865599153297473,1,false_positive,0.29966299081171416,72.0,Male,2017-2018
100505,0,0.1765116015517148,0,true_negative,0.3103853229663184,57.0,Female,2017-2018
100513,0,0.27354200887355984,0,true_negative,0.21335491564447334,56.0,Male,2017-2018
100540,0,0.07833987397219704,0,true_negative,0.40855705054583613,35.0,Female,2017-2018
100549,0,0.7062752680377332,1,false_positive,0.21937834351970004,76.0,Female,2017-2018
100571,0,0.038023728790456686,0,true_negative,0.4488731957275765,30.0,Male,2017-2018
100579,0,0.15847419811745755,0,true_negative,0.3284227264005756,59.0,Male,2017-2018
100580,1,0.8529220692315738,1,true_positive,0.3660251447135406,65.0,Male,2017-2018
100582,0,0.23032908078454767,0,true_negative,0.2565678437334855,54.0,Male,2017-2018
100586,0,0.9862403894544178,1,false_positive,0.49934346493638465,80.0,Male,2017-2018
100599,0,0.13919185873555032,0,true_negative,0.34770506578248284,54.0,Male,2017-2018
100623,0,0.036386868636296185,0,true_negative,0.450510055881737,36.0,Female,2017-2018
100632,0,0.11216344716661089,0,true_negative,0.37473347735142226,39.0,Male,2017-2018
100634,0,0.10757248520596298,0,true_negative,0.3793244393120702,38.0,Male,2017-2018
100638,0,0.2136849239228089,0,true_negative,0.27321200059522427,42.0,Male,2017-2018
100641,0,0.01863893702309834,0,true_negative,0.46825798749493486,24.0,Female,2017-2018
100642,0,0.6500268128605086,1,false_positive,0.16312988834247538,65.0,Male,2017-2018
100657,0,0.4432958876669523,0,true_negative,0.043601036851080854,57.0,Female,2017-2018
100673,0,0.021248008547296006,0,true_negative,0.46564891597073715,35.0,Female,2017-2018
100674,0,0.7414141295870534,1,false_positive,0.25451720506902026,80.0,Male,2017-2018
100689,0,0.014950022317395433,0,true_negative,0.47194690220063773,21.0,Male,2017-2018
100696,1,0.6761839491946869,1,true_positive,0.18928702467665376,70.0,Male,2017-2018
100697,0,0.17035789970254223,0,true_negative,0.31653902481549095,32.0,Male,2017-2018
100705,1,0.32033891437665224,0,false_negative,0.16655801014138094,56.0,Female,2017-2018
100728,0,0.6020607040222131,1,false_positive,0.11516377950417994,68.0,Female,2017-2018
100730,0,0.11913470351505603,0,true_negative,0.3677622210029772,44.0,Female,2017-2018
100732,0,0.0804932298634183,0,true_negative,0.4064036946546149,35.0,Male,2017-2018
100735,0,0.7343253210264352,1,false_positive,0.24742839650840204,76.0,Female,2017-2018
100740,0,0.029073386881745638,0,true_negative,0.4578235376362875,20.0,Male,2017-2018
100743,0,0.03477466584999494,0,true_negative,0.45212225866803823,52.0,Female,2017-2018
100760,0,0.1884315690763237,0,true_negative,0.2984653554417095,63.0,Female,2017-2018
100775,0,0.06770170892787213,0,true_negative,0.41919521559016104,21.0,Female,2017-2018
100787,0,0.6605997618813673,1,false_positive,0.17370283736333408,72.0,Male,2017-2018
100801,0,0.11909032360206882,0,true_negative,0.36780660091596434,34.0,Male,2017-2018
100817,0,0.1421551546045829,0,true_negative,0.3447417699134503,60.0,Female,2017-2018
100818,0,0.06309838180022756,0,true_negative,0.4237985427178056,27.0,Female,2017-2018
100821,0,0.5854700321503027,1,false_positive,0.09857310763226951,68.0,Female,2017-2018
100825,0,0.0744307067708408,0,true_negative,0.4124662177471924,37.0,Female,2017-2018
100831,0,0.3900183669139229,0,true_negative,0.0968785576041103,74.0,Female,2017-2018
100834,0,0.8917627436580773,1,false_positive,0.4048658191400441,80.0,Male,2017-2018
100843,0,0.3395280889904965,0,true_negative,0.14736883552753666,33.0,Male,2017-2018
100846,0,0.04774161626331092,0,true_negative,0.43915530825472227,29.0,Male,2017-2018
100872,0,0.7668638402885672,1,false_positive,0.27996691577053406,71.0,Female,2017-2018
100874,0,0.15242034359146112,0,true_negative,0.33447658092657206,55.0,Male,2017-2018
100880,0,0.5506225766954765,1,false_positive,0.06372565217744336,46.0,Male,2017-2018
100881,0,0.026905824101568408,0,true_negative,0.4599911004164648,26.0,Male,2017-2018
100892,0,0.026119207165232257,0,true_negative,0.46077771735280093,23.0,Male,2017-2018
100924,0,0.07823028796594418,0,true_negative,0.408666636552089,40.0,Female,2017-2018
100928,0,0.08497938730219051,0,true_negative,0.40191753721584267,25.0,Male,2017-2018
100933,0,0.3154502063263178,0,true_negative,0.17144671819171536,65.0,Female,2017-2018
100935,0,0.052565407696834265,0,true_negative,0.4343315168211989,20.0,Male,2017-2018
100936,0,0.12440043369539534,0,true_negative,0.36249649082263785,57.0,Female,2017-2018
100941,0,0.7020618462944465,1,false_positive,0.21516492177641328,80.0,Female,2017-2018
100943,0,0.026345459450205583,0,true_negative,0.4605514650678276,42.0,Female,2017-2018
100947,0,0.12143817519905241,0,true_negative,0.36545874931898076,37.0,Female,2017-2018
100948,0,0.23956817042227166,0,true_negative,0.24732875409576152,68.0,Female,2017-2018
100950,0,0.38947986647554056,0,true_negative,0.09741705804249262,61.0,Female,2017-2018
100986,0,0.10999983399859234,0,true_negative,0.37689709051944087,50.0,Female,2017-2018
100992,0,0.013367813185107878,0,true_negative,0.4735291113329253,27.0,Male,2017-2018
100997,0,0.2732824490286291,0,true_negative,0.2136144754894041,60.0,Female,2017-2018
101001,0,0.47882453017633547,0,true_negative,0.008072394341697708,67.0,Male,2017-2018
101002,0,0.0730305865339459,0,true_negative,0.4138663379840873,37.0,Female,2017-2018
101007,0,0.19204797480910787,0,true_negative,0.2948489497089253,43.0,Female,2017-2018
101030,0,0.05359086366465523,0,true_negative,0.433306060853378,30.0,Female,2017-2018
101034,0,0.22266686134827463,0,true_negative,0.26423006316975856,46.0,Female,2017-2018
101036,0,0.5098520857085138,1,false_positive,0.022955161190480633,80.0,Female,2017-2018
101049,0,0.6140151759869442,1,false_positive,0.12711825146891104,57.0,Female,2017-2018
101051,0,0.1935181166715485,0,true_negative,0.2933788078464847,57.0,Male,2017-2018
101063,0,0.8307225862312995,1,false_positive,0.3438256617132663,80.0,Male,2017-2018
101064,0,0.12418881680746599,0,true_negative,0.36270810771056716,28.0,Male,2017-2018
101073,0,0.5127330408577283,1,false_positive,0.025836116339695125,62.0,Male,2017-2018
101076,0,0.014407104139035764,0,true_negative,0.4724898203789974,22.0,Female,2017-2018
101085,0,0.09404785692233399,0,true_negative,0.3928490675956992,31.0,Male,2017-2018
101088,1,0.8034788895056075,1,true_positive,0.31658196498757435,80.0,Female,2017-2018
101095,0,0.2052204481453218,0,true_negative,0.28167647637271137,56.0,Female,2017-2018
101099,0,0.032306292110975944,0,true_negative,0.4545906324070572,23.0,Female,2017-2018
101102,0,0.8385685438521441,1,false_positive,0.3516716193341109,80.0,Male,2017-2018
101108,0,0.31207247671744676,0,true_negative,0.17482444780058642,59.0,Female,2017-2018
101109,0,0.34941211585385185,0,true_negative,0.13748480866418133,60.0,Female,2017-2018
101111,0,0.03353181832944558,0,true_negative,0.4533651061885876,22.0,Male,2017-2018
101119,0,0.2889965807082792,0,true_negative,0.19790034380975396,48.0,Female,2017-2018
101120,0,0.7806295823812271,1,false_positive,0.29373265786319397,80.0,Female,2017-2018
101123,0,0.7760317476889919,1,false_positive,0.2891348231709587,59.0,Female,2017-2018
101141,0,0.20632042752107296,0,true_negative,0.2805764969969602,54.0,Male,2017-2018
101153,0,0.1692325066633764,0,true_negative,0.3176644178546568,42.0,Male,2017-2018
101160,0,0.026558675064176404,0,true_negative,0.46033824945385676,49.0,Female,2017-2018
101162,0,0.23344180753795765,0,true_negative,0.2534551169800755,62.0,Male,2017-2018
101166,0,0.02068429906847285,0,true_negative,0.4662126254495603,28.0,Female,2017-2018
101179,0,0.17904662488901868,0,true_negative,0.3078502996290145,62.0,Female,2017-2018
101193,0,0.6436378283249705,1,false_positive,0.15674090380693734,63.0,Male,2017-2018
101226,0,0.15221866246673238,0,true_negative,0.3346782620513008,44.0,Male,2017-2018
101227,0,0.24693131825679365,0,true_negative,0.23996560626123953,60.0,Male,2017-2018
101229,0,0.038311463629170345,0,true_negative,0.44858546088886286,38.0,Female,2017-2018
101239,0,0.507584436418843,1,false_positive,0.020687511900809807,80.0,Female,2017-2018
101241,0,0.03787288613101526,0,true_negative,0.44902403838701793,27.0,Male,2017-2018
101260,0,0.8881897743907539,1,false_positive,0.4012928498727207,80.0,Female,2017-2018
101262,0,0.026718196483706685,0,true_negative,0.46017872803432647,25.0,Male,2017-2018
101266,0,0.5349165088842426,1,false_positive,0.0480195843662094,67.0,Female,2017-2018
101274,0,0.8316019939280015,1,false_positive,0.3447050694099683,65.0,Female,2017-2018
101275,1,0.9613321011704015,1,true_positive,0.4744351766523683,80.0,Male,2017-2018
101288,0,0.31276429040872894,0,true_negative,0.17413263410930424,62.0,Female,2017-2018
101298,0,0.4629780824919864,0,true_negative,0.02391884202604677,60.0,Female,2017-2018
101300,0,0.054346391691887534,0,true_negative,0.43255053282614564,35.0,Female,2017-2018
101312,0,0.8347783302987661,1,false_positive,0.34788140578073296,80.0,Female,2017-2018
101313,0,0.03345716701369509,0,true_negative,0.45343975750433807,42.0,Female,2017-2018
101319,0,0.11412589154520152,0,true_negative,0.37277103297283165,34.0,Male,2017-2018
101322,0,0.6599718063480077,1,false_positive,0.1730748818299745,57.0,Male,2017-2018
101323,0,0.8048859114731326,1,false_positive,0.3179889869550994,74.0,Female,2017-2018
101330,0,0.010291707610952846,0,true_negative,0.47660521690708035,22.0,Female,2017-2018
101356,0,0.08886670562116944,0,true_negative,0.39803021889686374,54.0,Female,2017-2018
101359,0,0.09023308768562742,0,true_negative,0.39666383683240575,52.0,Female,2017-2018
101362,0,0.805368241299281,1,false_positive,0.3184713167812478,74.0,Female,2017-2018
101387,0,0.6073518416123302,1,false_positive,0.12045491709429706,73.0,Female,2017-2018
101398,1,0.9221709971560625,1,true_positive,0.43527407263802936,75.0,Male,2017-2018
101399,0,0.1658636689531464,0,true_negative,0.3210332555648868,41.0,Male,2017-2018
101401,0,0.09802697619418548,0,true_negative,0.3888699483238477,52.0,Male,2017-2018
101407,0,0.5285151794486187,1,false_positive,0.04161825493058552,65.0,Female,2017-2018
101412,0,0.05289094855157623,0,true_negative,0.43400597596645696,39.0,Female,2017-2018
101426,0,0.04603771654646713,0,true_negative,0.4408592079715661,41.0,Female,2017-2018
101430,0,0.022360704231181278,0,true_negative,0.46453622028685193,42.0,Female,2017-2018
101444,0,0.433534783475658,0,true_negative,0.05336214104237519,63.0,Male,2017-2018
101464,0,0.051242356518480914,0,true_negative,0.43565456799955227,50.0,Female,2017-2018
101468,0,0.5406108276091172,1,false_positive,0.05371390309108398,65.0,Male,2017-2018
101478,0,0.5845174066533796,1,false_positive,0.09762048213534641,60.0,Male,2017-2018
101484,0,0.15943137005037822,0,true_negative,0.32746555446765496,49.0,Male,2017-2018
101486,0,0.33704862446186773,0,true_negative,0.14984830005616545,60.0,Female,2017-2018
101489,0,0.14422311834478685,0,true_negative,0.34267380617324633,51.0,Female,2017-2018
101498,0,0.9216342536257813,1,false_positive,0.43473732910774815,71.0,Male,2017-2018
101505,0,0.4095943221155083,0,true_negative,0.0773026024025249,62.0,Female,2017-2018
101520,0,0.06701414215250455,0,true_negative,0.4198827823655286,52.0,Male,2017-2018
101535,1,0.9464265825500822,1,true_positive,0.459529658032049,80.0,Male,2017-2018
101541,0,0.6733838097713912,1,false_positive,0.18648688525335805,63.0,Male,2017-2018
101544,0,0.09202004064769659,0,true_negative,0.3948768838703366,44.0,Female,2017-2018
101550,0,0.36788300569491067,0,true_negative,0.11901391882312251,53.0,Male,2017-2018
101551,0,0.14897152503151867,0,true_negative,0.3379253994865145,35.0,Female,2017-2018
101571,0,0.6524241033282676,1,false_positive,0.16552717881023443,71.0,Male,2017-2018
101577,0,0.1353980015763884,0,true_negative,0.35149892294164475,52.0,Female,2017-2018
101578,0,0.16399307837068333,0,true_negative,0.32290384614734985,55.0,Female,2017-2018
101579,0,0.8437362708275632,1,false_positive,0.35683934630953,70.0,Male,2017-2018
101581,0,0.21844911853281104,0,true_negative,0.2684478059852221,62.0,Male,2017-2018
101593,0,0.11532843704713314,0,true_negative,0.37156848747090004,49.0,Female,2017-2018
101608,0,0.4668771798971988,0,true_negative,0.02001974462083439,62.0,Male,2017-2018
101631,0,0.40217233594601115,0,true_negative,0.08472458857202203,73.0,Female,2017-2018
101661,0,0.2369948728285878,0,true_negative,0.24990205168944538,61.0,Female,2017-2018
101668,0,0.12404645377132488,0,true_negative,0.3628504707467083,38.0,Male,2017-2018
101669,0,0.18413155119661975,0,true_negative,0.3027653733214134,28.0,Female,2017-2018
101676,0,0.14125996371997754,0,true_negative,0.3456369607980556,55.0,Male,2017-2018
101679,0,0.8185138756832233,1,false_positive,0.33161695116519013,62.0,Female,2017-2018
101689,1,0.8825255412103924,1,true_positive,0.3956286166923592,80.0,Male,2017-2018
101693,0,0.049009076913538924,0,true_negative,0.4378878476044943,28.0,Female,2017-2018
101700,0,0.7253769073362849,1,false_positive,0.23847998281825172,80.0,Female,2017-2018
101705,0,0.21179268891704034,0,true_negative,0.27510423560099284,60.0,Female,2017-2018
101709,0,0.019249729665900776,0,true_negative,0.4676471948521324,23.0,Female,2017-2018
101710,0,0.7034709276741978,1,false_positive,0.21657400315616465,80.0,Female,2017-2018
101732,0,0.08046137242087145,0,true_negative,0.40643555209716176,39.0,Male,2017-2018
101737,0,0.6895306453622099,1,false_positive,0.2026337208441767,57.0,Male,2017-2018
101744,0,0.03405684572739501,0,true_negative,0.45284007879063815,25.0,Male,2017-2018
101758,0,0.11813842493298043,0,true_negative,0.36875849958505275,37.0,Male,2017-2018
101762,0,0.8146945524796271,1,false_positive,0.3277976279615939,80.0,Female,2017-2018
101763,1,0.41716643733393,0,false_negative,0.06973048718410318,54.0,Female,2017-2018
101766,0,0.33109815471849807,0,true_negative,0.1557987697995351,55.0,Female,2017-2018
101772,0,0.5547315921163871,1,false_positive,0.06783466759835394,77.0,Male,2017-2018
101777,0,0.3152064600217876,0,true_negative,0.1716904644962456,64.0,Male,2017-2018
101783,0,0.8345533494399645,1,false_positive,0.34765642492193133,51.0,Male,2017-2018
101793,0,0.22331046483732614,0,true_negative,0.26358645968070704,57.0,Male,2017-2018
101794,0,0.8846766954572469,1,false_positive,0.39777977093921374,63.0,Male,2017-2018
101821,0,0.11693313590460076,0,true_negative,0.36996378861343243,53.0,Female,2017-2018
101828,0,0.0457205171960151,0,true_negative,0.44117640732201807,32.0,Female,2017-2018
101829,0,0.6079575842310551,1,false_positive,0.12106065971302188,63.0,Male,2017-2018
101842,0,0.027225468374374742,0,true_negative,0.45967145614365845,30.0,Female,2017-2018
101843,0,0.46879452025606005,0,true_negative,0.018102404261973126,77.0,Female,2017-2018
101853,0,0.022123689842255514,0,true_negative,0.4647732346757777,30.0,Male,2017-2018
101861,0,0.1940347996960571,0,true_negative,0.29286212482197604,49.0,Female,2017-2018
101870,0,0.5334453825463196,1,false_positive,0.04654845802828639,66.0,Female,2017-2018
101874,0,0.33961112530556226,0,true_negative,0.14728579921247092,63.0,Female,2017-2018
101888,0,0.7751334762973165,1,false_positive,0.28823655177928337,60.0,Male,2017-2018
101893,0,0.03426097796782095,0,true_negative,0.4526359465502122,23.0,Male,2017-2018
101894,0,0.020875354341389197,0,true_negative,0.466021570176644,46.0,Female,2017-2018
101896,0,0.058898025983224786,0,true_negative,0.4279988985348084,28.0,Female,2017-2018
101911,0,0.00975785578387515,0,true_negative,0.477139068734158,22.0,Female,2017-2018
101919,0,0.0660622922978624,0,true_negative,0.4208346322201708,33.0,Male,2017-2018
101924,1,0.7669982701621918,1,true_positive,0.2801013456441586,77.0,Male,2017-2018
101928,0,0.05146137077969194,0,true_negative,0.43543555373834125,42.0,Female,2017-2018
101937,0,0.05246473242703762,0,true_negative,0.43443219209099554,24.0,Male,2017-2018
101941,0,0.048106828512899685,0,true_negative,0.4387900960051335,44.0,Female,2017-2018
101949,0,0.9321258620521021,1,false_positive,0.44522893753406895,79.0,Male,2017-2018
101957,0,0.05134820617190542,0,true_negative,0.43554871834612774,35.0,Female,2017-2018
101976,0,0.1230202182293403,0,true_negative,0.3638767062886929,38.0,Male,2017-2018
101977,0,0.2433727525937176,0,true_negative,0.24352417192431558,45.0,Male,2017-2018
101987,0,0.3633318376591789,0,true_negative,0.12356508685885426,66.0,Male,2017-2018
101989,0,0.7350763790289547,1,false_positive,0.24817945451092155,80.0,Male,2017-2018
101995,0,0.37715290138036567,0,true_negative,0.10974402313766751,59.0,Male,2017-2018
102000,0,0.22457334205797408,0,true_negative,0.2623235824600591,63.0,Female,2017-2018
102007,0,0.5273365967866577,1,false_positive,0.040439672268624494,55.0,Female,2017-2018
102021,0,0.542405392660831,1,false_positive,0.05550846814279781,65.0,Female,2017-2018
102039,0,0.0430020018067398,0,true_negative,0.4438949227112934,22.0,Male,2017-2018
102041,0,0.1827969458392385,0,true_negative,0.3040999786787947,42.0,Male,2017-2018
102046,0,0.04255652781107327,0,true_negative,0.4443403967069599,32.0,Female,2017-2018
102048,0,0.7211678027402519,1,false_positive,0.23427087822221876,78.0,Female,2017-2018
102052,0,0.8720767576494192,1,false_positive,0.385179833131386,80.0,Female,2017-2018
102067,0,0.6798566251420545,1,false_positive,0.1929597006240213,55.0,Male,2017-2018
102072,0,0.27302549578988233,0,true_negative,0.21387142872815085,50.0,Female,2017-2018
102074,0,0.030909281954002065,0,true_negative,0.4559876425640311,35.0,Female,2017-2018
102079,0,0.14336165840412657,0,true_negative,0.3435352661139066,60.0,Female,2017-2018
102088,0,0.07572435807997085,0,true_negative,0.4111725664380623,29.0,Female,2017-2018
102093,0,0.014963647231430234,0,true_negative,0.47193327728660295,21.0,Female,2017-2018
102106,0,0.47017715418139316,0,true_negative,0.016719770336640016,64.0,Male,2017-2018
102128,0,0.03254761081443666,0,true_negative,0.45434931370359655,21.0,Male,2017-2018
102129,0,0.015690844375936878,0,true_negative,0.4712060801420963,34.0,Male,2017-2018
102132,0,0.12194550440753521,0,true_negative,0.36495142011049797,39.0,Female,2017-2018
102147,0,0.21570423140890344,0,true_negative,0.27119269310912975,55.0,Female,2017-2018
102160,0,0.023096661670936734,0,true_negative,0.46380026284709647,31.0,Female,2017-2018
102163,0,0.04543201047225032,0,true_negative,0.44146491404578286,23.0,Male,2017-2018
102177,0,0.7098287572633274,1,false_positive,0.2229318327452942,80.0,Male,2017-2018
102178,0,0.5906742572029124,1,false_positive,0.10377733268487926,61.0,Female,2017-2018
102183,0,0.8614127287554338,1,false_positive,0.37451580423740066,68.0,Male,2017-2018
102185,0,0.08031025339667867,0,true_negative,0.4065866711213545,45.0,Male,2017-2018
102194,0,0.04377179344765868,0,true_negative,0.4431251310703745,36.0,Female,2017-2018
102204,0,0.1713461950511615,0,true_negative,0.3155507294668717,49.0,Female,2017-2018
102207,0,0.04520841363597756,0,true_negative,0.44168851088205563,42.0,Male,2017-2018
102212,0,0.06124204448513889,0,true_negative,0.4256548800328943,31.0,Female,2017-2018
102219,0,0.20253485702026036,0,true_negative,0.2843620674977728,54.0,Male,2017-2018
102226,0,0.07725456344434252,0,true_negative,0.4096423610736907,26.0,Male,2017-2018
102234,0,0.2629822751081453,0,true_negative,0.22391464940988787,41.0,Male,2017-2018
102240,0,0.583434890672475,1,false_positive,0.09653796615444182,60.0,Male,2017-2018
102241,0,0.3567611829855218,0,true_negative,0.1301357415325114,80.0,Female,2017-2018
102250,0,0.05536230893647406,0,true_negative,0.43153461558155914,34.0,Male,2017-2018
102256,0,0.13970329094706374,0,true_negative,0.34719363357096944,40.0,Male,2017-2018
102263,0,0.9187025843799661,1,false_positive,0.4318056598619329,79.0,Male,2017-2018
102271,1,0.8772240212366376,1,true_positive,0.3903270967186044,79.0,Male,2017-2018
102278,0,0.04724472411070536,0,true_negative,0.43965220040732783,36.0,Female,2017-2018
102311,0,0.08494836018168503,0,true_negative,0.4019485643363482,33.0,Male,2017-2018
102321,0,0.27448504161720555,0,true_negative,0.21241188290082763,56.0,Male,2017-2018
102322,0,0.19315098308401799,0,true_negative,0.2937459414340152,45.0,Male,2017-2018
102334,0,0.07017685920616797,0,true_negative,0.41672006531186523,25.0,Male,2017-2018
102337,0,0.7506962324671207,1,false_positive,0.2637993079490875,68.0,Male,2017-2018
102341,0,0.05650899637201404,0,true_negative,0.4303879281460191,39.0,Female,2017-2018
102345,0,0.023661997188313886,0,true_negative,0.46323492732971927,39.0,Female,2017-2018
102346,0,0.5868908349890108,1,false_positive,0.09999391047097766,37.0,Female,2017-2018
102349,0,0.2658997085809973,0,true_negative,0.22099721593703586,67.0,Female,2017-2018
102355,0,0.22470670697718204,0,true_negative,0.26219021754085114,33.0,Male,2017-2018
102356,0,0.03132329220372203,0,true_negative,0.45557363231431114,22.0,Male,2017-2018
102358,0,0.10927022585717634,0,true_negative,0.37762669866085685,31.0,Female,2017-2018
102361,0,0.06834089674462594,0,true_negative,0.4185560277734072,31.0,Male,2017-2018
102364,0,0.0457403540704065,0,true_negative,0.4411565704476267,33.0,Female,2017-2018
102368,0,0.7021115472851053,1,false_positive,0.2152146227670721,67.0,Male,2017-2018
102370,0,0.8337190538133477,1,false_positive,0.3468221292953145,80.0,Female,2017-2018
102379,0,0.6586623700148266,1,false_positive,0.17176544549679346,71.0,Female,2017-2018
102381,0,0.12927178023316807,0,true_negative,0.35762514428486514,42.0,Male,2017-2018
102382,0,0.08511708261338886,0,true_negative,0.40177984190464433,44.0,Male,2017-2018
102383,0,0.016286765016080902,0,true_negative,0.4706101595019523,26.0,Female,2017-2018
102386,0,0.029114887477525032,0,true_negative,0.4577820370405081,27.0,Female,2017-2018
102387,0,0.9580672343060741,1,false_positive,0.4711703097880409,68.0,Male,2017-2018
102396,0,0.28782287933654976,0,true_negative,0.19907404518148342,45.0,Male,2017-2018
102397,0,0.5403818288207364,1,false_positive,0.053484904302703196,73.0,Female,2017-2018
102399,0,0.6476030474302229,1,false_positive,0.16070612291218972,80.0,Male,2017-2018
102401,0,0.18820245214924955,0,true_negative,0.29869447236878366,44.0,Female,2017-2018
102405,0,0.05981303095778712,0,true_negative,0.42708389356024606,49.0,Male,2017-2018
102418,0,0.4835274755029172,0,true_negative,0.0033694490151159884,63.0,Male,2017-2018
102420,1,0.5730376861002637,1,true_positive,0.08614076158223055,70.0,Female,2017-2018
102421,0,0.1532405670982978,0,true_negative,0.33365635741973537,57.0,Female,2017-2018
102434,0,0.038778215855642444,0,true_negative,0.44811870866239073,44.0,Female,2017-2018
102450,1,0.11314536417904426,0,false_negative,0.37375156033898893,39.0,Male,2017-2018
102455,0,0.17928509186787503,0,true_negative,0.3076118326501581,66.0,Male,2017-2018
102456,0,0.029339510068122392,0,true_negative,0.45755741444991077,29.0,Female,2017-2018
102457,0,0.4384932045866658,0,true_negative,0.048403719931367384,58.0,Male,2017-2018
102469,0,0.12634345894933222,0,true_negative,0.36055346556870094,33.0,Male,2017-2018
102471,0,0.4927853166376734,1,false_positive,0.005888392119640207,62.0,Female,2017-2018
102474,0,0.20556660635083782,0,true_negative,0.28133031816719534,52.0,Female,2017-2018
102483,0,0.63475394528733,1,false_positive,0.1478570207692968,60.0,Female,2017-2018
102486,0,0.017150958029784617,0,true_negative,0.46974596648824857,21.0,Female,2017-2018
102489,0,0.5640342645730436,1,false_positive,0.07713734005501044,73.0,Male,2017-2018
102490,0,0.22681343856030325,0,true_negative,0.2600834859577299,71.0,Female,2017-2018
102492,0,0.07507664022183129,0,true_negative,0.4118202842962019,31.0,Male,2017-2018
102495,0,0.10416110424052528,0,true_negative,0.3827358202775079,33.0,Male,2017-2018
102504,0,0.6912032322052355,1,false_positive,0.20430630768720232,80.0,Female,2017-2018
102507,0,0.033848251929377675,0,true_negative,0.4530486725886555,24.0,Male,2017-2018
102512,0,0.648445914926033,1,false_positive,0.1615489904079998,59.0,Female,2017-2018
102516,0,0.19048659678137883,0,true_negative,0.2964103277366543,46.0,Male,2017-2018
102522,0,0.7320046754943241,1,false_positive,0.24510775097629095,60.0,Male,2017-2018
102526,0,0.1471685811651916,0,true_negative,0.3397283433528416,42.0,Male,2017-2018
102533,1,0.4765052433156822,0,false_negative,0.010391681202350955,55.0,Male,2017-2018
102544,1,0.9104908848867828,1,true_positive,0.4235939603687496,80.0,Male,2017-2018
102559,0,0.19159697904145956,0,true_negative,0.2952999454765736,53.0,Male,2017-2018
102562,0,0.024413711860650552,0,true_negative,0.4624832126573826,38.0,Female,2017-2018
102573,0,0.7388277105655939,1,false_positive,0.25193078604756075,54.0,Male,2017-2018
102574,0,0.7258476363644136,1,false_positive,0.23895071184638045,68.0,Male,2017-2018
102576,0,0.5139511992391147,1,false_positive,0.027054274721081517,60.0,Male,2017-2018
102579,0,0.5683591618463014,1,false_positive,0.08146223732826824,63.0,Female,2017-2018
102581,0,0.4741788617075352,0,true_negative,0.012718062810497976,50.0,Male,2017-2018
102593,0,0.043145333126696335,0,true_negative,0.44375159139133685,39.0,Male,2017-2018
102600,0,0.07978244362059991,0,true_negative,0.4071144808974333,34.0,Male,2017-2018
102616,0,0.1793549717987204,0,true_negative,0.3075419527193128,56.0,Female,2017-2018
102618,0,0.38102442767014016,0,true_negative,0.10587249684789302,70.0,Female,2017-2018
102624,0,0.6638575349224406,1,false_positive,0.17696061040440741,56.0,Male,2017-2018
102626,0,0.06370364614437603,0,true_negative,0.42319327837365717,46.0,Male,2017-2018
102631,0,0.01448668299219016,0,true_negative,0.47241024152584304,22.0,Male,2017-2018
102641,0,0.17455973845102826,0,true_negative,0.3123371860670049,34.0,Male,2017-2018
102644,0,0.2432909712782902,0,true_negative,0.243605953239743,53.0,Male,2017-2018
102649,0,0.4082080294598549,0,true_negative,0.07868889505817828,57.0,Male,2017-2018
102656,0,0.03888319891367716,0,true_negative,0.44801372560435604,36.0,Female,2017-2018
102661,0,0.43073690247016583,0,true_negative,0.05616002204786735,59.0,Female,2017-2018
102664,0,0.22242895586815767,0,true_negative,0.26446796864987554,51.0,Male,2017-2018
102667,0,0.12847407416944218,0,true_negative,0.358422850348591,50.0,Male,2017-2018
102672,0,0.014999612885817455,0,true_negative,0.4718973116322157,21.0,Female,2017-2018
102686,0,0.3049512665715638,0,true_negative,0.18194565794646939,51.0,Female,2017-2018
102706,0,0.09517975264484736,0,true_negative,0.39171717187318583,40.0,Male,2017-2018
102718,0,0.03279786953037156,0,true_negative,0.4540990549876616,20.0,Male,2017-2018
102743,0,0.34057530476461056,0,true_negative,0.14632161975342262,45.0,Male,2017-2018
102747,0,0.09364496106140154,0,true_negative,0.39325196345663166,57.0,Female,2017-2018
102750,0,0.3272375189051319,0,true_negative,0.15965940561290126,50.0,Male,2017-2018
102754,0,0.07013206042959043,0,true_negative,0.41676486408844277,50.0,Male,2017-2018
102762,0,0.06731321267239589,0,true_negative,0.4195837118456373,20.0,Male,2017-2018
102763,0,0.2116714310283578,0,true_negative,0.2752254934896754,62.0,Male,2017-2018
102785,0,0.15834764766412324,0,true_negative,0.32854927685390994,54.0,Female,2017-2018
102788,0,0.01972248966141522,0,true_negative,0.46717443485661797,42.0,Female,2017-2018
102789,0,0.3110257089458162,0,true_negative,0.17587121557221697,61.0,Male,2017-2018
102791,0,0.31127544374225874,0,true_negative,0.17562148077577444,61.0,Male,2017-2018
102793,0,0.04197598641548025,0,true_negative,0.44492093810255295,30.0,Female,2017-2018
102794,0,0.4746351148764878,0,true_negative,0.012261809641545385,67.0,Male,2017-2018
102798,0,0.7533723481947665,1,false_positive,0.2664754236767333,57.0,Female,2017-2018
102807,1,0.979012148859919,1,true_positive,0.49211522434188587,79.0,Male,2017-2018
102826,0,0.3768288433591317,0,true_negative,0.11006808115890149,58.0,Female,2017-2018
102838,0,0.29305789242845964,0,true_negative,0.19383903208957354,41.0,Male,2017-2018
102849,0,0.038292539596211005,0,true_negative,0.4486043849218222,29.0,Male,2017-2018
102851,0,0.22091904614656463,0,true_negative,0.2659778783714686,58.0,Male,2017-2018
102856,0,0.6490474648486017,1,false_positive,0.16215054033056847,80.0,Male,2017-2018
102860,0,0.6050045369474156,1,false_positive,0.11810761242938245,63.0,Male,2017-2018
102865,0,0.08645335151545062,0,true_negative,0.40044357300258254,44.0,Female,2017-2018
102869,0,0.8712714768554745,1,false_positive,0.3843745523374413,67.0,Male,2017-2018
102871,0,0.49282060329574023,1,false_positive,0.005923678777707053,80.0,Female,2017-2018
102883,0,0.8295679818568835,1,false_positive,0.34267105733885034,80.0,Male,2017-2018
102892,0,0.04559109098793061,0,true_negative,0.44130583353010255,42.0,Female,2017-2018
102901,0,0.35799751897561766,0,true_negative,0.12889940554241552,66.0,Male,2017-2018
102904,0,0.555805508260135,1,false_positive,0.06890858374210179,75.0,Female,2017-2018
102913,0,0.06000610118375541,0,true_negative,0.42689082333427775,39.0,Female,2017-2018
102917,0,0.14928514284848154,0,true_negative,0.33761178166955164,61.0,Female,2017-2018
102924,0,0.8882384461074141,1,false_positive,0.4013415215893809,75.0,Female,2017-2018
102934,0,0.23111147383825273,0,true_negative,0.2557854506797804,48.0,Male,2017-2018
102947,0,0.6325471189515058,1,false_positive,0.14565019443347266,75.0,Male,2017-2018
